SeqName,SeqNum,GroupNum,TemplateCount,TreeChildCount,L-Seq,L-RefSeq,L-OverhangSeq5,L-OverhangSeq3,L-Functional,L-CDR1_AminoAcid,L-CDR2_AminoAcid,L-CDR3_AminoAcid,L-V_GeneName,L-J_GeneName,L-CDR1_Start,L-CDR1_End,L-CDR1_Length,L-CDR2_Start,L-CDR2_End,L-CDR2_Length,L-CDR3_Start,L-CDR3_End,L-CDR3_Length,L-Length_V,L-Length_N,L-Length_J,L-SHM_V,L-SHM_N,L-SHM_J,L-V_Deletion3,L-J_Deletion5,L-V_MapNum,L-J_MapNum,L-V_Align,L-J_Align
Seq01_Grp01_IGKV4-70*01_IGKJ2*03_Len(280|0|36)_Del(2|3),1,1,1,,CAAATTGTTCTCACCCAGTCTCCAGCAATCATGTCTGCATCTCCAGGGGAGAAGGTCACCATGACCTGCAGTGCCAGCTCAAGTATAAGTTACATGCACTGGTACCAGCAGAAGCCAGGCACCTCCCCCAAAAGATGGATTTATGACACATCCAAACTGGCTTCTGGAGTCCCTGCTCGCTTCAGTGGCAGTGGGTCTGGGACCTCTTATTCTCTCACAATCAGCAGCATGGAGGCTGAAGATGCTGCCACTTATTACTGCCATCAGCGGAGTAGTTACCATACGTTCGGATCGGGGACCAAGCTGGAAATAAAAC,CAAATTGTTCTCACCCAGTCTCCAGCAATCATGTCTGCATCTCCAGGGGAGAAGGTCACCATGACCTGCAGTGCCAGCTCAAGTATAAGTTACATGCACTGGTACCAGCAGAAGCCAGGCACCTCCCCCAAAAGATGGATTTATGACACATCCAAACTGGCTTCTGGAGTCCCTGCTCGCTTCAGTGGCAGTGGGTCTGGGACCTCTTATTCTCTCACAATCAGCAGCATGGAGGCTGAAGATGCTGCCACTTATTACTGCCATCAGCGGAGTAGTTACCATACGTTCGGATCGGGGACCAAGCTGGAAATAAAAC,,,Y,SSISY,DTS,HQRSSYHT,IGKV4-70*01,IGKJ2*03,79,93,5,145,153,3,262,285,8,280,0,36,0,0,0,2,3,77,5,,
Seq02_Grp02_IGKV4-70*01_IGKJ2*03_Len(280|0|36)_Del(2|3),2,1,1,,CAAATTGTTCTCACCCAGTCTCCAGCAATCATGTCTGCATCTCTAGGGGAGAAGGTCACCATGTCCTGCAGTGCCAGCTCAAGTATAAGTTACATGCACTGGTACCAGCAGAAGCCAGGCACCCCCCCCAAAAGATGGATTTATGACACATCCAAACTGGCTTCTGGAGTCCCTGTTCGCTTCAGTGGCAGTGTGTCTGGGACCTCTTATTCTCTCACAATCAGCAGCATGGAGACTGAAGATGCTGCCACTTATTACTGCCATCAGCGGAGTAGTTACCATACGTTCGGATCGGGGACCAAGCTGGAAATAAAAC,CAAATTGTTCTCACCCAGTCTCCAGCAATCATGTCTGCATCTCCAGGGGAGAAGGTCACCATGACCTGCAGTGCCAGCTCAAGTATAAGTTACATGCACTGGTACCAGCAGAAGCCAGGCACCTCCCCCAAAAGATGGATTTATGACACATCCAAACTGGCTTCTGGAGTCCCTGCTCGCTTCAGTGGCAGTGGGTCTGGGACCTCTTATTCTCTCACAATCAGCAGCATGGAGGCTGAAGATGCTGCCACTTATTACTGCCATCAGCGGAGTAGTTACCATACGTTCGGATCGGGGACCAAGCTGGAAATAAAAC,,,Y,SSISY,DTS,HQRSSYHT,IGKV4-70*01,IGKJ2*03,79,93,5,145,153,3,262,285,8,280,0,36,6,0,0,2,3,77,5,,
Seq03_Grp03_IGKV4-70*01_IGKJ2*03_Len(280|0|36)_Del(2|3),3,1,1,,CAAATTGTTCTCACCCAGTCTCCAGCAGTCATGTCTGCATCTCTAGGGGAGAAGGTTACCATGTCCTGCAGTGCCAGCTCAAGTATAAGTTACATGCACTGGTACCAGCAGAAGCCAGGCACCCCCCCCAAAGGATGGATTTATGACACATCCAAACTGGCTTCTGGAGTCCCTGTTCGCTTCACTGGGAGTGTGTCTGGGACCTCTTATTCTCTCACAATCAGCAGCATGGAGACTGGAGATGCTGCCACTTATTACTGCCATCAGCGGAGTAGTTACCATACGTTCGGATCGGGGACCAAGCTGGAAATAAAAC,CAAATTGTTCTCACCCAGTCTCCAGCAATCATGTCTGCATCTCTAGGGGAGAAGGTCACCATGTCCTGCAGTGCCAGCTCAAGTATAAGTTACATGCACTGGTACCAGCAGAAGCCAGGCACCCCCCCCAAAAGATGGATTTATGACACATCCAAACTGGCTTCTGGAGTCCCTGTTCGCTTCAGTGGCAGTGTGTCTGGGACCTCTTATTCTCTCACAATCAGCAGCATGGAGACTGAAGATGCTGCCACTTATTACTGCCATCAGCGGAGTAGTTACCATACGTTCGGATCGGGGACCAAGCTGGAAATAAAAC,,,Y,SSISY,DTS,HQRSSYHT,IGKV4-70*01,IGKJ2*03,79,93,5,145,153,3,262,285,8,280,0,36,12,0,0,2,3,77,5,,
Seq04_Grp04_IGKV4-70*01_IGKJ2*03_Len(280|0|36)_Del(2|3),4,1,1,,CAAATTGTTCTCACCCAGTCTCCAGCAATCACGTCTGCATCTCTAGGGGAGAAGGTCACCATGTCCTGCAGTGCCAGCTCAAGTATAAGTTACATGCACTGGTACCAGCAGAAGCCAGGCACCCCCCCCAAAAGATGGATTTATGACACATCCAGACTGGCTTCTGGAGTCCCTGTTCGCTTCAGTGGCAGTGTGTCTGGGACCTCTTATTCTCTCACAGTCAGCAGGACGGAGACTGAAGATGCTGCCACTTATTACTGCCATCAGCGGAGTAGTTACCATACGTTCGGATCGGGGACCGAGCTGGAAATAAAAC,CAAATTGTTCTCACCCAGTCTCCAGCAATCATGTCTGCATCTCTAGGGGAGAAGGTCACCATGTCCTGCAGTGCCAGCTCAAGTATAAGTTACATGCACTGGTACCAGCAGAAGCCAGGCACCCCCCCCAAAAGATGGATTTATGACACATCCAAACTGGCTTCTGGAGTCCCTGTTCGCTTCAGTGGCAGTGTGTCTGGGACCTCTTATTCTCTCACAATCAGCAGCATGGAGACTGAAGATGCTGCCACTTATTACTGCCATCAGCGGAGTAGTTACCATACGTTCGGATCGGGGACCAAGCTGGAAATAAAAC,,,Y,SSISY,DTS,HQRSSYHT,IGKV4-70*01,IGKJ2*03,79,93,5,145,153,3,262,285,8,280,0,36,11,0,1,2,3,77,5,,
Seq05_Grp05_IGKV4-70*01_IGKJ2*03_Len(280|0|36)_Del(2|3),5,1,1,,CAAATTGTTCTCACCCAGTCTCCAGCAATCACGTCTGCATCTCTAGGGAAGAAGGTCACCATGTCCTGCAGTGCCAGCTCAAGTATAAGTTACATGCACTGGTACCAGCAGAAGCCAGGCACCCACCCCAAAAGATGGATTTATGACACATCCAGATTGGCTTCCGGAGTCCCTGTTCGCTTCAGTGGCAGTGTGTCTGGGACCTCTTGTTCTTTCACAGTCAGCAGGACGGAGACTGAAGATGCTGCCACTTATTACTGCCATCAGCGGAGTAGTTACCATACGTTCGGATCGGGGACCGAGCTGGAAATAAAAC,CAAATTGTTCTCACCCAGTCTCCAGCAATCACGTCTGCATCTCTAGGGGAGAAGGTCACCATGTCCTGCAGTGCCAGCTCAAGTATAAGTTACATGCACTGGTACCAGCAGAAGCCAGGCACCCCCCCCAAAAGATGGATTTATGACACATCCAGACTGGCTTCTGGAGTCCCTGTTCGCTTCAGTGGCAGTGTGTCTGGGACCTCTTATTCTCTCACAGTCAGCAGGACGGAGACTGAAGATGCTGCCACTTATTACTGCCATCAGCGGAGTAGTTACCATACGTTCGGATCGGGGACCGAGCTGGAAATAAAAC,,,Y,SSISY,DTS,HQRSSYHT,IGKV4-70*01,IGKJ2*03,79,93,5,145,153,3,262,285,8,280,0,36,17,0,1,2,3,77,5,,
Seq06_Grp06_IGKV4-70*01_IGKJ2*03_Len(280|0|36)_Del(2|3),6,1,1,,CAAATTGTTCTCACCCAGTCTCCTGCAGTCATGTCTGCATCTCTAGTGGAGAAGGGTACCATGTCCTGCAGTGCCAGCTCAGGTATAAGTTACATGCACTGGTACCAGCAGAAGCCAGGCACCCCCCCCAAAGGATGGATTTATGACACATCCAAACTGGCTTCTGGAGTCCCTGTTCGCTTCACTGGGTGTGTGTCTGGGACCTCTTATTCTCTCACAATCAGCAGCATGGAGACTGGAGATGCTGCCACTTATTACTGCCATCGGCGGAGTAGTTACCATACGTTCGGATCGGGGACCAAGCTGGAAATAAAAC,CAAATTGTTCTCACCCAGTCTCCAGCAGTCATGTCTGCATCTCTAGGGGAGAAGGTTACCATGTCCTGCAGTGCCAGCTCAAGTATAAGTTACATGCACTGGTACCAGCAGAAGCCAGGCACCCCCCCCAAAGGATGGATTTATGACACATCCAAACTGGCTTCTGGAGTCCCTGTTCGCTTCACTGGGAGTGTGTCTGGGACCTCTTATTCTCTCACAATCAGCAGCATGGAGACTGGAGATGCTGCCACTTATTACTGCCATCAGCGGAGTAGTTACCATACGTTCGGATCGGGGACCAAGCTGGAAATAAAAC,,,Y,SgISY,DTS,HRRSSYHT,IGKV4-70*01,IGKJ2*03,79,93,5,145,153,3,262,285,8,280,0,36,18,0,0,2,3,77,5,,
Seq07_Grp07_IGKV4-70*01_IGKJ2*03_Len(280|0|36)_Del(2|3),7,1,1,,CAAATTGTTCTCACCCAGTCTCCTGCAGTCATGTCTGCATCTCTAGTGGAGAAGGGTACCGTGTCCTGCAGTGCCAGCTCAGGTATAAGTTACATGCACTGGTACCAGCAGAAGCCAGGCACCCCCCCCACAGGATGGATTTATGACACATCCAAACTGGCTTCTGGGGTCCCTGTTCGCTTCACTGGGTGTGTGTCTGGGACCTCTTATTCTCTCACAATCAGCAGCATGGAGACTGGAGATGCTGCCACTTATTACTGCCATCGGAGGAGTAGTCACCATACGTTCGGATCGGGGACCAAGCTGGAAATAAAAC,CAAATTGTTCTCACCCAGTCTCCTGCAGTCATGTCTGCATCTCTAGTGGAGAAGGGTACCATGTCCTGCAGTGCCAGCTCAGGTATAAGTTACATGCACTGGTACCAGCAGAAGCCAGGCACCCCCCCCAAAGGATGGATTTATGACACATCCAAACTGGCTTCTGGAGTCCCTGTTCGCTTCACTGGGTGTGTGTCTGGGACCTCTTATTCTCTCACAATCAGCAGCATGGAGACTGGAGATGCTGCCACTTATTACTGCCATCGGCGGAGTAGTTACCATACGTTCGGATCGGGGACCAAGCTGGAAATAAAAC,,,Y,SgISY,DTS,HRRSSHHT,IGKV4-70*01,IGKJ2*03,79,93,5,145,153,3,262,285,8,280,0,36,23,0,0,2,3,77,5,,
Seq08_Grp08_IGKV4-70*01_IGKJ2*03_Len(280|0|36)_Del(2|3),8,1,1,,CAAATTGTTCTCACCCAGTCTCCAGCAATCACGTCTGCATCTCTAGGGGAGAAGGTCACCATGTCCTGCAGTGCCAGCTCAAGTATAAGTTACATGCACTGCTACCAGCAGAAGCCAGGCACCCCCCCCAAAAGATGGATTTATGACACATCCAGACTGGCTTCTGGATTCCCTGTTCGCTTCAGTGGCAGTGTGTCTGGGACCTCTTATTCTCTCACAGTCAGCAGGACGGAGACTGAAGATGGTGCCACTTATTTCTGCCATCAGCGGAGTAGTTACCATTCGTTCGGATCGGGGACCGAGCTGGAAATAAAAA,CAAATTGTTCTCACCCAGTCTCCAGCAATCACGTCTGCATCTCTAGGGGAGAAGGTCACCATGTCCTGCAGTGCCAGCTCAAGTATAAGTTACATGCACTGGTACCAGCAGAAGCCAGGCACCCCCCCCAAAAGATGGATTTATGACACATCCAGACTGGCTTCTGGAGTCCCTGTTCGCTTCAGTGGCAGTGTGTCTGGGACCTCTTATTCTCTCACAGTCAGCAGGACGGAGACTGAAGATGCTGCCACTTATTACTGCCATCAGCGGAGTAGTTACCATACGTTCGGATCGGGGACCGAGCTGGAAATAAAAC,,,Y,SSISY,DTS,HQRSSYHS,IGKV4-70*01,IGKJ2*03,79,93,5,145,153,3,262,285,8,280,0,36,15,0,3,2,3,77,5,,
Seq09_Grp09_IGKV4-70*01_IGKJ2*03_Len(280|0|36)_Del(2|3),9,1,1,,CAAATTGTTCTTACACAGTCTCCAGCAATCACGTCTGCATCTCTAGGGGAGAAGGTCACCATGTCCTGCAGTGCCAGCTCAAGTATAAGTTACATGCACTGCTACCAGCAGAAGCCAGGCACCCCCCCCAAAAGATGGATTTATGACACATCCAGACTGGCTTCTGGATTCCCTATTCGCTTCAGTGGCAGTGTGTCTGGGACCTCTTATTCTCTTACAGTCAGTAGGACGGGGACTGAAGATGGTGCCACTTATTTCTGCCATCAGCGGAGTAGTTACCATTCGTTCGGATCGGGGACCGAGCTGGAAATAAAAA,CAAATTGTTCTCACCCAGTCTCCAGCAATCACGTCTGCATCTCTAGGGGAGAAGGTCACCATGTCCTGCAGTGCCAGCTCAAGTATAAGTTACATGCACTGCTACCAGCAGAAGCCAGGCACCCCCCCCAAAAGATGGATTTATGACACATCCAGACTGGCTTCTGGATTCCCTGTTCGCTTCAGTGGCAGTGTGTCTGGGACCTCTTATTCTCTCACAGTCAGCAGGACGGAGACTGAAGATGGTGCCACTTATTTCTGCCATCAGCGGAGTAGTTACCATTCGTTCGGATCGGGGACCGAGCTGGAAATAAAAA,,,Y,SSISY,DTS,HQRSSYHS,IGKV4-70*01,IGKJ2*03,79,93,5,145,153,3,262,285,8,280,0,36,21,0,3,2,3,77,5,,
Seq10_Grp10_IGKV3-7*01_IGKJ1*02_Len(298|1|35)_Del(1|2),10,2,1,,GACATTGTGCTAACACAGTCTCCTGCTTCCTTAGCTGTATCTCTGGGGCAGAGGGCCACCATCTCATGCAGGGCCAGCCAAAGTGTCAGTACATCTAGCTATAGTTATATGCACTGGTACCAACAGAAACCAGGACAGCCACCCAAACTCCTCATCAAGTATGCATCCAACCTAGAATCTGGGGTCCCTGCCAGGTTCAGTGGCAGTGGGTCTGGGACAGACTTCACCCTCAACATCCATCCTGTGGAGGAGGAGGATACTGCAACATATTACTGTCAGCACAGTTGGGAGATTCCTCTGACGTTCGGTGGAGGCACCAAGCTGGAAATCAATC,GACATTGTGCTAACACAGTCTCCTGCTTCCTTAGCTGTATCTCTGGGGCAGAGGGCCACCATCTCATGCAGGGCCAGCCAAAGTGTCAGTACATCTAGCTATAGTTATATGCACTGGTACCAACAGAAACCAGGACAGCCACCCAAACTCCTCATCAAGTATGCATCCAACCTAGAATCTGGGGTCCCTGCCAGGTTCAGTGGCAGTGGGTCTGGGACAGACTTCACCCTCAACATCCATCCTGTGGAGGAGGAGGATACTGCAACATATTACTGTCAGCACAGTTGGGAGATTCCTCTGACGTTCGGTGGAGGCACCAAGCTGGAAATCAATC,,,Y,QSVSTSSYSY,YAS,QHSWEIPLT,IGKV3-7*01,IGKJ1*02,79,108,10,160,168,3,277,303,9,298,1,35,0,0,0,1,2,63,2,,
Seq11_Grp11_IGKV3-7*01_IGKJ1*02_Len(298|1|35)_Del(1|2),11,2,1,,GACATTGTGCTAACACAGTCTCCTGCTTCCTTAGCTGTATCTCTGGGGCAGAGGGCCACCTTCTCATGCAGGGCCAGCCAAAGTGTCAGTTCATCTAGATATAGTTATATGCACTGGTACCAACAGAAACCAGGACAGCCACCCAAACTCCTCATCAAGTATGCATCCAACCTAGAATCTGGGGTCCCTGCCAGGTTCAGTGGCAGTGGGTCTGGGACAGATTTCACCCTCAACATCCATCCTGTGAAGGAGGAGGATGCTGCAATATATTACTGTCAGCACAGTTGGGAGATTCCTCTGACGTTCGGTGGAGGCACCAAGCTGGAAATCAATC,GACATTGTGCTAACACAGTCTCCTGCTTCCTTAGCTGTATCTCTGGGGCAGAGGGCCACCATCTCATGCAGGGCCAGCCAAAGTGTCAGTACATCTAGCTATAGTTATATGCACTGGTACCAACAGAAACCAGGACAGCCACCCAAACTCCTCATCAAGTATGCATCCAACCTAGAATCTGGGGTCCCTGCCAGGTTCAGTGGCAGTGGGTCTGGGACAGACTTCACCCTCAACATCCATCCTGTGGAGGAGGAGGATACTGCAACATATTACTGTCAGCACAGTTGGGAGATTCCTCTGACGTTCGGTGGAGGCACCAAGCTGGAAATCAATC,,,Y,QSVSsSrYSY,YAS,QHSWEIPLT,IGKV3-7*01,IGKJ1*02,79,108,10,160,168,3,277,303,9,298,1,35,7,0,0,1,2,63,2,,
Seq12_Grp12_IGKV3-7*01_IGKJ1*02_Len(298|1|35)_Del(1|2),12,2,1,,GACATTGTGCTAACACAGTCTCCTGCTTCCTTAGCTGTATCTCTGGGGCAGAGGGCCACCTTCTCATGCAGGGCCAGCCAAAGTGTCAGTTCATCTAGACATAGTTATATGCACTGGTACCAACAGAAACCAGGACAGCCACCCGAACTCCTTATCAAGTATGCATCCATCCTAGAATCTGGGGTCCCTGCCAGGTTCAGTGGCAGTGGGTCTGGGACAGATTTCACCCTCAACATCCATCTTGTGAAGGAGGAGGATGCTGCAATATATTACTGTCATCACAGTTGGGAGATTCCTCTGACGTTCGGTGGAGGAACCAAGCTGGAAATCAATC,GACATTGTGCTAACACAGTCTCCTGCTTCCTTAGCTGTATCTCTGGGGCAGAGGGCCACCTTCTCATGCAGGGCCAGCCAAAGTGTCAGTTCATCTAGATATAGTTATATGCACTGGTACCAACAGAAACCAGGACAGCCACCCAAACTCCTCATCAAGTATGCATCCAACCTAGAATCTGGGGTCCCTGCCAGGTTCAGTGGCAGTGGGTCTGGGACAGATTTCACCCTCAACATCCATCCTGTGAAGGAGGAGGATGCTGCAATATATTACTGTCAGCACAGTTGGGAGATTCCTCTGACGTTCGGTGGAGGCACCAAGCTGGAAATCAATC,,,Y,QSVSsSrhSY,YAS,HHSWEIPLT,IGKV3-7*01,IGKJ1*02,79,108,10,160,168,3,277,303,9,298,1,35,13,0,1,1,2,63,2,,
Seq13_Grp13_IGKV3-7*01_IGKJ1*02_Len(298|1|35)_Del(1|2),13,2,1,,GACATTGTGCTAACACAGTCTCCTGCTTCCTTAACTGTATCTCTGGGGCACAGGGCCACCTTCTCATGCAGGGCCAGACAAAGTGTCAGTTCATCTAGACATAGTTATATGCACTGGTACCAACAGAAACCAGGACAGCCACCTGAACTCCTTATCAAGTATGCTGCCATCCTAGAATCTGGGGTCCCTGCCAGGTTCGGTGGCAGTGGGTCTGGGACAGATTTCACCCTCAACATCCATCTTGTGAAGGAGGAGGATGCTGCAATATATTACTGTCATCACAGTTGGGAGATTCCTCTGACGTTCGGTGGAGGAACCAAGCTGGAAATCAATC,GACATTGTGCTAACACAGTCTCCTGCTTCCTTAGCTGTATCTCTGGGGCAGAGGGCCACCTTCTCATGCAGGGCCAGCCAAAGTGTCAGTTCATCTAGACATAGTTATATGCACTGGTACCAACAGAAACCAGGACAGCCACCCGAACTCCTTATCAAGTATGCATCCATCCTAGAATCTGGGGTCCCTGCCAGGTTCAGTGGCAGTGGGTCTGGGACAGATTTCACCCTCAACATCCATCTTGTGAAGGAGGAGGATGCTGCAATATATTACTGTCATCACAGTTGGGAGATTCCTCTGACGTTCGGTGGAGGAACCAAGCTGGAAATCAATC,,,Y,QSVSsSrhSY,YAa,HHSWEIPLT,IGKV3-7*01,IGKJ1*02,79,108,10,160,168,3,277,303,9,298,1,35,20,0,1,1,2,63,2,,
Seq14_Grp14_IGKV3-7*01_IGKJ1*02_Len(298|1|35)_Del(1|2),14,2,1,,GACATTGTGCTAACACAGTCTCCTGCTTCCTTAACTGTACCTCTGGGGCACAGGGCCACCTTCTCATGCAGGGCCAGACAAAGTGTCAGTTCATCTAGACATAGTTATATGCACTGGTACCAACAGGGACCAGGACAGCCACCTGAACTCCTTATCAAGTATGCTGCCATCTTAGGATCTGGGGTCCCTGCCAGGTTCGGTGGCAGTGGGTCTGGGACAGATTTCACCCTCAACATCTATCTTGTGAAGGAGGAGGATGCTGCAATATATTACTGTCATCACAGTTGGGAGATTCCTCTGACGTTCGGTGGAGGAACCAAGCTGGAAATCAATC,GACATTGTGCTAACACAGTCTCCTGCTTCCTTAACTGTATCTCTGGGGCACAGGGCCACCTTCTCATGCAGGGCCAGACAAAGTGTCAGTTCATCTAGACATAGTTATATGCACTGGTACCAACAGAAACCAGGACAGCCACCTGAACTCCTTATCAAGTATGCTGCCATCCTAGAATCTGGGGTCCCTGCCAGGTTCGGTGGCAGTGGGTCTGGGACAGATTTCACCCTCAACATCCATCTTGTGAAGGAGGAGGATGCTGCAATATATTACTGTCATCACAGTTGGGAGATTCCTCTGACGTTCGGTGGAGGAACCAAGCTGGAAATCAATC,,,Y,QSVSsSrhSY,YAa,HHSWEIPLT,IGKV3-7*01,IGKJ1*02,79,108,10,160,168,3,277,303,9,298,1,35,26,0,1,1,2,63,2,,
Seq15_Grp15_IGKV3-7*01_IGKJ1*02_Len(298|1|35)_Del(1|2),15,2,1,,GACATTGTGCTAACACCGTCTCCTGCTTCCTTAGCAGTATCTCTGGGGCAGAGGGCCACCATCTCATGCAGGGCCAGCCAAAGTGTCAGTACAACTAGCTATAGTTATATGCACTGGTACCAACAGAAACCAGGACAGCCACCCAAACTCCTCATCAAGTATGCGTCCAACCTCGAATCTGGGGTCCTTGCCAGGTTCAGTGGCAGTGGGTCTGGGACAGACTTCACCCTCAACATCCATCCTGTGGCGGAGGAGGATACTGCAACATATTACTGTCAGCACAGTTGGGAGATTCCTCTGACGTTCGGTGGAGGCACCAAGCTGGAAATCAATC,GACATTGTGCTAACACAGTCTCCTGCTTCCTTAGCTGTATCTCTGGGGCAGAGGGCCACCATCTCATGCAGGGCCAGCCAAAGTGTCAGTACATCTAGCTATAGTTATATGCACTGGTACCAACAGAAACCAGGACAGCCACCCAAACTCCTCATCAAGTATGCATCCAACCTAGAATCTGGGGTCCCTGCCAGGTTCAGTGGCAGTGGGTCTGGGACAGACTTCACCCTCAACATCCATCCTGTGGAGGAGGAGGATACTGCAACATATTACTGTCAGCACAGTTGGGAGATTCCTCTGACGTTCGGTGGAGGCACCAAGCTGGAAATCAATC,,,Y,QSVSTtSYSY,YAS,QHSWEIPLT,IGKV3-7*01,IGKJ1*02,79,108,10,160,168,3,277,303,9,298,1,35,7,0,0,1,2,63,2,,
Seq16_Grp16_IGKV3-7*01_IGKJ1*02_Len(298|1|35)_Del(1|2),16,2,1,,GACATTGTGCTTACACCGTCTCCTGCTTCCTTAGCAGTATCTCTGGGGCAGAGGGTCACCATCTCATGTAGGGCCAGCCAAAGTGTCAGTACAACTAGCTATAGTTATATGCACTGGTACCAACAGAAACCAGGACAGCCACCCAAACTCCTCATCAAGTATGCGTCCAACCTCGAATCTGGGGTCCTTGCCAGGTTCAGTGGCAGTGGGTCTGGGACAGACTTCAGCCTCAACATCCATCCTGTGGCGGAGGAGGATACCGCAACATATTACTGTCAGCACAGTTGGGAGATTTCTCTGACGTTCGGTGGTGGCACCAAGCTGGAAATCAATC,GACATTGTGCTAACACCGTCTCCTGCTTCCTTAGCAGTATCTCTGGGGCAGAGGGCCACCATCTCATGCAGGGCCAGCCAAAGTGTCAGTACAACTAGCTATAGTTATATGCACTGGTACCAACAGAAACCAGGACAGCCACCCAAACTCCTCATCAAGTATGCGTCCAACCTCGAATCTGGGGTCCTTGCCAGGTTCAGTGGCAGTGGGTCTGGGACAGACTTCACCCTCAACATCCATCCTGTGGCGGAGGAGGATACTGCAACATATTACTGTCAGCACAGTTGGGAGATTCCTCTGACGTTCGGTGGAGGCACCAAGCTGGAAATCAATC,,,Y,QSVSTtSYSY,YAS,QHSWEISLT,IGKV3-7*01,IGKJ1*02,79,108,10,160,168,3,277,303,9,298,1,35,13,0,1,1,2,63,2,,
Seq17_Grp17_IGKV3-7*01_IGKJ1*02_Len(298|1|35)_Del(1|2),17,2,1,,GACATTGTGCTAACACAGTCTCCTGCTTCCTTAGCTGTATCTCTGGGGCAGAGGGCCACCTTCTCATGCAGGGCCAGCCAAAGTGTCAGTTCATCTAGACATAGCTCTATGCACTGGTACCAACAGAAACCAGGACAGCCACCCGAACTCCTTATCAAGGATGCATCCATCCTAGAATCTGGGGTCCCTGCCAGGTTCAGTGGCAGTGGGTCTGGGACAGATTTCACCCTCAACATCCATCTTGTGAAGGGGGAGGATGCTGCAATATATTACTGTCATCGCAGTTGGGAGATTCCTCTGACGTTCGGTGGAGGAACCAAGGTGGAAATCAATC,GACATTGTGCTAACACAGTCTCCTGCTTCCTTAGCTGTATCTCTGGGGCAGAGGGCCACCTTCTCATGCAGGGCCAGCCAAAGTGTCAGTTCATCTAGACATAGTTATATGCACTGGTACCAACAGAAACCAGGACAGCCACCCGAACTCCTTATCAAGTATGCATCCATCCTAGAATCTGGGGTCCCTGCCAGGTTCAGTGGCAGTGGGTCTGGGACAGATTTCACCCTCAACATCCATCTTGTGAAGGAGGAGGATGCTGCAATATATTACTGTCATCACAGTTGGGAGATTCCTCTGACGTTCGGTGGAGGAACCAAGCTGGAAATCAATC,,,Y,QSVSsSrhSs,dAS,HRSWEIPLT,IGKV3-7*01,IGKJ1*02,79,108,10,160,168,3,277,303,9,298,1,35,18,0,2,1,2,63,2,,
Seq18_Grp18_IGKV3-7*01_IGKJ1*02_Len(298|1|35)_Del(1|2),18,2,1,,GACATTGTGCTAACGCAATCTCCTGCTTCCTTAGCTGTATCTCTGGGGCAGAGGGCCACCTTCTCATGCAGGGCCAGCCAAAGTCTCAGTTCATCTAGATATAGCTCTATGCACTGGTACCAACAGAAACCAGGACAGCCACCCGAACTCCTTATCAAGGATGCATCCATCCTAGAATCTGGGGTCCCTGCCAGGTTCAGTGGCAGTGGGTCTGGGACAGATTTCACCCTCAACATCCATCCTGTGAAGGGGGAGGATGCTGCAATATATTACTGTCATTGCAGATGGGAGATTCCTCTGACGTTCGGTGGAGGAACCAAGGTGGAAATCAATC,GACATTGTGCTAACACAGTCTCCTGCTTCCTTAGCTGTATCTCTGGGGCAGAGGGCCACCTTCTCATGCAGGGCCAGCCAAAGTGTCAGTTCATCTAGACATAGCTCTATGCACTGGTACCAACAGAAACCAGGACAGCCACCCGAACTCCTTATCAAGGATGCATCCATCCTAGAATCTGGGGTCCCTGCCAGGTTCAGTGGCAGTGGGTCTGGGACAGATTTCACCCTCAACATCCATCTTGTGAAGGGGGAGGATGCTGCAATATATTACTGTCATCGCAGTTGGGAGATTCCTCTGACGTTCGGTGGAGGAACCAAGGTGGAAATCAATC,,,Y,QSlSsSrYSs,dAS,HCRWEIPLT,IGKV3-7*01,IGKJ1*02,79,108,10,160,168,3,277,303,9,298,1,35,21,0,2,1,2,63,2,,
Seq19_Grp19_IGKV12-38*01_IGKJ1*01_Len(287|0|32)_Del(0|6),19,3,1,,GACATCCAGATGACTCAGTCTCCAGCCTCCCTGGCTGCATCTGTGGGAGAAACTGTCACCATCACATGTCGAGCAAGTGAGAACATTTACTACAGTTTAGCATGGTATCAGCAGAAGCAAGGGAAATCTCCTCAGCTCCTGATCTATAATGCAAACAGCTTGGAAGATGGTGTCCCATCGAGGTTCAGTGGCAGTGGATCTGGGACACAGTATTCTATGAAGATCAACAGCATGCAGCCTGAAGATACCGCAACTTATTTCTGTAAACAGGCTTATGACGTTCCTCCGTTCGGTGGAGGCACCAAGCTGGAAATCAAAC,GACATCCAGATGACTCAGTCTCCAGCCTCCCTGGCTGCATCTGTGGGAGAAACTGTCACCATCACATGTCGAGCAAGTGAGAACATTTACTACAGTTTAGCATGGTATCAGCAGAAGCAAGGGAAATCTCCTCAGCTCCTGATCTATAATGCAAACAGCTTGGAAGATGGTGTCCCATCGAGGTTCAGTGGCAGTGGATCTGGGACACAGTATTCTATGAAGATCAACAGCATGCAGCCTGAAGATACCGCAACTTATTTCTGTAAACAGGCTTATGACGTTCCTCCGTTCGGTGGAGGCACCAAGCTGGAAATCAAAC,,,Y,ENIYYS,NAN,KQAYDVPP,IGKV12-38*01,IGKJ1*01,79,96,6,148,156,3,265,288,8,287,0,32,0,0,0,0,6,25,1,,
Seq20_Grp20_IGKV12-38*01_IGKJ1*01_Len(287|0|32)_Del(0|6),20,3,1,,GACATCCAGATGACTCAGTCTCCAGCCTCCCTGGCTGCATCTGTGGGAGAAACTGTCACAATCACATGTCGAGCAAGTGAGAACATTTACTACAGTCTAGCATGGTATCAGCAGAAGCAAGGGAAATCTCCTAAGCTCCTGGTCTATAATGCAAACAGCTGGGAAGATGGTGTCCCATCGAGGTTCAGTGGCAGTGGATCTGGGACACAGTATTCTATGAAGATCAACAGCATGCAGCCTGAAGATACCGCAACTTATTTCTGTAAACAGGCTTATGACGTTCCTCCTTTCGGTGGAGGCACCAAGCTGGAAATCAAAC,GACATCCAGATGACTCAGTCTCCAGCCTCCCTGGCTGCATCTGTGGGAGAAACTGTCACCATCACATGTCGAGCAAGTGAGAACATTTACTACAGTTTAGCATGGTATCAGCAGAAGCAAGGGAAATCTCCTCAGCTCCTGATCTATAATGCAAACAGCTTGGAAGATGGTGTCCCATCGAGGTTCAGTGGCAGTGGATCTGGGACACAGTATTCTATGAAGATCAACAGCATGCAGCCTGAAGATACCGCAACTTATTTCTGTAAACAGGCTTATGACGTTCCTCCGTTCGGTGGAGGCACCAAGCTGGAAATCAAAC,,,Y,ENIYYS,NAN,KQAYDVPP,IGKV12-38*01,IGKJ1*01,79,96,6,148,156,3,265,288,8,287,0,32,5,0,1,0,6,25,1,,
Seq21_Grp21_IGKV12-38*01_IGKJ1*01_Len(287|0|32)_Del(0|6),21,3,1,,GACATCCAGATGGCTCGGTCTCCAGCCTCCCTGGCTGCCTCTGTGGGAGAAACTGTCACAATCACATGTCGAGCAAGTGAGAACATTTACTACAGTCTAGCATGGTATCAGCAGAAGCAAGGGAAATCTCCTAAGCTCCTGGTCTATAATGCAAACAGCTGGGAAGATGGTGTCCCATCGAGGTTCAGTGGCAGTGGATCTGGGACACAATATTCTGTGAAGATCAACAGCATGCAGCCTGAAGATACCGCAACTTATTTCTGTAAACAAGCTTATGACGTTCCTCCTTTCGGTGGAGGCACCAAGCTGGAAATCAAAC,GACATCCAGATGACTCAGTCTCCAGCCTCCCTGGCTGCATCTGTGGGAGAAACTGTCACAATCACATGTCGAGCAAGTGAGAACATTTACTACAGTCTAGCATGGTATCAGCAGAAGCAAGGGAAATCTCCTAAGCTCCTGGTCTATAATGCAAACAGCTGGGAAGATGGTGTCCCATCGAGGTTCAGTGGCAGTGGATCTGGGACACAGTATTCTATGAAGATCAACAGCATGCAGCCTGAAGATACCGCAACTTATTTCTGTAAACAGGCTTATGACGTTCCTCCTTTCGGTGGAGGCACCAAGCTGGAAATCAAAC,,,Y,ENIYYS,NAN,KQAYDVPP,IGKV12-38*01,IGKJ1*01,79,96,6,148,156,3,265,288,8,287,0,32,11,0,1,0,6,25,1,,
Seq22_Grp22_IGKV12-38*01_IGKJ1*01_Len(287|0|32)_Del(0|6),22,3,1,,GACACCCAGATGACTCAGTCTCCAGCCTCCCTGGCTGCATCTGTGGGAGAAACTGTCACCATCACATGTCGTGCAAGTGAGAACATTTACTACAGTTTAGCATGGTATCAGCAGAAGCAAGGGAAATCTCCTCAGCGCCTGATCTATAATGCAAACAGCTTGGAAGATGGTGTCCCATCGAGGTTTAGTGGCAGTGGATCTGGGACACAGTATTCTATGAAGATCGACAGCATGCAGCCTGAAGATACCGCAACTTATTTCTGTAAACAGGCTTGTGACGTTCCTCCGTTCGGTGGAGGCACCAAGCTGGAAATCAAAC,GACATCCAGATGACTCAGTCTCCAGCCTCCCTGGCTGCATCTGTGGGAGAAACTGTCACCATCACATGTCGAGCAAGTGAGAACATTTACTACAGTTTAGCATGGTATCAGCAGAAGCAAGGGAAATCTCCTCAGCTCCTGATCTATAATGCAAACAGCTTGGAAGATGGTGTCCCATCGAGGTTCAGTGGCAGTGGATCTGGGACACAGTATTCTATGAAGATCAACAGCATGCAGCCTGAAGATACCGCAACTTATTTCTGTAAACAGGCTTATGACGTTCCTCCGTTCGGTGGAGGCACCAAGCTGGAAATCAAAC,,,Y,ENIYYS,NAN,KQACDVPP,IGKV12-38*01,IGKJ1*01,79,96,6,148,156,3,265,288,8,287,0,32,6,0,0,0,6,25,1,,
Seq23_Grp23_IGKV12-38*01_IGKJ1*01_Len(287|0|32)_Del(0|6),23,3,1,,GACACCCAGATGACTCAGTCTCCAGCCTCCCTGGCTGCATCCGTGGGAGAAACTGTCACCATCACATGTCGTGCAAGTGAGAACATCTACTACAGTTTAGCATGGTATCTGCAGAAGCAAGGGAAATCTCCTCAGCGCCTGATCTATAATGCAAACAGCTTGGAAGATGGTGTCCCATCGAGGTTCAGTGGCAGTGGATCTGGGACACGGTATTCTATGAAGATCGACAGCATGCAGCCTGAGGATACCGCAACTTATTTCTGTAAACAGGCTTGTGACGTTCCTCCGTTCGGTGGAGGCACCAAGCTGGAAATCAAAC,GACACCCAGATGACTCAGTCTCCAGCCTCCCTGGCTGCATCTGTGGGAGAAACTGTCACCATCACATGTCGTGCAAGTGAGAACATTTACTACAGTTTAGCATGGTATCAGCAGAAGCAAGGGAAATCTCCTCAGCGCCTGATCTATAATGCAAACAGCTTGGAAGATGGTGTCCCATCGAGGTTTAGTGGCAGTGGATCTGGGACACAGTATTCTATGAAGATCGACAGCATGCAGCCTGAAGATACCGCAACTTATTTCTGTAAACAGGCTTGTGACGTTCCTCCGTTCGGTGGAGGCACCAAGCTGGAAATCAAAC,,,Y,ENIYYS,NAN,KQACDVPP,IGKV12-38*01,IGKJ1*01,79,96,6,148,156,3,265,288,8,287,0,32,10,0,0,0,6,25,1,,
Seq24_Grp24_IGKV12-38*01_IGKJ1*01_Len(287|0|32)_Del(0|6),24,3,1,,GACACCCAGGTGACTCAGTCTCCAGCCTCCCTGGCTGCATCTGTGGGAGAAACTGTCACCATCACATGTCGTGCAAGTGAGGACATTTACTACAGTTTAGCATGGTATCAGCAGAAGCTAGGGAAATCTCCTCAGCACCTGATCTATAATGCAAACAGCTTGGAAGATGGTGTCCCATCGAGGTTTAGTGGCAGTGGATCTGGGACACAGTATTCTATAAAGATCGACAGCATGCAGCCTGAAGATACCGCAACTTATTCCTGTAAACAGGCTTGTGACGTTCCTCCGTTCGGTGGAGGCACCAAGCTGGAAATCAAAC,GACACCCAGATGACTCAGTCTCCAGCCTCCCTGGCTGCATCTGTGGGAGAAACTGTCACCATCACATGTCGTGCAAGTGAGAACATTTACTACAGTTTAGCATGGTATCAGCAGAAGCAAGGGAAATCTCCTCAGCGCCTGATCTATAATGCAAACAGCTTGGAAGATGGTGTCCCATCGAGGTTTAGTGGCAGTGGATCTGGGACACAGTATTCTATGAAGATCGACAGCATGCAGCCTGAAGATACCGCAACTTATTTCTGTAAACAGGCTTGTGACGTTCCTCCGTTCGGTGGAGGCACCAAGCTGGAAATCAAAC,,,Y,EdIYYS,NAN,KQACDVPP,IGKV12-38*01,IGKJ1*01,79,96,6,148,156,3,265,288,8,287,0,32,11,0,0,0,6,25,1,,
Seq25_Grp25_IGKV12-38*01_IGKJ1*01_Len(287|0|32)_Del(0|6),25,3,1,,GACACCCTGGTGTCTCAGTCTCCAGCCTCCCTGGCTGTATCTGTGGGAGAAACTGTCACCATCACATGTCGTGCAAGTGAGGACATTTACTACAGTTTAGCATGGTATCAGCAGAAGCTAGGGAAATCTCCTCAGCACCTGATCTATAATGCAAACAGCTTGGAAGATGGTGTCCCATCGAGGTTTAGTGGCAGTGGATCTAGGACACAGTATTCTATAAAGATCGACAGCATGCAGCCTGAAGATACCGCAACTTATTCCTGTAAACAGGCTTGCGACGTTCCTCCGTTCGGTGGAGGCACCAAGCTGGGAATCAAAC,GACACCCAGGTGACTCAGTCTCCAGCCTCCCTGGCTGCATCTGTGGGAGAAACTGTCACCATCACATGTCGTGCAAGTGAGGACATTTACTACAGTTTAGCATGGTATCAGCAGAAGCTAGGGAAATCTCCTCAGCACCTGATCTATAATGCAAACAGCTTGGAAGATGGTGTCCCATCGAGGTTTAGTGGCAGTGGATCTGGGACACAGTATTCTATAAAGATCGACAGCATGCAGCCTGAAGATACCGCAACTTATTCCTGTAAACAGGCTTGTGACGTTCCTCCGTTCGGTGGAGGCACCAAGCTGGAAATCAAAC,,,Y,EdIYYS,NAN,KQACDVPP,IGKV12-38*01,IGKJ1*01,79,96,6,148,156,3,265,288,8,287,0,32,16,0,1,0,6,25,1,,
Seq26_Grp26_IGKV12-38*01_IGKJ1*01_Len(287|0|32)_Del(0|6),26,3,1,,GATACCCAGGTGACTCAGCCTCCAGCCTCCCTGGCTGCATCTGTGGGAGAAACTGTCACCATCACATGTCGTGCAAGCGAGGACATTTACTACAGTTTAGCATGGTATCAGCAGAAGCTAGGGAAATCTCCTCAGCACCTGATCTATAATGCAAACAGCTTGGAAGATGGTGTCCCATCGAGGTTTAGTGGCAGTGGATCTGGGACCCAGTATTCTATAAAGATCGACAGCATGCAGCCTGAAGATACCGCAACTTGTTCCTGTAAACTGGCTTGTGACGTTCCTCCGTTCGGTGGAGGCACCAAGCTGGAAATCAAAC,GACACCCAGGTGACTCAGTCTCCAGCCTCCCTGGCTGCATCTGTGGGAGAAACTGTCACCATCACATGTCGTGCAAGTGAGGACATTTACTACAGTTTAGCATGGTATCAGCAGAAGCTAGGGAAATCTCCTCAGCACCTGATCTATAATGCAAACAGCTTGGAAGATGGTGTCCCATCGAGGTTTAGTGGCAGTGGATCTGGGACACAGTATTCTATAAAGATCGACAGCATGCAGCCTGAAGATACCGCAACTTATTCCTGTAAACAGGCTTGTGACGTTCCTCCGTTCGGTGGAGGCACCAAGCTGGAAATCAAAC,,,Y,EdIYYS,NAN,KLACDVPP,IGKV12-38*01,IGKJ1*01,79,96,6,148,156,3,265,288,8,287,0,32,17,0,0,0,6,25,1,,
Seq27_Grp27_IGKV12-38*01_IGKJ1*01_Len(287|0|32)_Del(0|6),27,3,1,,GATACCCAGGTGACTCAGCCTCCAGCCTCCCTGGCTGCATCTGTGGGAGAAACTGTCATGATCACATGTCGTGCAGGCGAGGACATTTACTATAGTTTAGCATGGTATCAGCAGAAGCTAGGGAAATCTCCTCAGCACCTGATCTATAATGCAAACAGCTTGGAAGATGGTGTCCCATCGAGGTTTAGTGGCAGTGGATCTGGGACCCAGTATTCTATAAAGATCGATAGCATGCAGCCTGAAGATACCGCAACTTGTTCCTGTAAACTGGCTTATGACGTTCCTCCGTTCGGTGGAGGCACCAAGCTGGAAATCAAAC,GATACCCAGGTGACTCAGCCTCCAGCCTCCCTGGCTGCATCTGTGGGAGAAACTGTCACCATCACATGTCGTGCAAGCGAGGACATTTACTACAGTTTAGCATGGTATCAGCAGAAGCTAGGGAAATCTCCTCAGCACCTGATCTATAATGCAAACAGCTTGGAAGATGGTGTCCCATCGAGGTTTAGTGGCAGTGGATCTGGGACCCAGTATTCTATAAAGATCGACAGCATGCAGCCTGAAGATACCGCAACTTGTTCCTGTAAACTGGCTTGTGACGTTCCTCCGTTCGGTGGAGGCACCAAGCTGGAAATCAAAC,,,Y,EdIYYS,NAN,KLAYDVPP,IGKV12-38*01,IGKJ1*01,79,96,6,148,156,3,265,288,8,287,0,32,21,0,0,0,6,25,1,,
Seq28_Grp28_IGKV7-33*01_IGKJ2*01_Len(305|0|32)_Del(0|7),28,4,1,,GACATTGTGATGACTCAGTCTCCAACTTTCCTTGCTGTGACAGCAAGTAAGAAGGTCACCATTAGTTGCACGGCCAGTGAGAGCCTTTATTCAAGCAAACACAAGGTGCACTACTTGGCTTGGTACCAGAAGAAACCAGAGCAATCTCCTAAACTGCTGATATACGGGGCATCCAACCGATACATTGGGGTCCCTGATCGCTTCACAGGCAGTGGATCTGGGACAGATTTCACTCTGACCATCAGCAGTGTACAGGTTGAAGACCTCACACATTATTACTGTGCACAGTTTTACAGCTATCCTCTGTTCGGAGGGGGGACCAAGCTGGAAATAAAAC,GACATTGTGATGACTCAGTCTCCAACTTTCCTTGCTGTGACAGCAAGTAAGAAGGTCACCATTAGTTGCACGGCCAGTGAGAGCCTTTATTCAAGCAAACACAAGGTGCACTACTTGGCTTGGTACCAGAAGAAACCAGAGCAATCTCCTAAACTGCTGATATACGGGGCATCCAACCGATACATTGGGGTCCCTGATCGCTTCACAGGCAGTGGATCTGGGACAGATTTCACTCTGACCATCAGCAGTGTACAGGTTGAAGACCTCACACATTATTACTGTGCACAGTTTTACAGCTATCCTCTGTTCGGAGGGGGGACCAAGCTGGAAATAAAAC,,,Y,ESLYSSKHKVHY,GAS,AQFYSYPL,IGKV7-33*01,IGKJ2*01,79,114,12,166,174,3,283,306,8,305,0,32,0,0,0,0,7,108,3,,
Seq29_Grp29_IGKV7-33*01_IGKJ2*01_Len(305|0|32)_Del(0|7),29,4,1,,GACATTGTGATGACTCATTCTCCAACTTTCCTTGCTGTGACAGCTAGTAAGAAGGTCACCATTAGTTGCACGGCCCGTGAGAGCCTTTATTCAAGCAAACACAAAGTGCACTACTTGGCTTGGTGCCAGAAGAAACCAGAGCAATCTCCTAAACTGCTGATATACGGGGCACCCAACCGATACATTGAGGTCCCTGATCGCTTCACAGGCAGTGGATCTGGGACAGATTTCACTCTGACCATCAGCAGTGTACAGGTTGAAGACCTCACACATTATTACTGTGCACAGTTTTACAGCTATCCTCTGTTCGGAGGGGGGACCAAGCTGGAAATAAAAC,GACATTGTGATGACTCAGTCTCCAACTTTCCTTGCTGTGACAGCAAGTAAGAAGGTCACCATTAGTTGCACGGCCAGTGAGAGCCTTTATTCAAGCAAACACAAGGTGCACTACTTGGCTTGGTACCAGAAGAAACCAGAGCAATCTCCTAAACTGCTGATATACGGGGCATCCAACCGATACATTGGGGTCCCTGATCGCTTCACAGGCAGTGGATCTGGGACAGATTTCACTCTGACCATCAGCAGTGTACAGGTTGAAGACCTCACACATTATTACTGTGCACAGTTTTACAGCTATCCTCTGTTCGGAGGGGGGACCAAGCTGGAAATAAAAC,,,Y,ESLYSSKHKVHY,GAp,AQFYSYPL,IGKV7-33*01,IGKJ2*01,79,114,12,166,174,3,283,306,8,305,0,32,7,0,0,0,7,108,3,,
Seq30_Grp30_IGKV7-33*01_IGKJ2*01_Len(305|0|32)_Del(0|7),30,4,1,,GACATTGTGATGACTCATTCTCCAACTTTCCTTGCTGTGACAGCTAATAAGAAGGTCACCATTAGTTGCACGGCCCGTGAGAGCCTTTATTCAGGCAAACACAAAGTGCACTACTTAGCTTGGTGCCAGAAGAAACCAGAGCAATCTCCTAAACTGCTGACATACGGGGCACCCAACCGACACATTGAGGTCCCTGATCGCTTCACAGGCAGTGGATCTGGGACAGGTTTCACTCTGACCATCAGCAGTGAACAGGTTGAAGACCTCACACATTATTACTGTGCACAGTTTTACAGCTATCCTCTGTTCGGAGGGGGGACCAAGCTGGAAATAAAAC,GACATTGTGATGACTCATTCTCCAACTTTCCTTGCTGTGACAGCTAGTAAGAAGGTCACCATTAGTTGCACGGCCCGTGAGAGCCTTTATTCAAGCAAACACAAAGTGCACTACTTGGCTTGGTGCCAGAAGAAACCAGAGCAATCTCCTAAACTGCTGATATACGGGGCACCCAACCGATACATTGAGGTCCCTGATCGCTTCACAGGCAGTGGATCTGGGACAGATTTCACTCTGACCATCAGCAGTGTACAGGTTGAAGACCTCACACATTATTACTGTGCACAGTTTTACAGCTATCCTCTGTTCGGAGGGGGGACCAAGCTGGAAATAAAAC,,,Y,ESLYSgKHKVHY,GAp,AQFYSYPL,IGKV7-33*01,IGKJ2*01,79,114,12,166,174,3,283,306,8,305,0,32,14,0,0,0,7,108,3,,
Seq31_Grp31_IGKV7-33*01_IGKJ2*01_Len(305|0|32)_Del(0|7),31,4,1,,GACATTGTGATGACTCATTCTCCAACTTTCCTTGCTGTGACAGCTAATAAGAAGGTCATCATTAGTTGCACGGCCCGTGAGAGCGTTTATTCAGGCAAACACAAAGTGCACTGCTTAGATTGGTGCCAGAAGAAACCAGAGCAATCTCCTAAACGGCTGACATACGGGGCACCCAACCGACACATTGAGGTCCCTGATCGCTTCACAGGCAGTGGATCTGGGACAGGTTTCACTCTGACCATCAGCAGTGAACCGGTTGAAGACCTCACACATTATTACTGTGCACAGTTTTACAGCTATCATCTGTTCGGAGGGGGGACCAAGCTGGAAATAAAAC,GACATTGTGATGACTCATTCTCCAACTTTCCTTGCTGTGACAGCTAATAAGAAGGTCACCATTAGTTGCACGGCCCGTGAGAGCCTTTATTCAGGCAAACACAAAGTGCACTACTTAGCTTGGTGCCAGAAGAAACCAGAGCAATCTCCTAAACTGCTGACATACGGGGCACCCAACCGACACATTGAGGTCCCTGATCGCTTCACAGGCAGTGGATCTGGGACAGGTTTCACTCTGACCATCAGCAGTGAACAGGTTGAAGACCTCACACATTATTACTGTGCACAGTTTTACAGCTATCCTCTGTTCGGAGGGGGGACCAAGCTGGAAATAAAAC,,,Y,ESvYSgKHKVHc,GAp,AQFYSYHL,IGKV7-33*01,IGKJ2*01,79,114,12,166,174,3,283,306,8,305,0,32,21,0,0,0,7,108,3,,
Seq32_Grp32_IGKV7-33*01_IGKJ2*01_Len(305|0|32)_Del(0|7),32,4,1,,GACATTGTGATGACTCATTCTACAACTTTCCTTGCTGTGACAGCTAATAAGAAGGTCATCATTAGTTGCACGGCCCGTGAGAGCGTTTATTCAGGCAAGCACGAAGTGCACTGCTTAGATTGGTGCCAGAAGAAACCAGAGCAATCTCCTAAACGGCTGACATACGGGGCACCCAACCGACACATTGAGGTCCCTGATCGCTTCACAGGCAGTGGATCTGGGACAGGTTTCGCTCTGACCATCTGCACTGAACCGTTTGAAGACCTCACACATTATTACTGTGCACAGTTTTACAGCTATCATCTGTTCGGAGGGGGGACCAAGCTGGAAATAAAAC,GACATTGTGATGACTCATTCTCCAACTTTCCTTGCTGTGACAGCTAATAAGAAGGTCATCATTAGTTGCACGGCCCGTGAGAGCGTTTATTCAGGCAAACACAAAGTGCACTGCTTAGATTGGTGCCAGAAGAAACCAGAGCAATCTCCTAAACGGCTGACATACGGGGCACCCAACCGACACATTGAGGTCCCTGATCGCTTCACAGGCAGTGGATCTGGGACAGGTTTCACTCTGACCATCAGCAGTGAACCGGTTGAAGACCTCACACATTATTACTGTGCACAGTTTTACAGCTATCATCTGTTCGGAGGGGGGACCAAGCTGGAAATAAAAC,,,Y,ESvYSgKHeVHc,GAp,AQFYSYHL,IGKV7-33*01,IGKJ2*01,79,114,12,166,174,3,283,306,8,305,0,32,28,0,0,0,7,108,3,,
Seq33_Grp33_IGKV7-33*01_IGKJ2*01_Len(305|0|32)_Del(0|7),33,4,1,,GACGTTGTGATGACTCATTCTCCAACTTTCCTTGCTGTGACAGCTAATAAGAAGGTCACCATTAGTTGCACGGCCCGTGAGAGCCTTTACTCTGGCAAACACAAAGTGCACTACTTAGCTTGGTGCCAGAAGAAACCAGCGCAATCTCCTAAACTGCTGACATACGGGGCACCCAACCGACACATTGAGGTCCCTGATCGCTTCACAGGCAGTAGATCTGGGACAGGTTTCACTCTGACCATCAGCAGTGAACTGGTTGAAGACCTCACACATTATTACTGTGCACAGTTTTACAGCTATCCTCTGTTCGGAGGGGGGACCAAGCTGGAAGTAAAAC,GACATTGTGATGACTCATTCTCCAACTTTCCTTGCTGTGACAGCTAATAAGAAGGTCACCATTAGTTGCACGGCCCGTGAGAGCCTTTATTCAGGCAAACACAAAGTGCACTACTTAGCTTGGTGCCAGAAGAAACCAGAGCAATCTCCTAAACTGCTGACATACGGGGCACCCAACCGACACATTGAGGTCCCTGATCGCTTCACAGGCAGTGGATCTGGGACAGGTTTCACTCTGACCATCAGCAGTGAACAGGTTGAAGACCTCACACATTATTACTGTGCACAGTTTTACAGCTATCCTCTGTTCGGAGGGGGGACCAAGCTGGAAATAAAAC,,,Y,ESLYSgKHKVHY,GAp,AQFYSYPL,IGKV7-33*01,IGKJ2*01,79,114,12,166,174,3,283,306,8,305,0,32,20,0,1,0,7,108,3,,
Seq34_Grp34_IGKV7-33*01_IGKJ2*01_Len(305|0|32)_Del(0|7),34,4,1,,GACGTTGTGTTGACTCATTCTCCAACTTTCCTTGCTGTGACAGCTAATAAGAAGGTCACCATTAGTTGCACGGCCCGTGAGAGCCTTTACTCTGGCAAACACAAAGTGCACTACTTAGCTTGGTGCCGGAAGAAACCAGCGCAATCTCCTAAACTGCTGACATACGGGGCACCCAACCGACACATTGAGGTCCCTGATCGCTTCACAGGCAGTAGATCTGGGGCAGGTTTCACTCAGACCATCAGCAGTGAACTGGTTGAAGACCTCACACATTATTACTGTGCACAGTTTTACAGCTATCCTCTGTTCGGAGGGGGGACCGAGCTGGAAGGAACAC,GACGTTGTGATGACTCATTCTCCAACTTTCCTTGCTGTGACAGCTAATAAGAAGGTCACCATTAGTTGCACGGCCCGTGAGAGCCTTTACTCTGGCAAACACAAAGTGCACTACTTAGCTTGGTGCCAGAAGAAACCAGCGCAATCTCCTAAACTGCTGACATACGGGGCACCCAACCGACACATTGAGGTCCCTGATCGCTTCACAGGCAGTAGATCTGGGACAGGTTTCACTCTGACCATCAGCAGTGAACTGGTTGAAGACCTCACACATTATTACTGTGCACAGTTTTACAGCTATCCTCTGTTCGGAGGGGGGACCAAGCTGGAAGTAAAAC,,,Y,ESLYSgKHKVHY,GAp,AQFYSYPL,IGKV7-33*01,IGKJ2*01,79,114,12,166,174,3,283,306,8,305,0,32,24,0,4,0,7,108,3,,
Seq35_Grp35_IGKV7-33*01_IGKJ2*01_Len(305|0|32)_Del(0|7),35,4,1,,GACATTGTGATGACTCATTCTCCAACTTTCCTTGCTGTGACAGCTGATAAGAAGGTCACCATTAGTTGCACGGCCCGTGAGTGCCTTTATTCAGGCAAACACAAAGTGCACTACTTATCTTGGTGCCAGAAGAAACCAGAGCAATCTCCTAAACTGCTGACATACGGGGCACCCAACCGACACATTGAGGTCCCTGATCGCTTCACAGGCAGTGGATCTGGGACAGGTTTCACTCAGACCATCAGCAGTGAACAGGTTGAACACCTCACACATTATTACTGTGCACTGTTTTACAGCTATCCTCTGTTCGGAGGGGGGACCAAGCTGGAAATAAAAC,GACATTGTGATGACTCATTCTCCAACTTTCCTTGCTGTGACAGCTAATAAGAAGGTCACCATTAGTTGCACGGCCCGTGAGAGCCTTTATTCAGGCAAACACAAAGTGCACTACTTAGCTTGGTGCCAGAAGAAACCAGAGCAATCTCCTAAACTGCTGACATACGGGGCACCCAACCGACACATTGAGGTCCCTGATCGCTTCACAGGCAGTGGATCTGGGACAGGTTTCACTCTGACCATCAGCAGTGAACAGGTTGAAGACCTCACACATTATTACTGTGCACAGTTTTACAGCTATCCTCTGTTCGGAGGGGGGACCAAGCTGGAAATAAAAC,,,Y,EcLYSgKHKVHY,GAp,ALFYSYPL,IGKV7-33*01,IGKJ2*01,79,114,12,166,174,3,283,306,8,305,0,32,20,0,0,0,7,108,3,,
Seq36_Grp36_IGKV7-33*01_IGKJ2*01_Len(305|0|32)_Del(0|7),36,4,1,,GACATTGTGATGACTCATTCTCCAACTTTCCTTGTTGTGACAGCTGATAAGAAGGTCACCATTAGTTGCACGGCCCGTGAGTGCCTCTATTCAGGCGAACACAAAGTGCACTACTTATCTTGGTGCCAGAAGAAATCAGAGCAATCTCCTAAACTGCTGACATCCGGGGCACCCAACCGACGCATTGAGGTCCCTGATCGCTTCACAGGCAGTGGATCTGGGATAGGTTTCACTCAGACCATCAGCAGTGAACAGGTTGAACACCTCACACATTATTACTGTGCACTGTTTTACAGCTATCCTCTGTTCGGAGGGGGGACCAAGCTGGAAATAAAAC,GACATTGTGATGACTCATTCTCCAACTTTCCTTGCTGTGACAGCTGATAAGAAGGTCACCATTAGTTGCACGGCCCGTGAGTGCCTTTATTCAGGCAAACACAAAGTGCACTACTTATCTTGGTGCCAGAAGAAACCAGAGCAATCTCCTAAACTGCTGACATACGGGGCACCCAACCGACACATTGAGGTCCCTGATCGCTTCACAGGCAGTGGATCTGGGACAGGTTTCACTCAGACCATCAGCAGTGAACAGGTTGAACACCTCACACATTATTACTGTGCACTGTTTTACAGCTATCCTCTGTTCGGAGGGGGGACCAAGCTGGAAATAAAAC,,,Y,EcLYSgeHKVHY,GAp,ALFYSYPL,IGKV7-33*01,IGKJ2*01,79,114,12,166,174,3,283,306,8,305,0,32,27,0,0,0,7,108,3,,
Seq37_Grp37_IGKV2-109*03_IGKJ1*02_Len(302|1|37)_Del(0|0),37,5,1,,GATATTGTGATGACGCAGGCTGCATTCTCCAATCCAGTCACTCTTGGAACATCAGCTTCCATCTCTTGCAGTTCTAGTAAGAGTCTCCTACATAGTAATGGCATCACTTATTTGTATTGGTATCTGCAGAGGCCAGGCCAGTCTCCTCAGCTCCTGATATATCGGATGTCCAACCTTGCCTCAGGAGTCCCAGACAGGTTCAGTGGCAGTGGGTCAGGAACTGATTTCACACTGAGAATCAGCAGAGTGGAGGCTGAGGATGTGGGTGTTTATTACTGTGCTCAAATGCTAGAACGCCCTCCGCCGACGTTCGGTGGAGGCACCAAGCTGGAAATCAATC,GATATTGTGATGACGCAGGCTGCATTCTCCAATCCAGTCACTCTTGGAACATCAGCTTCCATCTCTTGCAGTTCTAGTAAGAGTCTCCTACATAGTAATGGCATCACTTATTTGTATTGGTATCTGCAGAGGCCAGGCCAGTCTCCTCAGCTCCTGATATATCGGATGTCCAACCTTGCCTCAGGAGTCCCAGACAGGTTCAGTGGCAGTGGGTCAGGAACTGATTTCACACTGAGAATCAGCAGAGTGGAGGCTGAGGATGTGGGTGTTTATTACTGTGCTCAAATGCTAGAACGCCCTCCGCCGACGTTCGGTGGAGGCACCAAGCTGGAAATCAATC,,,Y,KSLLHSNGITY,RMS,AQMLERPPPT,IGKV2-109*03,IGKJ1*02,79,111,11,163,171,3,280,309,10,302,1,37,0,0,0,0,0,49,2,,
Seq38_Grp38_IGKV2-109*03_IGKJ1*02_Len(302|1|37)_Del(0|0),38,5,1,,GATATTGTGATGACGCAGGCTGCATTCTCCAATCCAGTCACTCTTGGAACATCAGCTTCCATCTCTTGTAGTTCTAGTAAGAGGCTCCTACATAGTAATGGCATCACTTATTTGTATTGGTATCTGCAGAGGCCAGGCCAGTCTCCTCAACTCCTGATATATCTGATGTCCAACCTTGCCTCAGGAGTCCCAGACAGGCTCAGTCGCAGTGGGTCAGGAACTGATTTCACACTGAGAATCAGCAGAGTGGAGGCTGAGGATGTGGGTGCTTATTACTGTGCTCAAATGCTAGAACGCCCTCCGCCGACGTTCGGTGGAGGCACCAAGCTGGAAATCAATC,GATATTGTGATGACGCAGGCTGCATTCTCCAATCCAGTCACTCTTGGAACATCAGCTTCCATCTCTTGCAGTTCTAGTAAGAGTCTCCTACATAGTAATGGCATCACTTATTTGTATTGGTATCTGCAGAGGCCAGGCCAGTCTCCTCAGCTCCTGATATATCGGATGTCCAACCTTGCCTCAGGAGTCCCAGACAGGTTCAGTGGCAGTGGGTCAGGAACTGATTTCACACTGAGAATCAGCAGAGTGGAGGCTGAGGATGTGGGTGTTTATTACTGTGCTCAAATGCTAGAACGCCCTCCGCCGACGTTCGGTGGAGGCACCAAGCTGGAAATCAATC,,,Y,KrLLHSNGITY,mMS,AQMLERPPPT,IGKV2-109*03,IGKJ1*02,79,111,11,163,171,3,280,309,10,302,1,37,7,0,0,0,0,49,2,,
Seq39_Grp39_IGKV2-109*03_IGKJ1*02_Len(302|1|37)_Del(0|0),39,5,1,,GATATTGTGATGACGCAGGCTGCATTCTCCAATCCAGTCATTCTTGGAACATCAGCTTCCATCTCTTGTAGTTCTAGTAAGAGGCTTCTACATAGTAATGGCATCACTTATTTGTATTGGTACCTGCAGAGGCCAGGCCAGTCTCCTCAACTCCTGATATATCTGATGTCCAACCTTACCTCTGGAGTCCCAGACAGGCTCAGTCGCAGTGGGTCAGGAACTGATTTCACACTGAGAATCAGCAGAGTGGAGGCTGAGGATGTGGGTGCTTATTACTGTGCTCAAATGGTAGAACGCCCTCCGCCGACGTTCGGTGTAGGCACCAAGCTGGAAATCAATC,GATATTGTGATGACGCAGGCTGCATTCTCCAATCCAGTCACTCTTGGAACATCAGCTTCCATCTCTTGTAGTTCTAGTAAGAGGCTCCTACATAGTAATGGCATCACTTATTTGTATTGGTATCTGCAGAGGCCAGGCCAGTCTCCTCAACTCCTGATATATCTGATGTCCAACCTTGCCTCAGGAGTCCCAGACAGGCTCAGTCGCAGTGGGTCAGGAACTGATTTCACACTGAGAATCAGCAGAGTGGAGGCTGAGGATGTGGGTGCTTATTACTGTGCTCAAATGCTAGAACGCCCTCCGCCGACGTTCGGTGGAGGCACCAAGCTGGAAATCAATC,,,Y,KrLLHSNGITY,mMS,AQMVERPPPT,IGKV2-109*03,IGKJ1*02,79,111,11,163,171,3,280,309,10,302,1,37,13,0,1,0,0,49,2,,
Seq40_Grp40_IGKV2-109*03_IGKJ1*02_Len(302|1|37)_Del(0|0),40,5,1,,GATATTGTGATGACGCAGGCTGCATTCTCCAATCCAGTCACTCTTGGAACACCAGTTTCCATCTCTTGCAGTTCTAGTAAGAGTCTCCTACATAGTGATGGCATCACTTATTTGTATTGGTATCTGCAGAGGCCAGGCCAGTCTCCTCAGCTCCTGATATATCGGATGTCCAATCTTGCCTCAGGGGTCCCAGACAGGTTCAGTGGCAGTGGGTCAGGAACTGATTTCACACTGAGAATCAGCAGAGTGGAGGCTGAGGATGTGGGTGTTTATTACTGTGCTCAGATGCTAGAACGCCCTCCGCCGACGTTCAGTGGAGGCACCAAGCTGGAAATCAATC,GATATTGTGATGACGCAGGCTGCATTCTCCAATCCAGTCACTCTTGGAACATCAGCTTCCATCTCTTGCAGTTCTAGTAAGAGTCTCCTACATAGTAATGGCATCACTTATTTGTATTGGTATCTGCAGAGGCCAGGCCAGTCTCCTCAGCTCCTGATATATCGGATGTCCAACCTTGCCTCAGGAGTCCCAGACAGGTTCAGTGGCAGTGGGTCAGGAACTGATTTCACACTGAGAATCAGCAGAGTGGAGGCTGAGGATGTGGGTGTTTATTACTGTGCTCAAATGCTAGAACGCCCTCCGCCGACGTTCGGTGGAGGCACCAAGCTGGAAATCAATC,,,Y,KSLLHSdGITY,RMS,AQMLERPPPT,IGKV2-109*03,IGKJ1*02,79,111,11,163,171,3,280,309,10,302,1,37,6,0,1,0,0,49,2,,
Seq41_Grp41_IGKV2-109*03_IGKJ1*02_Len(302|1|37)_Del(0|0),41,5,1,,GGTATTGTGATGACGCAGGCTGCATTCTCCAATCCAGTCACTCTTGGAACACCAGTTTCCATCTTTTGCAGTTCTAGTAAGAGTCTCCTACATAGTGATGGCATCACTTATTTGTATTGGTATCCGCAGAGGCCAGGCCAGTCTCCTCAGCTCCTGATACATCGGATGTCCAATCTTGCCTCAGGGGTCTCAGACAGGTTCAATGGCAGTGGGTCAGGAACTGATTTCACACTGAGAATCAGCAGAGTGGAGGCTGAGGATGTGGGTGTTTATTACTGTGCTCAGATGCTAGAACGCCCTCCGCCGACGTTCAGTGGAGGCACCAAGCTGGAAATCGATC,GATATTGTGATGACGCAGGCTGCATTCTCCAATCCAGTCACTCTTGGAACACCAGTTTCCATCTCTTGCAGTTCTAGTAAGAGTCTCCTACATAGTGATGGCATCACTTATTTGTATTGGTATCTGCAGAGGCCAGGCCAGTCTCCTCAGCTCCTGATATATCGGATGTCCAATCTTGCCTCAGGGGTCCCAGACAGGTTCAGTGGCAGTGGGTCAGGAACTGATTTCACACTGAGAATCAGCAGAGTGGAGGCTGAGGATGTGGGTGTTTATTACTGTGCTCAGATGCTAGAACGCCCTCCGCCGACGTTCAGTGGAGGCACCAAGCTGGAAATCAATC,,,Y,KSLLHSdGITY,RMS,AQMLERPPPT,IGKV2-109*03,IGKJ1*02,79,111,11,163,171,3,280,309,10,302,1,37,12,0,2,0,0,49,2,,
Seq42_Grp42_IGKV2-109*03_IGKJ1*02_Len(302|1|37)_Del(0|0),42,5,1,,GATATTGTGATGACGCAGGCTGCATTCTCCAATCCAGTCACTCTTGGAACATCAGCTTCCATCTCTTGCAGTTCTAGTAAGAGTCTCCTACATAGTAATGGCATCACTTATTTGCATTGGTATCTGCAGAGGCCAGGCCAGTCTCCTCAGCTCCAGATATATCGGATATCCAACCTTGCCTCAGGAGTCCCAGACAGGTACAGTGGTAGTGGGTCAGGTACTGATTTCACACTGAGAGTCAGCAGAGTGGAGGCTGAGGATGTGGGTGTTTATTACTGTGCTCAAATGCTAGAACGCCCTCCGCCGACGTTCGGTGGAGGCACCAAGCTGGAAATCAATC,GATATTGTGATGACGCAGGCTGCATTCTCCAATCCAGTCACTCTTGGAACATCAGCTTCCATCTCTTGCAGTTCTAGTAAGAGTCTCCTACATAGTAATGGCATCACTTATTTGTATTGGTATCTGCAGAGGCCAGGCCAGTCTCCTCAGCTCCTGATATATCGGATGTCCAACCTTGCCTCAGGAGTCCCAGACAGGTTCAGTGGCAGTGGGTCAGGAACTGATTTCACACTGAGAATCAGCAGAGTGGAGGCTGAGGATGTGGGTGTTTATTACTGTGCTCAAATGCTAGAACGCCCTCCGCCGACGTTCGGTGGAGGCACCAAGCTGGAAATCAATC,,,Y,KSLLHSNGITY,RiS,AQMLERPPPT,IGKV2-109*03,IGKJ1*02,79,111,11,163,171,3,280,309,10,302,1,37,7,0,0,0,0,49,2,,
Seq43_Grp43_IGKV2-109*03_IGKJ1*02_Len(302|1|37)_Del(0|0),43,5,1,,GATATTGTGATGACGCAGGCTGCATTCTCCAATCCAATCACTCTTGGAACATCAGCTTCCATCTCTTGCAGTTCTAGTAAGAGTCTCCTACATAGTAATGACATCACTTATTTGCATTGGTATCTGCAGAGGCCAGGCCAGTCTCCTCAGCTCCAGATATATCGGATATCCAACCTTGCCTCAGGAGTCCCAGACAGGTACATTGGTCGTGGGTCAGGTACTGATTTCACACTGAGAGTCAGCCGAGTGGAGGCTGAGGATGTGGATGTTTATTACTGTGCTCAAATGCTGGAACGCCCTCCGCCGACGTTCGGTGGAGGCACCAAGCTGGAAATCAATC,GATATTGTGATGACGCAGGCTGCATTCTCCAATCCAGTCACTCTTGGAACATCAGCTTCCATCTCTTGCAGTTCTAGTAAGAGTCTCCTACATAGTAATGGCATCACTTATTTGCATTGGTATCTGCAGAGGCCAGGCCAGTCTCCTCAGCTCCAGATATATCGGATATCCAACCTTGCCTCAGGAGTCCCAGACAGGTACAGTGGTAGTGGGTCAGGTACTGATTTCACACTGAGAGTCAGCAGAGTGGAGGCTGAGGATGTGGGTGTTTATTACTGTGCTCAAATGCTAGAACGCCCTCCGCCGACGTTCGGTGGAGGCACCAAGCTGGAAATCAATC,,,Y,KSLLHSNdITY,RiS,AQMLERPPPT,IGKV2-109*03,IGKJ1*02,79,111,11,163,171,3,280,309,10,302,1,37,14,0,0,0,0,49,2,,
Seq44_Grp44_IGKV2-109*03_IGKJ1*02_Len(302|1|37)_Del(0|0),44,5,1,,GATATTGTGATGACGCAGGCTGCATTCTCCAATCCAGTCATTCTTGGAACATCAGCTTCCATCTCTTGTAGCTCTAGTATGAGGCTTCTACATAGTAATGGCATCCCTTATTTGTATTGGTGCCTGCAGAGGCCAGGCCAGTCTCCTCAACTCCTGATATATCTGATGTCCAGCCTTAGCTCTGGAGTCCCAGACAGGCTCAGTCGCAGTGGGTCAGGAACTGATTTCACACTGAGAATCAGCAGAGTGGAGGCTGAGGATGTGGGTGCTTATTACTGTGCTCAAATGGTAGAACGCCCTCCGCTGACGTTCGGTGTAGGCACCAAGCTGGAAATCAATC,GATATTGTGATGACGCAGGCTGCATTCTCCAATCCAGTCATTCTTGGAACATCAGCTTCCATCTCTTGTAGTTCTAGTAAGAGGCTTCTACATAGTAATGGCATCACTTATTTGTATTGGTACCTGCAGAGGCCAGGCCAGTCTCCTCAACTCCTGATATATCTGATGTCCAACCTTACCTCTGGAGTCCCAGACAGGCTCAGTCGCAGTGGGTCAGGAACTGATTTCACACTGAGAATCAGCAGAGTGGAGGCTGAGGATGTGGGTGCTTATTACTGTGCTCAAATGGTAGAACGCCCTCCGCCGACGTTCGGTGTAGGCACCAAGCTGGAAATCAATC,,,Y,mrLLHSNGIpY,mMS,AQMVERPPLT,IGKV2-109*03,IGKJ1*02,79,111,11,163,171,3,280,309,10,302,1,37,19,0,2,0,0,49,2,,
Seq45_Grp45_IGKV2-109*03_IGKJ1*02_Len(302|1|37)_Del(0|0),45,5,1,,GATATTGTGATGACGCAGGCTGCATTCTCCAATCCAGTCATTCTTGGAACATCAGCTTCCATCTCTTGTAGCTCTAGTATGAGGCTTCTCCATAGTAATTGCATCCCTTATTTGTATTGGTGCCTGCAGAGGCCAGGCCAGTCTCCTCAACTCCTGATATATCTGATGTCCAGCCTTAGCTCTAGAGTCCCAGAAAGGCTCAGTCGCAGTGGGTCAGGAACTGATTTCACACTGAGAATCAGCAGAGTGGAGGCTGGGGATGTGGGTGCTTATTACTGTGCTCAAATGGTAGAACGCCCTCAGCTGACGTTCGGTGTAGGCACCAAGCTGGAAATCAGTC,GATATTGTGATGACGCAGGCTGCATTCTCCAATCCAGTCATTCTTGGAACATCAGCTTCCATCTCTTGTAGCTCTAGTATGAGGCTTCTACATAGTAATGGCATCCCTTATTTGTATTGGTGCCTGCAGAGGCCAGGCCAGTCTCCTCAACTCCTGATATATCTGATGTCCAGCCTTAGCTCTGGAGTCCCAGACAGGCTCAGTCGCAGTGGGTCAGGAACTGATTTCACACTGAGAATCAGCAGAGTGGAGGCTGAGGATGTGGGTGCTTATTACTGTGCTCAAATGGTAGAACGCCCTCCGCTGACGTTCGGTGTAGGCACCAAGCTGGAAATCAATC,,,Y,mrLLHSNcIpY,mMS,AQMVERPQLT,IGKV2-109*03,IGKJ1*02,79,111,11,163,171,3,280,309,10,302,1,37,25,0,3,0,0,49,2,,
Seq46_Grp46_IGLV3*01_IGLJ5*01_Len(309|0|34)_Del(0|4),46,6,1,,CAACCTGTGCTCACTCAGTCATCTTCAGCTTCTTTCTCCCTGGGAGCCTCAGCAAAACTCACGTGCACCTTGAGTAGTGAGCACAGTACGTACATCATTGAATGGTACCAGCAACAGCCACTCAAGCCTCCTAAGTATGTGATGCAGCTTAAGAAAGATGGAAGCCACAGCAAGGGTGATGGGATCCCTGATCGCTTCTCTGGATCCAGCTCTGGTGCTGATCGCTACCTTAGCATCTCCAACATCCAGCCTGAAGATGAAGCAATATACATCTGTGGTGTAGATGACAATATTAGGGGACAATTCGTGGTGTTCGGAGGTGGAACCAGATTGACTGTCCTAG,CAACCTGTGCTCACTCAGTCATCTTCAGCTTCTTTCTCCCTGGGAGCCTCAGCAAAACTCACGTGCACCTTGAGTAGTGAGCACAGTACGTACATCATTGAATGGTACCAGCAACAGCCACTCAAGCCTCCTAAGTATGTGATGCAGCTTAAGAAAGATGGAAGCCACAGCAAGGGTGATGGGATCCCTGATCGCTTCTCTGGATCCAGCTCTGGTGCTGATCGCTACCTTAGCATCTCCAACATCCAGCCTGAAGATGAAGCAATATACATCTGTGGTGTAGATGACAATATTAGGGGACAATTCGTGGTGTTCGGAGGTGGAACCAGATTGACTGTCCTAG,,,Y,SEHSTYI,LKKDGSH,GVDDNIRGQFVV,IGLV3*01,IGLJ5*01,76,96,7,148,168,7,277,312,12,309,0,34,0,0,0,0,4,16,7,,
Seq47_Grp47_IGLV3*01_IGLJ5*01_Len(309|0|34)_Del(0|4),47,6,1,,CAACCTGTGCTCACCCAGTCATCTTCAGCTTATTTCTCCCTGGGAGCCTCAGCAAAACTCACGTGCACCTTGAGTAGTGAGCACAGTACGTACATCATTGAATGGTACCAGCAACAGCCACTCAAGCCTCCTAAGTATGTGATGCAGCTTAAGAAAGATGAAAGCCACAGCAAGGGTGATGGGATCCCTGATCGCTTCTCTGGATCCAGCTCGGGTGCTGATCGCTACCTTAGCATCTCCAACGTCCAGCCTGAAGATGAAGCAATATACATCTGTGGTGTAGATGACACTGTTAGGGGACAATTCGTGGTGTTCGGAGGTGGAACCAGATTGACTGTCCTAG,CAACCTGTGCTCACTCAGTCATCTTCAGCTTCTTTCTCCCTGGGAGCCTCAGCAAAACTCACGTGCACCTTGAGTAGTGAGCACAGTACGTACATCATTGAATGGTACCAGCAACAGCCACTCAAGCCTCCTAAGTATGTGATGCAGCTTAAGAAAGATGGAAGCCACAGCAAGGGTGATGGGATCCCTGATCGCTTCTCTGGATCCAGCTCTGGTGCTGATCGCTACCTTAGCATCTCCAACATCCAGCCTGAAGATGAAGCAATATACATCTGTGGTGTAGATGACAATATTAGGGGACAATTCGTGGTGTTCGGAGGTGGAACCAGATTGACTGTCCTAG,,,Y,SEHSTYI,LKKDeSH,GVDDTVRGQFVV,IGLV3*01,IGLJ5*01,76,96,7,148,168,7,277,312,12,309,0,34,7,0,0,0,4,16,7,,
Seq48_Grp48_IGLV3*01_IGLJ5*01_Len(309|0|34)_Del(0|4),48,6,1,,CAACCTGTGCTCACCCAGTCATCTTCAGCTTATTTCCCCCTGGGAGCCTCAGCAAAACTCACGTGCATCTTGAGTAGTGAGCACAGTACGTACATCATTGAATGGTACCAGCAACAGCCACTCAAGCCTCCTAAGTATGTGATGCAACTTAAGAAAGATGAATGCCACAGCAAGGGTGATGGGATCCCTGATCGCTTCTCTGGATCCAGCTCGGGTGCTGATCGCTACCTTAGCATCTCCAACGTCCAGCCTGAAGATGAAGCAATATACATCTGTGGTGTAAATGACACTGTCAGGGGACAATTCGTGGTGTTCGGAGGCGGAACCAGATTGACTGTCCTAG,CAACCTGTGCTCACCCAGTCATCTTCAGCTTATTTCTCCCTGGGAGCCTCAGCAAAACTCACGTGCACCTTGAGTAGTGAGCACAGTACGTACATCATTGAATGGTACCAGCAACAGCCACTCAAGCCTCCTAAGTATGTGATGCAGCTTAAGAAAGATGAAAGCCACAGCAAGGGTGATGGGATCCCTGATCGCTTCTCTGGATCCAGCTCGGGTGCTGATCGCTACCTTAGCATCTCCAACGTCCAGCCTGAAGATGAAGCAATATACATCTGTGGTGTAGATGACACTGTTAGGGGACAATTCGTGGTGTTCGGAGGTGGAACCAGATTGACTGTCCTAG,,,Y,SEHSTYI,LKKDecH,GVNDTVRGQFVV,IGLV3*01,IGLJ5*01,76,96,7,148,168,7,277,312,12,309,0,34,13,0,1,0,4,16,7,,
Seq49_Grp49_IGLV3*01_IGLJ5*01_Len(309|0|34)_Del(0|4),49,6,1,,CAACCTGTGCTCACTCAGTCATCTTCAGCTTCTTTCTCCCTGGGAGCCTCAGCAAACCTCACGTGCACCTTGAGTAGTCAGCACAGTACGTACATCATTGAAGGGTACCAGCAACAGCCACTCAAGTCTCCTAAGTATGTGATGCAGCTTAAGAAAGATGGAAGCCACAGCGAGGGTGATGGGATCCTTGATCGCTTCTCTGGATCCAGCTCTGGTGCTGATCGCTACCTTAGCATCTCCAACATCCAGCCTGAAGATGAAGCAATATACATCTGTGGTGTAGATGACAATATTAGGGGACAATTCGTGGTGTTCGGAGGTGGAACCGGATTGACTGTCCTAG,CAACCTGTGCTCACTCAGTCATCTTCAGCTTCTTTCTCCCTGGGAGCCTCAGCAAAACTCACGTGCACCTTGAGTAGTGAGCACAGTACGTACATCATTGAATGGTACCAGCAACAGCCACTCAAGCCTCCTAAGTATGTGATGCAGCTTAAGAAAGATGGAAGCCACAGCAAGGGTGATGGGATCCCTGATCGCTTCTCTGGATCCAGCTCTGGTGCTGATCGCTACCTTAGCATCTCCAACATCCAGCCTGAAGATGAAGCAATATACATCTGTGGTGTAGATGACAATATTAGGGGACAATTCGTGGTGTTCGGAGGTGGAACCAGATTGACTGTCCTAG,,,Y,SqHSTYI,LKKDGSH,GVDDNIRGQFVV,IGLV3*01,IGLJ5*01,76,96,7,148,168,7,277,312,12,309,0,34,6,0,1,0,4,16,7,,
Seq50_Grp50_IGLV3*01_IGLJ5*01_Len(309|0|34)_Del(0|4),50,6,1,,CAACCTGTGCTCACTCAGTCATCTTCAGCTTCTTTCTCCCTGGGATCCTCAGCAAACCTCACGTGCACCTTGAGTGGTGAGCACAGTACGTACATCATTGAAGGGTACCAGCAACAGCCACTCGAGTCTCCTAAGTATGTGATGCAGCTTAAGAAAGATGGAAGCCACAGCGAGGGTGATGGGATCCTTGATCGCTTCTCTGGATCCAGCTCTGGTGCTGATCGCTACCTTAGCATCTCCAACATCCAGCCTGAAGATGAAGCAATATACATCTGTGGTGTAGATGACAATATTTGGGGACAATTCGTGGTGTTCGGAGGTGGAGCCGGATTGACTGCCCTAG,CAACCTGTGCTCACTCAGTCATCTTCAGCTTCTTTCTCCCTGGGAGCCTCAGCAAACCTCACGTGCACCTTGAGTAGTCAGCACAGTACGTACATCATTGAAGGGTACCAGCAACAGCCACTCAAGTCTCCTAAGTATGTGATGCAGCTTAAGAAAGATGGAAGCCACAGCGAGGGTGATGGGATCCTTGATCGCTTCTCTGGATCCAGCTCTGGTGCTGATCGCTACCTTAGCATCTCCAACATCCAGCCTGAAGATGAAGCAATATACATCTGTGGTGTAGATGACAATATTAGGGGACAATTCGTGGTGTTCGGAGGTGGAACCGGATTGACTGTCCTAG,,,Y,gEHSTYI,LKKDGSH,GVDDNIWGQFVV,IGLV3*01,IGLJ5*01,76,96,7,148,168,7,277,312,12,309,0,34,9,0,3,0,4,16,7,,
Seq51_Grp51_IGLV3*01_IGLJ5*01_Len(309|0|34)_Del(0|4),51,6,1,,CAACCTGTGCTCACCCAGTCATCTTCAGCTTATTTCTCCCTGGGAGCCTCAGCAAAACTCACGTGCACCATGAGTAGTGAGCACAGTACGTACATCATTGAATGGTACCGGCAACAGCCACTCAAGCCACCTAAGTATGTGACGCAGCTTAAGAAAGATGAAAGCCACAGCAAGGGTGATGGGATCCCTGATCGCTTCTCTGGATCCAGATCGGGTGCTGATCGCTACTTTAGCATCTCCAACGTCCAGCCTGAAGATGAAGCAATATACATCTGTGGTGTAGATGACACTCTTAGGGGACAATTCGTGGTGTTCGGAGGTGGAACCAGATTGACTGTCCTAG,CAACCTGTGCTCACCCAGTCATCTTCAGCTTATTTCTCCCTGGGAGCCTCAGCAAAACTCACGTGCACCTTGAGTAGTGAGCACAGTACGTACATCATTGAATGGTACCAGCAACAGCCACTCAAGCCTCCTAAGTATGTGATGCAGCTTAAGAAAGATGAAAGCCACAGCAAGGGTGATGGGATCCCTGATCGCTTCTCTGGATCCAGCTCGGGTGCTGATCGCTACCTTAGCATCTCCAACGTCCAGCCTGAAGATGAAGCAATATACATCTGTGGTGTAGATGACACTGTTAGGGGACAATTCGTGGTGTTCGGAGGTGGAACCAGATTGACTGTCCTAG,,,Y,SEHSTYI,LKKDeSH,GVDDTLRGQFVV,IGLV3*01,IGLJ5*01,76,96,7,148,168,7,277,312,12,309,0,34,13,0,0,0,4,16,7,,
Seq52_Grp52_IGLV3*01_IGLJ5*01_Len(309|0|34)_Del(0|4),52,6,1,,CAACCTGTACTCACCCAGTCATCTTCATCTTATTTCTCCCTGGGAGCCTCAGCAAAACTCACGTGCACCATGAGTTGTGAGCACAGTACGTACATCATTGAATGGTACCGGCAACAGCCACTCAAGCCACCTAAGTATGTGACGCAGCTTATGAAGGATGAAAGCCACAGCAAGGGTGACGGGATCCCTGATCGCTTCTCTGGATCCAGATCGGGTGCTGATAGCTACTTTAGCATCTCCAACGTCCAGCCTGAAGATGAAGCAATATACATCTGTGGTGTAGATGACACTCTTAGGGGACAATTCGTGGTGTTCGGAGGTGGAACCAGATTGACTGTCCTAG,CAACCTGTGCTCACCCAGTCATCTTCAGCTTATTTCTCCCTGGGAGCCTCAGCAAAACTCACGTGCACCATGAGTAGTGAGCACAGTACGTACATCATTGAATGGTACCGGCAACAGCCACTCAAGCCACCTAAGTATGTGACGCAGCTTAAGAAAGATGAAAGCCACAGCAAGGGTGATGGGATCCCTGATCGCTTCTCTGGATCCAGATCGGGTGCTGATCGCTACTTTAGCATCTCCAACGTCCAGCCTGAAGATGAAGCAATATACATCTGTGGTGTAGATGACACTCTTAGGGGACAATTCGTGGTGTTCGGAGGTGGAACCAGATTGACTGTCCTAG,,,Y,cEHSTYI,LmKDeSH,GVDDTLRGQFVV,IGLV3*01,IGLJ5*01,76,96,7,148,168,7,277,312,12,309,0,34,20,0,0,0,4,16,7,,
Seq53_Grp53_IGLV3*01_IGLJ5*01_Len(309|0|34)_Del(0|4),53,6,1,,CAACCTCTGCTCACTCAGTCACCTTCAGCTTCTTTCTCCCTGGGAGCCTCAGCAAACCTCACGTGCACCTTGAGTAGTCAGCACAGTACGTACATCATTGAAGGGTACCAGCAACAGCCACTCAAGTCTCCCAAGTATGTGATGCAGCTTAAGAAAGATGGAAGCCACAGCGAGGGTGATGGGATCCTTGATCGCGTCTCTGGATCCAGCTCTGGTGCTGATCGCTACCTTAGCATCTCCAACATCCAGCCTGAAGATGAAGCAGTATACATCTGTGGTGTAGATGACAATATTAGGGGACAATTCGTGGTGTTCGGACGGGGAACCGGATTGACTGTCCTAG,CAACCTGTGCTCACTCAGTCATCTTCAGCTTCTTTCTCCCTGGGAGCCTCAGCAAACCTCACGTGCACCTTGAGTAGTCAGCACAGTACGTACATCATTGAAGGGTACCAGCAACAGCCACTCAAGTCTCCTAAGTATGTGATGCAGCTTAAGAAAGATGGAAGCCACAGCGAGGGTGATGGGATCCTTGATCGCTTCTCTGGATCCAGCTCTGGTGCTGATCGCTACCTTAGCATCTCCAACATCCAGCCTGAAGATGAAGCAATATACATCTGTGGTGTAGATGACAATATTAGGGGACAATTCGTGGTGTTCGGAGGTGGAACCGGATTGACTGTCCTAG,,,Y,SqHSTYI,LKKDGSH,GVDDNIRGQFVV,IGLV3*01,IGLJ5*01,76,96,7,148,168,7,277,312,12,309,0,34,11,0,3,0,4,16,7,,
Seq54_Grp54_IGLV3*01_IGLJ5*01_Len(309|0|34)_Del(0|4),54,6,1,,CAACCTCTGCTCACTCAGTCACCTTCAGCTTCTTTCTCCCTGGGAGCCTCAGCAAACCTCACGTGCACCTTGAGTAGCCAGCACAGTACGTACATCATTGAAGGGTACCAGCAACAGCCACTCAAGTCTCCCAAGGGTGTGATGCAGCTTAAGAAAGATGGAAGCCACAGCGAGGGGGATGGGATCCTTGTTCGCGTCTCTGGATCCAGCTCTGGTGCTTATCGCTACCTTAGCATCTCCAACATCCAGCCTGAAGATGAAGCAGTATACATCTGTGGTGTAGATGACAATATTAGGGGACAATTCGTGGTGTTCGGATGGGGAACCGGATTGACTGTCCTAG,CAACCTCTGCTCACTCAGTCACCTTCAGCTTCTTTCTCCCTGGGAGCCTCAGCAAACCTCACGTGCACCTTGAGTAGTCAGCACAGTACGTACATCATTGAAGGGTACCAGCAACAGCCACTCAAGTCTCCCAAGTATGTGATGCAGCTTAAGAAAGATGGAAGCCACAGCGAGGGTGATGGGATCCTTGATCGCGTCTCTGGATCCAGCTCTGGTGCTGATCGCTACCTTAGCATCTCCAACATCCAGCCTGAAGATGAAGCAGTATACATCTGTGGTGTAGATGACAATATTAGGGGACAATTCGTGGTGTTCGGACGGGGAACCGGATTGACTGTCCTAG,,,Y,SqHSTYI,LKKDGSH,GVDDNIRGQFVV,IGLV3*01,IGLJ5*01,76,96,7,148,168,7,277,312,12,309,0,34,17,0,3,0,4,16,7,,
Seq55_Grp55_IGLV2*01_IGLJ4*01_Len(293|2|37)_Del(1|5),55,7,1,,CAGGCTGTTGTGACTCAGGAGTCTGCACTCACCACATCACCTGGTGGTACAGTCATACTCACTTGTCGCTCAAGTACTGGGGCTGTTACAACTAGTAACTATGCCATTTGGGTCCAAGAAAAAACAGATCATTTATTCGCTGGTGTAATAGGTGATACAAGCAACCGAGCTCCAGGTGTTCCTGCCAGATTCTCAGGCTCCCTGATTGGAGACAAGGCTGCCCTCACCATCACAGGGGCACAGACTGAGGATGATGCAATGTATTTCTGTGCTCTATGGTACAGCAACCATTTTGTGTTCGGAGGTGGAACCAGATTGACTGTCCTAGATGA,CAGGCTGTTGTGACTCAGGAGTCTGCACTCACCACATCACCTGGTGGTACAGTCATACTCACTTGTCGCTCAAGTACTGGGGCTGTTACAACTAGTAACTATGCCATTTGGGTCCAAGAAAAAACAGATCATTTATTCGCTGGTGTAATAGGTGATACAAGCAACCGAGCTCCAGGTGTTCCTGCCAGATTCTCAGGCTCCCTGATTGGAGACAAGGCTGCCCTCACCATCACAGGGGCACAGACTGAGGATGATGCAATGTATTTCTGTGCTCTATGGTACAGCAACCATTTTGTGTTCGGAGGTGGAACCAGATTGACTGTCCTAGATGA,,,Y,TGAVTTSNY,DTS,ALWYSNHFV,IGLV2*01,IGLJ4*01,76,102,9,154,162,3,271,297,9,293,2,37,0,0,0,1,5,15,5,,
Seq56_Grp56_IGLV2*01_IGLJ4*01_Len(293|2|37)_Del(1|5),56,7,1,,CAAGCTGTTGTGACTCAGGAGTCTGCACTCACGACATCACCCGGTGGTACAGTCATACTCACTTGTCGCTCAAGTACTGGGACTGTTACAACTAGTAACTATGCCATTTGGGTCCAAGAAAAAACAGATCATTTATTCGCTGGTGTAATAGGTGATACAAGCAACCGAGCTCCAGGTGTTCCTGCCAGATTCTCAGGCTCCCTGATTGGAGACAAGGCTGCCCTCACCATCATAGGGGCACAGACTGAGGATGATGCAATGTATTTTTGTGCTCTATGGTACGGCAACCATTTTGTGTTCGGAGGTGGAACCAGATTGACTGTCCTAGATGA,CAGGCTGTTGTGACTCAGGAGTCTGCACTCACCACATCACCTGGTGGTACAGTCATACTCACTTGTCGCTCAAGTACTGGGGCTGTTACAACTAGTAACTATGCCATTTGGGTCCAAGAAAAAACAGATCATTTATTCGCTGGTGTAATAGGTGATACAAGCAACCGAGCTCCAGGTGTTCCTGCCAGATTCTCAGGCTCCCTGATTGGAGACAAGGCTGCCCTCACCATCACAGGGGCACAGACTGAGGATGATGCAATGTATTTCTGTGCTCTATGGTACAGCAACCATTTTGTGTTCGGAGGTGGAACCAGATTGACTGTCCTAGATGA,,,Y,TGtVTTSNY,DTS,ALWYGNHFV,IGLV2*01,IGLJ4*01,76,102,9,154,162,3,271,297,9,293,2,37,7,0,0,1,5,15,5,,
Seq57_Grp57_IGLV2*01_IGLJ4*01_Len(293|2|37)_Del(1|5),57,7,1,,CAAGCTGTTGTGACTCAGCAGTCTGCACTCACGACATCACCCGGTGGTACAGTCACACTCACTTGTCGCTCAAGTACTGGGACTGTTACAACTAGTAACTATGCCATTTGGGTCCAAGAAAAAACAGATCATTTATTCGCTGGTGTAATAGGTGATACAACCAACCGAGCTCCAGGTGTTCCTGCTAGATTCTCAGGCTCCCTGATTGGAGACAAGGCTGCCCTCACCAGCATAGGGGCACAGACTGAGGATGAGGCAATGTATTTTTGTGCTCTATGGTACGGCAACCATTTTGTGTTCGGAGGTGGAACCAGATTGACTGTCCTAGATGG,CAAGCTGTTGTGACTCAGGAGTCTGCACTCACGACATCACCCGGTGGTACAGTCATACTCACTTGTCGCTCAAGTACTGGGACTGTTACAACTAGTAACTATGCCATTTGGGTCCAAGAAAAAACAGATCATTTATTCGCTGGTGTAATAGGTGATACAAGCAACCGAGCTCCAGGTGTTCCTGCCAGATTCTCAGGCTCCCTGATTGGAGACAAGGCTGCCCTCACCATCATAGGGGCACAGACTGAGGATGATGCAATGTATTTTTGTGCTCTATGGTACGGCAACCATTTTGTGTTCGGAGGTGGAACCAGATTGACTGTCCTAGATGA,,,Y,TGtVTTSNY,DTt,ALWYGNHFV,IGLV2*01,IGLJ4*01,76,102,9,154,162,3,271,297,9,293,2,37,13,0,1,1,5,15,5,,
Seq58_Grp58_IGLV2*01_IGLJ4*01_Len(293|2|37)_Del(1|5),58,7,1,,CACGCTGTTGTGACTCAGGAGTCTGCACTCACGACATCACCTGGTGGTACAGTCATACTCACTTGTCGCTCAAGTACTGGGGCTGTTACAACTAGTAACTATGCCATTTGGCTCCAAGAAAGAACAGATCATTTATTCGCTGGTGTAATAGGTGATACAAGCAACCGAGCTCAAGGTGTTCCTGCCCGATTCTCAGGCTCCCTGATTGGAGACAAGGCTGCCCTCACCATCACAGGGGCACAGACTGAGGATGATGCAATGTATTTCTGTGCTCTATGGTACAGCAACCATTTTGTGTTCGGAGGTGGAACCAGATTGACGGTCCTAGATGA,CAGGCTGTTGTGACTCAGGAGTCTGCACTCACCACATCACCTGGTGGTACAGTCATACTCACTTGTCGCTCAAGTACTGGGGCTGTTACAACTAGTAACTATGCCATTTGGGTCCAAGAAAAAACAGATCATTTATTCGCTGGTGTAATAGGTGATACAAGCAACCGAGCTCCAGGTGTTCCTGCCAGATTCTCAGGCTCCCTGATTGGAGACAAGGCTGCCCTCACCATCACAGGGGCACAGACTGAGGATGATGCAATGTATTTCTGTGCTCTATGGTACAGCAACCATTTTGTGTTCGGAGGTGGAACCAGATTGACTGTCCTAGATGA,,,Y,TGAVTTSNY,DTS,ALWYSNHFV,IGLV2*01,IGLJ4*01,76,102,9,154,162,3,271,297,9,293,2,37,6,0,1,1,5,15,5,,
Seq59_Grp59_IGLV2*01_IGLJ4*01_Len(293|2|37)_Del(1|5),59,7,1,,CACGCTGTCGTGACTCAGGAGTCTGCACTCACGACATCACCTGGTGGTACAGTCATACTCACTTGTCGCTCAAGTACTGGGGCTGTTACAACTAGTAACTATGCCGTTTGGCTCCAGGAAAGAACAGATCATTTATTCACTGGTGTAATAGTTGATACAAGCAACCGAGCTCAAGGTGTTCCTGCCCGACTCTCAGGCTCCCTGATTGGAGACAAGGCTGCCCTCACCATCACAGGGGCACAGACTGAGGATGATGCAATGTATTTCTGTGCTCTAGGGTACAGCAACCATTTTGTGTTCGGAGGTGGAACCAGATTGACGGTCCTAGATGA,CACGCTGTTGTGACTCAGGAGTCTGCACTCACGACATCACCTGGTGGTACAGTCATACTCACTTGTCGCTCAAGTACTGGGGCTGTTACAACTAGTAACTATGCCATTTGGCTCCAAGAAAGAACAGATCATTTATTCGCTGGTGTAATAGGTGATACAAGCAACCGAGCTCAAGGTGTTCCTGCCCGATTCTCAGGCTCCCTGATTGGAGACAAGGCTGCCCTCACCATCACAGGGGCACAGACTGAGGATGATGCAATGTATTTCTGTGCTCTATGGTACAGCAACCATTTTGTGTTCGGAGGTGGAACCAGATTGACGGTCCTAGATGA,,,Y,TGAVTTSNY,DTS,ALGYSNHFV,IGLV2*01,IGLJ4*01,76,102,9,154,162,3,271,297,9,293,2,37,13,0,1,1,5,15,5,,
Seq60_Grp60_IGLV2*01_IGLJ4*01_Len(293|2|37)_Del(1|5),60,7,1,,CACGCTGTCGTGACTCAGGAGTCTGCACTCACGACATTATCTGGTGGTACAGTCATACTCACTTGTCGCTCAAGTACTGGGGCTGTTACAACTAGTAACTATGCCGTTTGGCTCCAGGAAAGAACAGATCATTTATTCACTGGTGTAATGGTTGATACAAACAACCAAGCTCAAGGTGTTCCTGCCCGACTCTCAGGCTCCCTGATTGGAGACAAGGCTGCCCTCACCATCACAGGGGCACAGACTGAGGATGATGCAATGTACTTCTGTGCTCTAGGATACAGCAACCATTTTGTGTTCGGAGGTGGAACCAGATTGACGGTCCTAGATGA,CACGCTGTCGTGACTCAGGAGTCTGCACTCACGACATCACCTGGTGGTACAGTCATACTCACTTGTCGCTCAAGTACTGGGGCTGTTACAACTAGTAACTATGCCGTTTGGCTCCAGGAAAGAACAGATCATTTATTCACTGGTGTAATAGTTGATACAAGCAACCGAGCTCAAGGTGTTCCTGCCCGACTCTCAGGCTCCCTGATTGGAGACAAGGCTGCCCTCACCATCACAGGGGCACAGACTGAGGATGATGCAATGTATTTCTGTGCTCTAGGGTACAGCAACCATTTTGTGTTCGGAGGTGGAACCAGATTGACGGTCCTAGATGA,,,Y,TGAVTTSNY,DTn,ALGYSNHFV,IGLV2*01,IGLJ4*01,76,102,9,154,162,3,271,297,9,293,2,37,20,0,1,1,5,15,5,,
Seq61_Grp61_IGLV2*01_IGLJ4*01_Len(293|2|37)_Del(1|5),61,7,1,,CACGCTGTCGTGACGCAGGAGTCTGCACTCACGACATTATCTGGTGGTACAGTCATACTCACTTGTCGCTCAAGTACTCGGGCTGTTACAACTAGTAACTATGCCGTTTGGCTCCAGGAAAGAACAGATCATTTATTCACTGGTGTGATGGTTGATACAAACAACCAAGCTCAAGGTGTTCCTGCTCGACTCTCAGGCTCCCTGATTGGAGACAAGGCTGCCCTCACCATCACAGGGGCACAGACTGAGGATGATGCAATGTACTTCTGTGCTCTAGGATACAGGAACCATTATGTGTTCGGAGATGGAACCAGATTGACGGTCCTAGATGA,CACGCTGTCGTGACTCAGGAGTCTGCACTCACGACATTATCTGGTGGTACAGTCATACTCACTTGTCGCTCAAGTACTGGGGCTGTTACAACTAGTAACTATGCCGTTTGGCTCCAGGAAAGAACAGATCATTTATTCACTGGTGTAATGGTTGATACAAACAACCAAGCTCAAGGTGTTCCTGCCCGACTCTCAGGCTCCCTGATTGGAGACAAGGCTGCCCTCACCATCACAGGGGCACAGACTGAGGATGATGCAATGTACTTCTGTGCTCTAGGATACAGCAACCATTTTGTGTTCGGAGGTGGAACCAGATTGACGGTCCTAGATGA,,,Y,TrAVTTSNY,DTn,ALGYRNHYV,IGLV2*01,IGLJ4*01,76,102,9,154,162,3,271,297,9,293,2,37,26,0,2,1,5,15,5,,
Seq62_Grp62_IGLV2*01_IGLJ4*01_Len(293|2|37)_Del(1|5),62,7,1,,CACGCTGTCGTGACTCAGGAGTCTGCACTCACGACATCACCTGGTGGTACAGTCATACTCACTTGTCGCTCAAGTACTGGGGCTGTTACAACTAGTAACTATGCCGTTTGGCTCCGGGAAAGATCAGATCATTTATTCACTGGTGCAATAGTTGATACGAGCAACCGAGCTCAAGGTGTTCCTGCCCGACTCTCAGGCTCCCGGATGGGAAACAAGGCTGCCCTCACCATCACAGGGGCACAGACTGAGGATGATGCAATGTATTTCTGTGCTCTAGGGTACAGCAACCATTTTGTGTTCGGAGGTGGAACCAGATTGACGGTCCTAGATGA,CACGCTGTCGTGACTCAGGAGTCTGCACTCACGACATCACCTGGTGGTACAGTCATACTCACTTGTCGCTCAAGTACTGGGGCTGTTACAACTAGTAACTATGCCGTTTGGCTCCAGGAAAGAACAGATCATTTATTCACTGGTGTAATAGTTGATACAAGCAACCGAGCTCAAGGTGTTCCTGCCCGACTCTCAGGCTCCCTGATTGGAGACAAGGCTGCCCTCACCATCACAGGGGCACAGACTGAGGATGATGCAATGTATTTCTGTGCTCTAGGGTACAGCAACCATTTTGTGTTCGGAGGTGGAACCAGATTGACGGTCCTAGATGA,,,Y,TGAVTTSNY,DTS,ALGYSNHFV,IGLV2*01,IGLJ4*01,76,102,9,154,162,3,271,297,9,293,2,37,20,0,1,1,5,15,5,,
Seq63_Grp63_IGLV2*01_IGLJ4*01_Len(293|2|37)_Del(1|5),63,7,1,,CACACTGTCGTGACTCAGGAGTCTGCACTCACGACATCACCTGGTGGTACAGTCATGCTCACTTGTCGCTCAAGTACTGGGGCTGTTACAACTAGTAACTATGCCGTTTGGCTCCGGGAAAGATCAGATCATTTATTCACAGGGGCAATAGTTGATACGAGCAACCGAGCTCAAGGTCTTCCTGCCCGACTCTCAGGCTCCCGGATGGGAAACAAGGCTGCCCTCACCATCACAGGGGCACAGACTGAGGATGATGCAATGTATTTCTGTGCTCTAGGGTACAGCAAACATTTTGTGTTCGGAGGTGGAACCAGATTGACGATCCTAGATGA,CACGCTGTCGTGACTCAGGAGTCTGCACTCACGACATCACCTGGTGGTACAGTCATACTCACTTGTCGCTCAAGTACTGGGGCTGTTACAACTAGTAACTATGCCGTTTGGCTCCGGGAAAGATCAGATCATTTATTCACTGGTGCAATAGTTGATACGAGCAACCGAGCTCAAGGTGTTCCTGCCCGACTCTCAGGCTCCCGGATGGGAAACAAGGCTGCCCTCACCATCACAGGGGCACAGACTGAGGATGATGCAATGTATTTCTGTGCTCTAGGGTACAGCAACCATTTTGTGTTCGGAGGTGGAACCAGATTGACGGTCCTAGATGA,,,Y,TGAVTTSNY,DTS,ALGYSKHFV,IGLV2*01,IGLJ4*01,76,102,9,154,162,3,271,297,9,293,2,37,26,0,2,1,5,15,5,,
Seq64_Grp64_IGLV2*02_IGLJ5*01_Len(293|3|38)_Del(1|0),64,8,1,,CAGGCTGTTGTGACTCAGGAATCTGCACTCACCACATCACCTGGTGGAACAGTCATACTCACTTGTCGCTCAAGTACTGGGGCTGTTACAACTAGTAACTATGCCAACTGGGTCCAAGAAAAACCAGATCATTTATTCACTGGTCTAATAGGTGGTACCAGCAACCGAGCTCCAGGTGTTCCTGTCAGATTCTCAGGCTCCCTGATTGGAGACAAGGCTGCCCTCACCATCACAGGGGCACAGACTGAGGATGATGCAATGTATTTCTGTGCTCTATGGTACAGCACCCATTTTCGTTGGGTGTTCGGAGGTGGAACCAGATTGACTGTCCTAG,CAGGCTGTTGTGACTCAGGAATCTGCACTCACCACATCACCTGGTGGAACAGTCATACTCACTTGTCGCTCAAGTACTGGGGCTGTTACAACTAGTAACTATGCCAACTGGGTCCAAGAAAAACCAGATCATTTATTCACTGGTCTAATAGGTGGTACCAGCAACCGAGCTCCAGGTGTTCCTGTCAGATTCTCAGGCTCCCTGATTGGAGACAAGGCTGCCCTCACCATCACAGGGGCACAGACTGAGGATGATGCAATGTATTTCTGTGCTCTATGGTACAGCACCCATTTTCGTTGGGTGTTCGGAGGTGGAACCAGATTGACTGTCCTAG,,,Y,TGAVTTSNY,GTS,ALWYSTHFRWV,IGLV2*02,IGLJ5*01,76,102,9,154,162,3,271,303,11,293,3,38,0,0,0,1,0,4,7,,
Seq65_Grp65_IGLV2*02_IGLJ5*01_Len(293|3|38)_Del(1|0),65,8,1,,GAGGCTTTTGTGACTCAGGAATCTGCACTCACCACATCACCTGGTGGAACAGTCATACTCACCTGTCGCTCAAGTACTGGGGCTGTTACAACTAGTAACTATGCCAACTGGGTCCAAGAAAAACCAGATCATGTATTCACTGGTCTAATAGGTGGTACCATCAACCGAGCTCCAGGTGTTCCTGTCAGATTCTCAGGCTCCCTGATTGGAGACAAGGCTGCCCTCACCATCACAGGCGCACAGACTAAGGATGATGCAATGTATTTCTGTGCTCTATGGTACAGCACCCATTTTCGTTGGGTGTTCGGAGGTGGAACCAGATTGACTGTCCTAG,CAGGCTGTTGTGACTCAGGAATCTGCACTCACCACATCACCTGGTGGAACAGTCATACTCACTTGTCGCTCAAGTACTGGGGCTGTTACAACTAGTAACTATGCCAACTGGGTCCAAGAAAAACCAGATCATTTATTCACTGGTCTAATAGGTGGTACCAGCAACCGAGCTCCAGGTGTTCCTGTCAGATTCTCAGGCTCCCTGATTGGAGACAAGGCTGCCCTCACCATCACAGGGGCACAGACTGAGGATGATGCAATGTATTTCTGTGCTCTATGGTACAGCACCCATTTTCGTTGGGTGTTCGGAGGTGGAACCAGATTGACTGTCCTAG,,,Y,TGAVTTSNY,GTi,ALWYSTHFRWV,IGLV2*02,IGLJ5*01,76,102,9,154,162,3,271,303,11,293,3,38,7,0,0,1,0,4,7,,
Seq66_Grp66_IGLV2*02_IGLJ5*01_Len(293|3|38)_Del(1|0),66,8,1,,GAGGCTTTTGTGACCCAGGAATCTGCACTCACCACATCACCTGGTGGAACAATCATACTCACCTGTCGCTCAAGTACTGGGGCTGTTACAACTAGTAACTATGCCAACTGGGTCCAAGAAAAACCAGATCATGTATTCACTGGTCTATTAGGTGGTACCATCAACCGATCTCCAGGTGTTCCTGTCAGATTCTCAGGGTCCCTGATTGGAGAGAAGGCTGCCCTCACCATCACAGGCGCACAGACTAAGCATGATGCAATGTATTTCTGTGCTCTATGGTACAGCACCCATTTTCGTTGGGTGTTCGGAGGTGGAACCAGATTGACTGTCCTAG,GAGGCTTTTGTGACTCAGGAATCTGCACTCACCACATCACCTGGTGGAACAGTCATACTCACCTGTCGCTCAAGTACTGGGGCTGTTACAACTAGTAACTATGCCAACTGGGTCCAAGAAAAACCAGATCATGTATTCACTGGTCTAATAGGTGGTACCATCAACCGAGCTCCAGGTGTTCCTGTCAGATTCTCAGGCTCCCTGATTGGAGACAAGGCTGCCCTCACCATCACAGGCGCACAGACTAAGGATGATGCAATGTATTTCTGTGCTCTATGGTACAGCACCCATTTTCGTTGGGTGTTCGGAGGTGGAACCAGATTGACTGTCCTAG,,,Y,TGAVTTSNY,GTi,ALWYSTHFRWV,IGLV2*02,IGLJ5*01,76,102,9,154,162,3,271,303,11,293,3,38,14,0,0,1,0,4,7,,
Seq67_Grp67_IGLV2*02_IGLJ5*01_Len(293|3|38)_Del(1|0),67,8,1,,CAGGCTGTTGTGACTCAGGAATCTGCACTCACCACATCACCTGGTGGAACAGTCATACTCACTTGTCGTTCAAGTACTGGGGGTGTTACAACTAGTAACTATGCCAACTGGGTCCAAGAAAAACCAGATCATTTATTCACTGGTCTAATAGGTGGTACCAGCAACCGAGCTCCAGATGTTCCTGTCAGATTCTCAGGCTCCCTGATTGGAGACAAGGCTGCCCTCACCATCACAGTGGCACAGACTGAGGACGATGCCATGTATTTCTGTGCTCTATGGTACAGCACCCATTTTCGTTGGGTGTTCGGAGGTGGAACCAAATTGACTGTCCTAG,CAGGCTGTTGTGACTCAGGAATCTGCACTCACCACATCACCTGGTGGAACAGTCATACTCACTTGTCGCTCAAGTACTGGGGCTGTTACAACTAGTAACTATGCCAACTGGGTCCAAGAAAAACCAGATCATTTATTCACTGGTCTAATAGGTGGTACCAGCAACCGAGCTCCAGGTGTTCCTGTCAGATTCTCAGGCTCCCTGATTGGAGACAAGGCTGCCCTCACCATCACAGGGGCACAGACTGAGGATGATGCAATGTATTTCTGTGCTCTATGGTACAGCACCCATTTTCGTTGGGTGTTCGGAGGTGGAACCAGATTGACTGTCCTAG,,,Y,TGgVTTSNY,GTS,ALWYSTHFRWV,IGLV2*02,IGLJ5*01,76,102,9,154,162,3,271,303,11,293,3,38,6,0,1,1,0,4,7,,
Seq68_Grp68_IGLV2*02_IGLJ5*01_Len(293|3|38)_Del(1|0),68,8,1,,CAGGCTGTTGTGACTCAGGAATCTGCACTCACCACATCACCTGGTGGAACAGTCATACTCACTTGTCGTTCAAGCACTGGGGGTGTTGCTACTAGTAACTATGCCAACTGGGTCCAAGAAAAACCAGATCATTTATTCACTGGTGTAATAGGTGGTACCAGCAACCGAGCTCCAGATGTTCCTGTCAGATTCTCAGGCTCTCTGATTGGAGACAAGGCTGCACTCACCATCACAGTGGCACAGACTGAGGACGATGCCATGTATTTCTGTGCTCTATGGTACAGCACCCATTTTCGTTGGGTGTTCGGAGGTGGAACCAAATTGTCTGTCCTAG,CAGGCTGTTGTGACTCAGGAATCTGCACTCACCACATCACCTGGTGGAACAGTCATACTCACTTGTCGTTCAAGTACTGGGGGTGTTACAACTAGTAACTATGCCAACTGGGTCCAAGAAAAACCAGATCATTTATTCACTGGTCTAATAGGTGGTACCAGCAACCGAGCTCCAGATGTTCCTGTCAGATTCTCAGGCTCCCTGATTGGAGACAAGGCTGCCCTCACCATCACAGTGGCACAGACTGAGGACGATGCCATGTATTTCTGTGCTCTATGGTACAGCACCCATTTTCGTTGGGTGTTCGGAGGTGGAACCAAATTGACTGTCCTAG,,,Y,TGgVaTSNY,GTS,ALWYSTHFRWV,IGLV2*02,IGLJ5*01,76,102,9,154,162,3,271,303,11,293,3,38,12,0,2,1,0,4,7,,
Seq69_Grp69_IGLV2*02_IGLJ5*01_Len(293|3|38)_Del(1|0),69,8,1,,CAGGCTGTTGTGACTCAGGAACTGGCACTCACCACATCACCTGGTGGAACAGTCATACTCACTTGTCGCTCAAGTACTCGGGCTGTTACAACTGGTAACTATGCCAACTGGGTCCAAGAAAAACCAGATCATTTATTCACTGGTCTAATAGGTGGTACCAGCAACCGAGCTCCCGGTGTTCCTGTCAGATTCTCAGGCTCCCTGATTGGAGACAAGGCTGCCCTCACCATCACAGGGGCACAGACTGAGGATGATGCAATGTATTTCTGTGCTCTATGGTACGGCACCCATTTTCGTTGGGTGTTCGGAGGTGGAACCAGATTGACTGTCCTAG,CAGGCTGTTGTGACTCAGGAATCTGCACTCACCACATCACCTGGTGGAACAGTCATACTCACTTGTCGCTCAAGTACTGGGGCTGTTACAACTAGTAACTATGCCAACTGGGTCCAAGAAAAACCAGATCATTTATTCACTGGTCTAATAGGTGGTACCAGCAACCGAGCTCCAGGTGTTCCTGTCAGATTCTCAGGCTCCCTGATTGGAGACAAGGCTGCCCTCACCATCACAGGGGCACAGACTGAGGATGATGCAATGTATTTCTGTGCTCTATGGTACAGCACCCATTTTCGTTGGGTGTTCGGAGGTGGAACCAGATTGACTGTCCTAG,,,Y,TrAVTTgNY,GTS,ALWYGTHFRWV,IGLV2*02,IGLJ5*01,76,102,9,154,162,3,271,303,11,293,3,38,7,0,0,1,0,4,7,,
Seq70_Grp70_IGLV2*02_IGLJ5*01_Len(293|3|38)_Del(1|0),70,8,1,,CAGGCTGTTGTGACTCAGGAACTGGCACTCACCACATCACCTGGTGGAAAAGTCATACTCACTTGTCGCTCAAGTACTCGGGCTGTTACAGCTGGTAACTATGCCAACTGGGTCCAAGAAAAACCAGATCATTTATTCACTGGTCTAATAGGTGGTACCAGCAACCGAGCTCCCGGTGCTCCTGTCAGATTCTCAGGCTCCCTGGTTGGAGACAAGGCTGCCCTCCCCATCACAGGGGCACAGACTGAGGATGATGCAATGTATTTCTGTGCTCAATGGTACGGCACCCATTTTCGTTGGGTGTTCAGAGGTGGAACCAGATTGACTGTCCTAG,CAGGCTGTTGTGACTCAGGAACTGGCACTCACCACATCACCTGGTGGAACAGTCATACTCACTTGTCGCTCAAGTACTCGGGCTGTTACAACTGGTAACTATGCCAACTGGGTCCAAGAAAAACCAGATCATTTATTCACTGGTCTAATAGGTGGTACCAGCAACCGAGCTCCCGGTGTTCCTGTCAGATTCTCAGGCTCCCTGATTGGAGACAAGGCTGCCCTCACCATCACAGGGGCACAGACTGAGGATGATGCAATGTATTTCTGTGCTCTATGGTACGGCACCCATTTTCGTTGGGTGTTCGGAGGTGGAACCAGATTGACTGTCCTAG,,,Y,TrAVTagNY,GTS,AQWYGTHFRWV,IGLV2*02,IGLJ5*01,76,102,9,154,162,3,271,303,11,293,3,38,13,0,1,1,0,4,7,,
Seq71_Grp71_IGLV2*02_IGLJ5*01_Len(293|3|38)_Del(1|0),71,8,1,,CAGGCTGTTGTGACTCAGGAATCTGCACTCACCACATCACCTGGTGGAACAGTCATACTCACTTGTCGCTCAAGTACTGGGGTTGTTACAACTAGTAACTATGCCAACTGGGTCCAAGGGAAACCAGATCATTTATTCACTGGTCTAATAGGTGATACCAGCAACCGAGCTCCAGGTGTTCCTGTCAGATTCTCAGGCTCCCTGATTGGAGACAAGGCTGCACTCACCCTCACAGGGGCACAGACTGAGGATGATGCAATGTATTTCTGTGCTCTATGGTACAGCACCCATTTTCGTTGGGTGTTCGGAGATGGAACCAGATTGACTGTCCTAG,CAGGCTGTTGTGACTCAGGAATCTGCACTCACCACATCACCTGGTGGAACAGTCATACTCACTTGTCGCTCAAGTACTGGGGCTGTTACAACTAGTAACTATGCCAACTGGGTCCAAGAAAAACCAGATCATTTATTCACTGGTCTAATAGGTGGTACCAGCAACCGAGCTCCAGGTGTTCCTGTCAGATTCTCAGGCTCCCTGATTGGAGACAAGGCTGCCCTCACCATCACAGGGGCACAGACTGAGGATGATGCAATGTATTTCTGTGCTCTATGGTACAGCACCCATTTTCGTTGGGTGTTCGGAGGTGGAACCAGATTGACTGTCCTAG,,,Y,TGvVTTSNY,dTS,ALWYSTHFRWV,IGLV2*02,IGLJ5*01,76,102,9,154,162,3,271,303,11,293,3,38,6,0,1,1,0,4,7,,
Seq72_Grp72_IGLV2*02_IGLJ5*01_Len(293|3|38)_Del(1|0),72,8,1,,CAGGCTGTTGTGACTCAAGAATCTGCACTCACCACATCACCTGGTGGCACAGTCATACTCACTTGTCGCTCAAGTACTGGGGTCGTTACAACTAGTAACTATGCCAACTGGGTCCAAGGGAAACCAGATCATTTATTCATTGGTCTAATAGGTGATACCAGCAACCGAGCTCCAGGTGTTCCTGTCAGATTCTCAGGCTCCCTGATTGGAGACAAGGCTCCACTCACCCTCACAGGGGCACAGACTGAGGATGATGCAAAGTATTTCTGTGCTTTATGGTACAGCACCCATTTTCGTTGGGTGTTCGGAGATGGAACCAGATTGACTGTCCTAG,CAGGCTGTTGTGACTCAGGAATCTGCACTCACCACATCACCTGGTGGAACAGTCATACTCACTTGTCGCTCAAGTACTGGGGTTGTTACAACTAGTAACTATGCCAACTGGGTCCAAGGGAAACCAGATCATTTATTCACTGGTCTAATAGGTGATACCAGCAACCGAGCTCCAGGTGTTCCTGTCAGATTCTCAGGCTCCCTGATTGGAGACAAGGCTGCACTCACCCTCACAGGGGCACAGACTGAGGATGATGCAATGTATTTCTGTGCTCTATGGTACAGCACCCATTTTCGTTGGGTGTTCGGAGATGGAACCAGATTGACTGTCCTAG,,,Y,TGvVTTSNY,dTS,ALWYSTHFRWV,IGLV2*02,IGLJ5*01,76,102,9,154,162,3,271,303,11,293,3,38,13,0,1,1,0,4,7,,
Seq73_Grp73_IGKV1-135*01_IGKJ2*03_Len(302|1|37)_Del(0|2),73,9,1,,GATGTTGTGATGACCCAGACTCCACTCACTTTGTCGGTTACCATTGGACAACCAGCCTCCATCTCTTGCAAGTCAAGTCAGAGCCTCTTAGATAGTGATGGAAAGACATATTTGAATTGGTTGTTACAGAGGCCAGGCCAGTCTCCAAAGCGCCTAATCTATCTGGTGTCTAAACTGGACTCTGGAGTCCCTGACAGGTTCACTGGCAGTGGATCAGGGACAGATTTCACACTGAAAATCAGCAGAGTGGAGGCTGAGGATTTGGGAGTTTATTATTGCTGGCAAGGTACACATTTTCCTCAATATACGTTCGGATCGGGGACCAAGCTGGAAATAAAAC,GATGTTGTGATGACCCAGACTCCACTCACTTTGTCGGTTACCATTGGACAACCAGCCTCCATCTCTTGCAAGTCAAGTCAGAGCCTCTTAGATAGTGATGGAAAGACATATTTGAATTGGTTGTTACAGAGGCCAGGCCAGTCTCCAAAGCGCCTAATCTATCTGGTGTCTAAACTGGACTCTGGAGTCCCTGACAGGTTCACTGGCAGTGGATCAGGGACAGATTTCACACTGAAAATCAGCAGAGTGGAGGCTGAGGATTTGGGAGTTTATTATTGCTGGCAAGGTACACATTTTCCTCAATATACGTTCGGATCGGGGACCAAGCTGGAAATAAAAC,,,Y,QSLLDSDGKTY,MVS,WQGTHFPQYT,IGKV1-135*01,IGKJ2*03,79,111,11,163,171,3,280,309,10,302,1,37,0,0,0,0,2,8,5,,
Seq74_Grp74_IGKV1-135*01_IGKJ2*03_Len(302|1|37)_Del(0|2),74,9,1,,GATGTTGTGGTGACCCAGACTCCACTCACTTTGTCGGTTGCCATTGGACAACCAGCCTCCATCTCTTGCAAGTCAAGTCAAAGGCTCTTAGATAGTGATGGAAAGACATATTTGAATTGGTTGTTACAGAGGCCAGGCCAGTCTCCAAAGCGCCTAATCTATCTGATGCCTAAACTGGACTCTGGAGTCCCTGACAGGTTCACTGGCAGTGGATCAGGGACAGATTTCACACTAAAAATCAGCAGAGTGGAGGCTGAGGATTTGGGAGTTTATTATTGCTGGCAAGGTACACATTTTCCTCAATATACGTTCGGATCGGGGACCAAGCTGGAAATAAAAC,GATGTTGTGATGACCCAGACTCCACTCACTTTGTCGGTTACCATTGGACAACCAGCCTCCATCTCTTGCAAGTCAAGTCAGAGCCTCTTAGATAGTGATGGAAAGACATATTTGAATTGGTTGTTACAGAGGCCAGGCCAGTCTCCAAAGCGCCTAATCTATCTGGTGTCTAAACTGGACTCTGGAGTCCCTGACAGGTTCACTGGCAGTGGATCAGGGACAGATTTCACACTGAAAATCAGCAGAGTGGAGGCTGAGGATTTGGGAGTTTATTATTGCTGGCAAGGTACACATTTTCCTCAATATACGTTCGGATCGGGGACCAAGCTGGAAATAAAAC,,,Y,QrLLDSDGKTY,Mmp,WQGTHFPQYT,IGKV1-135*01,IGKJ2*03,79,111,11,163,171,3,280,309,10,302,1,37,7,0,0,0,2,8,5,,
Seq75_Grp75_IGKV1-135*01_IGKJ2*03_Len(302|1|37)_Del(0|2),75,9,1,,GATGTTGTGGTGACCCAGACTCCACTCACTTTGTCGGTTGCCATTGGACAACCAGCCTCCATCTCTTGCAAGTCAAGTCAAAGGCTCTTAGATAGTGATGGAAAGACATATTTGAATTGGTCGTTACAGAGGCCAGGCCAGTCTCCAAAGCGCCTAATCTATCTGATGCCTAAACTGGACTCTGGAGTCGCTGACAGGTTCACTGGTAGTGGATCAGGGACAGTTTTCACACTAAAAATCAGCAGAGTGGAGGCTGAGGATTTGGGAGTTTATTATTGCTGGCAAGGCACACATTTTCCTCAATATACGTTCGGATCGGGGACCAAGCTGGAAATAAAAC,GATGTTGTGGTGACCCAGACTCCACTCACTTTGTCGGTTGCCATTGGACAACCAGCCTCCATCTCTTGCAAGTCAAGTCAAAGGCTCTTAGATAGTGATGGAAAGACATATTTGAATTGGTTGTTACAGAGGCCAGGCCAGTCTCCAAAGCGCCTAATCTATCTGATGCCTAAACTGGACTCTGGAGTCCCTGACAGGTTCACTGGCAGTGGATCAGGGACAGATTTCACACTAAAAATCAGCAGAGTGGAGGCTGAGGATTTGGGAGTTTATTATTGCTGGCAAGGTACACATTTTCCTCAATATACGTTCGGATCGGGGACCAAGCTGGAAATAAAAC,,,Y,QrLLDSDGKTY,Mmp,WQGTHFPQYT,IGKV1-135*01,IGKJ2*03,79,111,11,163,171,3,280,309,10,302,1,37,12,0,0,0,2,8,5,,
Seq76_Grp76_IGKV1-135*01_IGKJ2*03_Len(302|1|37)_Del(0|2),76,9,1,,GATGTTGTGGTGACCCAGACTCCACTCACTTTGTCGGTTGCCATTGGACGACCAGCCTCCATCTCTTGCAAGTCAAGTCAAAGGCTCTTAGATAGTGATGGAAGGACATATTTGAATTGGTTGTTACAGAGGCCAGGCCAGTCTCCAAAGCGCCTAATCTATCTGATGCCTAAACTGGCCTCTGGAGTCCCTGACAGGTTCACTAGCAATGGATCAGGGACAGATTTCACACTAGAAATCAGCAGAGTGGAGGCTGAGGATTTGGGAGTTTATTATTGCTGGCAAGGTACACGTTTTCCTCAATATACGTTCGGATCGGGGACCAAGCTGGAAATAAAAC,GATGTTGTGGTGACCCAGACTCCACTCACTTTGTCGGTTGCCATTGGACAACCAGCCTCCATCTCTTGCAAGTCAAGTCAAAGGCTCTTAGATAGTGATGGAAAGACATATTTGAATTGGTTGTTACAGAGGCCAGGCCAGTCTCCAAAGCGCCTAATCTATCTGATGCCTAAACTGGACTCTGGAGTCCCTGACAGGTTCACTGGCAGTGGATCAGGGACAGATTTCACACTAAAAATCAGCAGAGTGGAGGCTGAGGATTTGGGAGTTTATTATTGCTGGCAAGGTACACATTTTCCTCAATATACGTTCGGATCGGGGACCAAGCTGGAAATAAAAC,,,Y,QrLLDSDGrTY,Mmp,WQGTRFPQYT,IGKV1-135*01,IGKJ2*03,79,111,11,163,171,3,280,309,10,302,1,37,14,0,0,0,2,8,5,,
Seq77_Grp77_IGKV1-135*01_IGKJ2*03_Len(302|1|37)_Del(0|2),77,9,1,,GACGTTGTGGTGACCCAGACTCCACTCACTTTGTCGGTTGCCATTGGACGACCAGCCTCCATCTCTTGCAAGTCAAGTCAAAGGCTCTTAGATAGTTATGGAAGGACATTTTTGAATTGGTTGTTACAAAGGCCAGGCCAGTCTCCAAAGCGCCTAATCTATCTGATGCCTAAACTGGCCTCCGGAGTCCCTGACAGGTTCACTAGCAATGGATCAGGGACAGATTTCACCCTAGAAATCAGCAGAGTCGAGGCTGAGGATTTGGGAGTTTATTATTGCTGGCAAGGTACACGTTTTCCTCAATATACGTTCGGATCGGGGACCAAGCTGGAAATAAAAC,GATGTTGTGGTGACCCAGACTCCACTCACTTTGTCGGTTGCCATTGGACGACCAGCCTCCATCTCTTGCAAGTCAAGTCAAAGGCTCTTAGATAGTGATGGAAGGACATATTTGAATTGGTTGTTACAGAGGCCAGGCCAGTCTCCAAAGCGCCTAATCTATCTGATGCCTAAACTGGCCTCTGGAGTCCCTGACAGGTTCACTAGCAATGGATCAGGGACAGATTTCACACTAGAAATCAGCAGAGTGGAGGCTGAGGATTTGGGAGTTTATTATTGCTGGCAAGGTACACGTTTTCCTCAATATACGTTCGGATCGGGGACCAAGCTGGAAATAAAAC,,,Y,QrLLDSyGrTf,Mmp,WQGTRFPQYT,IGKV1-135*01,IGKJ2*03,79,111,11,163,171,3,280,309,10,302,1,37,21,0,0,0,2,8,5,,
Seq78_Grp78_IGKV1-135*01_IGKJ2*03_Len(302|1|37)_Del(0|2),78,9,1,,GATGTTGTGGTGACCCAGACTCCACTCACTTTGTCGGTTGCCATTGGACAACCAGCCTCCATCTCTTGCAAGTCAAGTCAAAGGCTCTTAGATAGTGATGGAAAGACATATTTGAATTGGTTCTTACAGAGGCCAGGCCAATCTCCAAAGCGCCTAATCTATCTGCTGCCTAAATTGGACTCTGGAGTCCCTGACAGGTTCATTGGCAGTGGATCAGAGACAGATTTCACACTAAAAATCAGCGGAGTGGAGGCTGAGGATTTGGGAGTTTATTATTGCTGGCAAGGTACACATTTTCCTCAATATACGTTCGGATCGGGGACCAAGCTGGAAATAAAAC,GATGTTGTGGTGACCCAGACTCCACTCACTTTGTCGGTTGCCATTGGACAACCAGCCTCCATCTCTTGCAAGTCAAGTCAAAGGCTCTTAGATAGTGATGGAAAGACATATTTGAATTGGTTGTTACAGAGGCCAGGCCAGTCTCCAAAGCGCCTAATCTATCTGATGCCTAAACTGGACTCTGGAGTCCCTGACAGGTTCACTGGCAGTGGATCAGGGACAGATTTCACACTAAAAATCAGCAGAGTGGAGGCTGAGGATTTGGGAGTTTATTATTGCTGGCAAGGTACACATTTTCCTCAATATACGTTCGGATCGGGGACCAAGCTGGAAATAAAAC,,,Y,QrLLDSDGKTY,Mlp,WQGTHFPQYT,IGKV1-135*01,IGKJ2*03,79,111,11,163,171,3,280,309,10,302,1,37,13,0,0,0,2,8,5,,
Seq79_Grp79_IGKV1-135*01_IGKJ2*03_Len(302|1|37)_Del(0|2),79,9,1,,GATGTTGTGGTGGCCCAGATTCCACTCACTTTGTCGGTTGCCATTGGACAACCAGCCTCCATCTCTTGCAAGTCAAGTCAAAGGCTCTTAGATAGTGATGGAAAGACATATTTGAACTGGTTCTTACAGAGGTCAGGCCAATCTCCAAAGCGCCTCATCTATCTGCTGCCTAAATTGGACTCTGGCGTCCCTGACAGGTTCATTGGCAGTGGATCGGAGACAGATTTCACACTAAAAATCAGCGGAGTGGAGGCTGAGGATTTGGGAGTTTATTATTGCTGGCAAGGTACACATTTTCCTCAATATACGTTCGGATCGGGGACCAAGCTGGAAATAAAAC,GATGTTGTGGTGACCCAGACTCCACTCACTTTGTCGGTTGCCATTGGACAACCAGCCTCCATCTCTTGCAAGTCAAGTCAAAGGCTCTTAGATAGTGATGGAAAGACATATTTGAATTGGTTCTTACAGAGGCCAGGCCAATCTCCAAAGCGCCTAATCTATCTGCTGCCTAAATTGGACTCTGGAGTCCCTGACAGGTTCATTGGCAGTGGATCAGAGACAGATTTCACACTAAAAATCAGCGGAGTGGAGGCTGAGGATTTGGGAGTTTATTATTGCTGGCAAGGTACACATTTTCCTCAATATACGTTCGGATCGGGGACCAAGCTGGAAATAAAAC,,,Y,QrLLDSDGKTY,Mlp,WQGTHFPQYT,IGKV1-135*01,IGKJ2*03,79,111,11,163,171,3,280,309,10,302,1,37,20,0,0,0,2,8,5,,
Seq80_Grp80_IGKV1-135*01_IGKJ2*03_Len(302|1|37)_Del(0|2),80,9,1,,GATGTTGTGGTGACCCAGACTCCACTCATTTTGTCGGTTGCCATTGGACAACCAGCCTCCGTCTCTTGCAAGTCAAGTCAAAGGCTCTTAGATAGTGATCGAAGGACATATTTGAATTGGTCGTTACAGAGGCCAGGCCAGTCTCCAAAGCGCCTCATCTATCTGATGCCTAAACTGGGCTCTGGAGTCGCTGACATGTTCACTGGTAGTGGATCAGGGACAGTTTTCACACTAAAAATCAGCAGAGTGGAGGCTGAGGATTTGGGAGTTTATTATTGCTGGCAAGGCACACATTTTCCTCAATATACGTTCGGATCGGGGACCAAGCTGGAAATAAAAC,GATGTTGTGGTGACCCAGACTCCACTCACTTTGTCGGTTGCCATTGGACAACCAGCCTCCATCTCTTGCAAGTCAAGTCAAAGGCTCTTAGATAGTGATGGAAAGACATATTTGAATTGGTCGTTACAGAGGCCAGGCCAGTCTCCAAAGCGCCTAATCTATCTGATGCCTAAACTGGACTCTGGAGTCGCTGACAGGTTCACTGGTAGTGGATCAGGGACAGTTTTCACACTAAAAATCAGCAGAGTGGAGGCTGAGGATTTGGGAGTTTATTATTGCTGGCAAGGCACACATTTTCCTCAATATACGTTCGGATCGGGGACCAAGCTGGAAATAAAAC,,,Y,QrLLDSDrrTY,Mmp,WQGTHFPQYT,IGKV1-135*01,IGKJ2*03,79,111,11,163,171,3,280,309,10,302,1,37,19,0,0,0,2,8,5,,
Seq81_Grp81_IGKV1-135*01_IGKJ2*03_Len(302|1|37)_Del(0|2),81,9,1,,GATGTTGTGGTGACCCAGACTCCACTCATTTTGTGGGTTTCCATTGGACAACCAGCCTCCGTCTCTTGCAAGTCAAGTCAAAGGCTCTTAGATAGTGATCGAAGGATATATTTGAATTGGTCGTTACGGAGGCCAGGCCAGTCTCCAAAGCGCCTCATCTATCTGATGCATAAACTGGGCTCTGGAGTCGCTGACATGTTCACTAGTAGTGGATCAGGGACAGTTTTCACACTAAAAATCAGCAGAGTGGAGGCTGAGGATTTGGGAGTTTATTATTGCTGGCAAGGCACACATTTTCCTCAATATATGTTCGGATCGGGGACCAAGCTGGAAATAAAAC,GATGTTGTGGTGACCCAGACTCCACTCATTTTGTCGGTTGCCATTGGACAACCAGCCTCCGTCTCTTGCAAGTCAAGTCAAAGGCTCTTAGATAGTGATCGAAGGACATATTTGAATTGGTCGTTACAGAGGCCAGGCCAGTCTCCAAAGCGCCTCATCTATCTGATGCCTAAACTGGGCTCTGGAGTCGCTGACATGTTCACTGGTAGTGGATCAGGGACAGTTTTCACACTAAAAATCAGCAGAGTGGAGGCTGAGGATTTGGGAGTTTATTATTGCTGGCAAGGCACACATTTTCCTCAATATACGTTCGGATCGGGGACCAAGCTGGAAATAAAAC,,,Y,QrLLDSDrriY,Mmh,WQGTHFPQYM,IGKV1-135*01,IGKJ2*03,79,111,11,163,171,3,280,309,10,302,1,37,24,0,1,0,2,8,5,,
Seq82_Grp82_IGLV2*01_IGLJ3P*01_Len(294|6|37)_Del(0|1),82,10,1,,CAGGCTGTTGTGACTCAGGAGTCTGCACTCACCACATCACCTGGTGGTACAGTCATACTCACTTGTCGCTCAAGTACTGGGGCTGTTACAACTAGTAACTATGCCATTTGGGTCCAAGAAAAAACAGATCATTTATTCGCTGGTGTAATAGGTGATACAAGCAACCGAGCTCCAGGTGTTCCTGCCAGATTCTCAGGCTCCCTGATTGGAGACAAGGCTGCCCTCACCATCACAGGGGCACAGACTGAGGATGATGCAATGTATTTCTGTGCTCTATGGTACAGCAACCATTTCGGGGAAGGTTCTTTTTCCTCAAATGGCCTATTGTATGCAGGAG,CAGGCTGTTGTGACTCAGGAGTCTGCACTCACCACATCACCTGGTGGTACAGTCATACTCACTTGTCGCTCAAGTACTGGGGCTGTTACAACTAGTAACTATGCCATTTGGGTCCAAGAAAAAACAGATCATTTATTCGCTGGTGTAATAGGTGATACAAGCAACCGAGCTCCAGGTGTTCCTGCCAGATTCTCAGGCTCCCTGATTGGAGACAAGGCTGCCCTCACCATCACAGGGGCACAGACTGAGGATGATGCAATGTATTTCTGTGCTCTATGGTACAGCAACCATTTCGGGGAAGGTTCTTTTTCCTCAAATGGCCTATTGTATGCAGGAG,,,Y,TGAVTTSNY,DTS,ALWYSNHFGEGSFSSNGL,IGLV2*01,IGLJ3P*01,76,102,9,154,162,3,271,324,18,294,6,37,0,0,0,0,1,15,4,,
Seq83_Grp83_IGLV2*01_IGLJ3P*01_Len(294|6|37)_Del(0|1),83,10,1,,CAGGCTGTTGTGACTCAGGAGTCTGCACTCACCACATCACCTGGCGGTACAGTCATACTCACTTGTCGCTCAAGTATTGCGGCTGTTACAACTAGTAACTATGTCATTTGGGTCCAAGAAAAAACAGATCATTTATTCGCTGGTGTAATAGGTGATACAAGCAACCGAGCTCCAGGTGTTCCTGCCAGATTCTCAGGCTTCCTGATTGGAGACAAGGCTGCCCTCACCATCACAGGGGCACAGACTGAGGATGATGCAATGTATTTCTGTGCTCTAGGGTACAGCAACCATTTCGAGGAAGGTTCTTTTTCCTCAAATGGCCTATTGTATGCAGGAG,CAGGCTGTTGTGACTCAGGAGTCTGCACTCACCACATCACCTGGTGGTACAGTCATACTCACTTGTCGCTCAAGTACTGGGGCTGTTACAACTAGTAACTATGCCATTTGGGTCCAAGAAAAAACAGATCATTTATTCGCTGGTGTAATAGGTGATACAAGCAACCGAGCTCCAGGTGTTCCTGCCAGATTCTCAGGCTCCCTGATTGGAGACAAGGCTGCCCTCACCATCACAGGGGCACAGACTGAGGATGATGCAATGTATTTCTGTGCTCTATGGTACAGCAACCATTTCGGGGAAGGTTCTTTTTCCTCAAATGGCCTATTGTATGCAGGAG,,,Y,iaAVTTSNY,DTS,ALGYSNHFEEGSFSSNGL,IGLV2*01,IGLJ3P*01,76,102,9,154,162,3,271,324,18,294,6,37,6,1,0,0,1,15,4,,
Seq84_Grp84_IGLV2*01_IGLJ3P*01_Len(294|6|37)_Del(0|1),84,10,1,,CAGGCTGTTGTGACTCAGGAGTCTGCACTCACCACATCACCTGGCGGTACAGTCATACTCACTTGTCGCTCAAGTATTGCGGCTGTTACAACTAGTAACAATGGCATTTGGGTCCAAGAAAAAACAGATCATTTATTCGCTGGTGTAATAGGTGATACAAGCAACCGAGCCCCAGGTGTTCCTGCCGGATTCTCAGGCTTCCTGATTAGAGACAAGGCTGCCCTCACCATCACAGGGGCACAGACTGAGGATGATGCAATGTATTTCTGTGCTCTAGGGTACAGCAACCATTTCGAAGAAGGTTCTTTTTCCTCGAATGGCCTATTGTATGCAGGAG,CAGGCTGTTGTGACTCAGGAGTCTGCACTCACCACATCACCTGGCGGTACAGTCATACTCACTTGTCGCTCAAGTATTGCGGCTGTTACAACTAGTAACTATGTCATTTGGGTCCAAGAAAAAACAGATCATTTATTCGCTGGTGTAATAGGTGATACAAGCAACCGAGCTCCAGGTGTTCCTGCCAGATTCTCAGGCTTCCTGATTGGAGACAAGGCTGCCCTCACCATCACAGGGGCACAGACTGAGGATGATGCAATGTATTTCTGTGCTCTAGGGTACAGCAACCATTTCGAGGAAGGTTCTTTTTCCTCAAATGGCCTATTGTATGCAGGAG,,,Y,iaAVTTSNn,DTS,ALGYSNHFEEGSFSSNGL,IGLV2*01,IGLJ3P*01,76,102,9,154,162,3,271,324,18,294,6,37,10,2,1,0,1,15,4,,
Seq85_Grp85_IGLV2*01_IGLJ3P*01_Len(294|6|37)_Del(0|1),85,10,1,,CAGGCTGTTGTGACTCAGGAGTCTGCACTCACCACATCACTTGGCGGTACAGTCATACTCACTTGTCGCTCAAGTATTGCGGCTGTTACAACTAGTAACAATTGCATTTGGGTCCAAGAAAAAACAGCTCATTTATTCGCTGGTGTACTAGGTGATACAAGCAACCGAGCCCCAGGTGTTCCTGCCGGATTCTCAGGCTTCCTGATTAGAGACAAGGCTGCCCTCACCATCATAGGGGCACAGACTGAGGATGATGCAACGTATTTCTGTGCTCTAGGGTACAGCAACCATTTCGAAGAAGGTTCTATTTCCTCGAATGGCCTATTGTATGCAGGAG,CAGGCTGTTGTGACTCAGGAGTCTGCACTCACCACATCACCTGGCGGTACAGTCATACTCACTTGTCGCTCAAGTATTGCGGCTGTTACAACTAGTAACAATGGCATTTGGGTCCAAGAAAAAACAGATCATTTATTCGCTGGTGTAATAGGTGATACAAGCAACCGAGCCCCAGGTGTTCCTGCCGGATTCTCAGGCTTCCTGATTAGAGACAAGGCTGCCCTCACCATCACAGGGGCACAGACTGAGGATGATGCAATGTATTTCTGTGCTCTAGGGTACAGCAACCATTTCGAAGAAGGTTCTTTTTCCTCGAATGGCCTATTGTATGCAGGAG,,,Y,iaAVTTSNn,DTS,ALGYSNHFEEGSISSNGL,IGLV2*01,IGLJ3P*01,76,102,9,154,162,3,271,324,18,294,6,37,16,2,2,0,1,15,4,,
Seq86_Grp86_IGLV2*01_IGLJ3P*01_Len(294|6|37)_Del(0|1),86,10,1,,CAGGCTGTTGTGACTCAGGAGTCTGCACTCACCACATCACTTGGCGGTACAGCCACACTCACTTGTCGCTTAAATATTGCGGCTGTTACAACTAGTAACAATTGCATTTGGGTCCAAGAAAAAACAGCTCATTTATTCGCTGGTGTACTAGGTGATACAAGCAACCGAGCCCCAGGTGTTCCTGCCGGATTCTCAGGCTTCCTGATTAGAGACAAGGCTGCCCTCACCGTCATAGGCGCACAGACTGCGGATGATGCAACGTATTTCTGTGCTCTAGGGTACAGCAACCATTTCGAAGAAGGTTCTATTTCCTCGAATGGCCTATTGTATGCAGGAG,CAGGCTGTTGTGACTCAGGAGTCTGCACTCACCACATCACTTGGCGGTACAGTCATACTCACTTGTCGCTCAAGTATTGCGGCTGTTACAACTAGTAACAATTGCATTTGGGTCCAAGAAAAAACAGCTCATTTATTCGCTGGTGTACTAGGTGATACAAGCAACCGAGCCCCAGGTGTTCCTGCCGGATTCTCAGGCTTCCTGATTAGAGACAAGGCTGCCCTCACCATCATAGGGGCACAGACTGAGGATGATGCAACGTATTTCTGTGCTCTAGGGTACAGCAACCATTTCGAAGAAGGTTCTATTTCCTCGAATGGCCTATTGTATGCAGGAG,,,Y,iaAVTTSNn,DTS,ALGYSNHFEEGSISSNGL,IGLV2*01,IGLJ3P*01,76,102,9,154,162,3,271,324,18,294,6,37,23,2,2,0,1,15,4,,
Seq87_Grp87_IGLV2*01_IGLJ3P*01_Len(294|6|37)_Del(0|1),87,10,1,,CAGGCTGTTGTGACTCAGGAGTCTGCACTCACCACATCACCTGGTGGTACAGTCATACTCACTTGTCGCTCAAGTACTGGGGCTGTTACAACTAGTAGCTATGCCATTTGGGTCCCAGAAAAAATAGATCATTTATTCGCTGATGTAATAGGTGATACAAGCAACCGAGCTCCAGGTGTTCCTGCCAGATTCTCAGGCTCCCTGATTGGATACAGGGCTGCCCTCACCATCACAGGGGCACAGACTGAGGATGATGCAATGTATTTCTGTGCTCTATGGTACAGCAACCATTTCGGGGAAGGTTCTTTTTCCACAAATGGCCTATTGTATGCAGGAG,CAGGCTGTTGTGACTCAGGAGTCTGCACTCACCACATCACCTGGTGGTACAGTCATACTCACTTGTCGCTCAAGTACTGGGGCTGTTACAACTAGTAACTATGCCATTTGGGTCCAAGAAAAAACAGATCATTTATTCGCTGGTGTAATAGGTGATACAAGCAACCGAGCTCCAGGTGTTCCTGCCAGATTCTCAGGCTCCCTGATTGGAGACAAGGCTGCCCTCACCATCACAGGGGCACAGACTGAGGATGATGCAATGTATTTCTGTGCTCTATGGTACAGCAACCATTTCGGGGAAGGTTCTTTTTCCTCAAATGGCCTATTGTATGCAGGAG,,,Y,TGAVTTSsY,DTS,ALWYSNHFGEGSFSTNGL,IGLV2*01,IGLJ3P*01,76,102,9,154,162,3,271,324,18,294,6,37,6,0,1,0,1,15,4,,
Seq88_Grp88_IGLV2*01_IGLJ3P*01_Len(294|6|37)_Del(0|1),88,10,1,,CAAGCTGTTGTGACTCAGGAGTCTGCACTCACCACATCACCTGGTGGTACAGTCATACTCACTTGTCGCTCAAGAACTGGGGCTGTTACAACTAGTAGCTATGCCATTTGGGTCCGAGAAAAAATAGATCATTTATTCGCTGATGTAATAGGTGATACAAGCAACCGAGCTCCAGGTGTTCTTGCCAGGTTCTCAGGCTCCCTGATTGGATACAGGGCTGCCCTCACCATCACAGGGGCACAGACTGAGGATGATGCAATGTATTTCTGTGCTCTATGGTACAGCAACCATTTCGGGGAAGGTCCTTTTTCCACAAATGACCTATTGTATGCAGGAG,CAGGCTGTTGTGACTCAGGAGTCTGCACTCACCACATCACCTGGTGGTACAGTCATACTCACTTGTCGCTCAAGTACTGGGGCTGTTACAACTAGTAGCTATGCCATTTGGGTCCCAGAAAAAATAGATCATTTATTCGCTGATGTAATAGGTGATACAAGCAACCGAGCTCCAGGTGTTCCTGCCAGATTCTCAGGCTCCCTGATTGGATACAGGGCTGCCCTCACCATCACAGGGGCACAGACTGAGGATGATGCAATGTATTTCTGTGCTCTATGGTACAGCAACCATTTCGGGGAAGGTTCTTTTTCCACAAATGGCCTATTGTATGCAGGAG,,,Y,TGAVTTSsY,DTS,ALWYSNHFGEGPFSTNDL,IGLV2*01,IGLJ3P*01,76,102,9,154,162,3,271,324,18,294,6,37,10,0,3,0,1,15,4,,
Seq89_Grp89_IGLV2*01_IGLJ3P*01_Len(294|6|37)_Del(0|1),89,10,1,,CAGGCTGTTGTGACTCAGGAGTCTGCACTCACCACATCACCTGGTGGTACAGTCATACTCACTTATCGCTCAAGTAATGGGGATGTTACAACTAGTAGCTATGCCATTTGGGTCCAAGAAAAAACAGATCTTTTATTCGCTGGTGTAATAGGTGATACAAGCAACCGAGCTCCAGGTGTTCCTGCCAGATTCTCAGGCTCCCTGATTGGAGACAAGGCTGCCCTCACCATCACAGGGGCACAGACTGGGGATGAGGCAATGTATTTCTGTGCTCTATGGTACAGCAACCATTTCGGGGAAGGTTCTTTTTCCTCAAATGGCCTATTGTATGCAGGAG,CAGGCTGTTGTGACTCAGGAGTCTGCACTCACCACATCACCTGGTGGTACAGTCATACTCACTTGTCGCTCAAGTACTGGGGCTGTTACAACTAGTAACTATGCCATTTGGGTCCAAGAAAAAACAGATCATTTATTCGCTGGTGTAATAGGTGATACAAGCAACCGAGCTCCAGGTGTTCCTGCCAGATTCTCAGGCTCCCTGATTGGAGACAAGGCTGCCCTCACCATCACAGGGGCACAGACTGAGGATGATGCAATGTATTTCTGTGCTCTATGGTACAGCAACCATTTCGGGGAAGGTTCTTTTTCCTCAAATGGCCTATTGTATGCAGGAG,,,Y,nGdVTTSsY,DTS,ALWYSNHFGEGSFSSNGL,IGLV2*01,IGLJ3P*01,76,102,9,154,162,3,271,324,18,294,6,37,7,0,0,0,1,15,4,,
Seq90_Grp90_IGLV2*01_IGLJ3P*01_Len(294|6|37)_Del(0|1),90,10,1,,CAGGCTGTTGTGACTCAGGAGTCTGCACTCACCACATCACCTGGTGGTACAGTCATACTCACTTATCGCTCAAGTAATGGGGATGTTACAACTAGTAGCTATGCCATCTGGGTCCAGGAAAAAACAGATCTTTTATTCGCTGGTGTAATAGGCGATACAAGCAACCGAGCTCCAGGTGTTCCTGCCAGATTCTCAGGCTCCCTAATTGGAGACAAGGCTGCCCTCACCATCACAGGGGCACAGACTGGGGATGAGGCAATGTATTTCTGCGCTCTATGGTACAGCAACCATTTCGGGGAAGGTTCTTTTTCCTCAAATGGCCTATTGTATCTAGGAG,CAGGCTGTTGTGACTCAGGAGTCTGCACTCACCACATCACCTGGTGGTACAGTCATACTCACTTATCGCTCAAGTAATGGGGATGTTACAACTAGTAGCTATGCCATTTGGGTCCAAGAAAAAACAGATCTTTTATTCGCTGGTGTAATAGGTGATACAAGCAACCGAGCTCCAGGTGTTCCTGCCAGATTCTCAGGCTCCCTGATTGGAGACAAGGCTGCCCTCACCATCACAGGGGCACAGACTGGGGATGAGGCAATGTATTTCTGTGCTCTATGGTACAGCAACCATTTCGGGGAAGGTTCTTTTTCCTCAAATGGCCTATTGTATGCAGGAG,,,Y,nGdVTTSsY,DTS,ALWYSNHFGEGSFSSNGL,IGLV2*01,IGLJ3P*01,76,102,9,154,162,3,271,324,18,294,6,37,12,0,2,0,1,15,4,,
