SeqName,SeqNum,GroupNum,TemplateCount,TreeChildCount,ParNum,L-Seq,L-RefSeq,L-OverhangSeq5,L-OverhangSeq3,L-Functional,L-CDR1_AminoAcid,L-CDR2_AminoAcid,L-CDR3_AminoAcid,L-V_GeneName,L-J_GeneName,L-CDR1_Start,L-CDR1_End,L-CDR1_Length,L-CDR2_Start,L-CDR2_End,L-CDR2_Length,L-CDR3_Start,L-CDR3_End,L-CDR3_Length,L-Length_V,L-Length_N,L-Length_J,L-SHM_V,L-SHM_N,L-SHM_J,L-V_Deletion3,L-J_Deletion5,L-V_MapNum,L-J_MapNum,L-V_Align,L-J_Align
Seq19_Grp19_IGKV12-38*01_IGKJ1*01_Len(287|0|32)_Del(0|6),19,1,1,0,0,GACATCCAGATGACTCAGTCTCCAGCCTCCCTGGCTGCATCTGTGGGAGAAACTGTCACCATCACATGTCGAGCAAGTGAGAACATTTACTACAGTTTAGCATGGTATCAGCAGAAGCAAGGGAAATCTCCTCAGCTCCTGATCTATAATGCAAACAGCTTGGAAGATGGTGTCCCATCGAGGTTCAGTGGCAGTGGATCTGGGACACAGTATTCTATGAAGATCAACAGCATGCAGCCTGAAGATACCGCAACTTATTTCTGTAAACAGGCTTATGACGTTCCTCCGTTCGGTGGAGGCACCAAGCTGGAAATCAAAC,GACATCCAGATGACTCAGTCTCCAGCCTCCCTGGCTGCATCTGTGGGAGAAACTGTCACCATCACATGTCGAGCAAGTGAGAACATTTACTACAGTTTAGCATGGTATCAGCAGAAGCAAGGGAAATCTCCTCAGCTCCTGATCTATAATGCAAACAGCTTGGAAGATGGTGTCCCATCGAGGTTCAGTGGCAGTGGATCTGGGACACAGTATTCTATGAAGATCAACAGCATGCAGCCTGAAGATACCGCAACTTATTTCTGTAAACAGGCTTATGACGTTCCTCCGTTCGGTGGAGGCACCAAGCTGGAAATCAAAC,,,Y,ENIYYS,NAN,KQAYDVPP,IGKV12-38*01,IGKJ1*01,79,96,6,148,156,3,265,288,8,287,0,32,0,0,0,0,6,30,1,...............................................................................................................................................................................................................................................................................................|,gtggac|................................
Seq21_Grp21_IGKV12-38*01_IGKJ1*01_Len(287|0|32)_Del(0|6),21,2,1,1,0,GACATCCAGATGGCTCGGTCTCCAGCCTCCCTGGCTGCCTCTGTGGGAGAAACTGTCACAATCACATGTCGAGCAAGTGAGAACATTTACTACAGTCTAGCATGGTATCAGCAGAAGCAAGGGAAATCTCCTAAGCTCCTGGTCTATAATGCAAACAGCTGGGAAGATGGTGTCCCATCGAGGTTCAGTGGCAGTGGATCTGGGACACAATATTCTGTGAAGATCAACAGCATGCAGCCTGAAGATACCGCAACTTATTTCTGTAAACAAGCTTATGACGTTCCTCCTTTCGGTGGAGGCACCAAGCTGGAAATCAAAC,GACATCCAGATGACTCAGTCTCCAGCCTCCCTGGCTGCATCTGTGGGAGAAACTGTCACCATCACATGTCGAGCAAGTGAGAACATTTACTACAGTTTAGCATGGTATCAGCAGAAGCAAGGGAAATCTCCTCAGCTCCTGATCTATAATGCAAACAGCTTGGAAGATGGTGTCCCATCGAGGTTCAGTGGCAGTGGATCTGGGACACAGTATTCTATGAAGATCAACAGCATGCAGCCTGAAGATACCGCAACTTATTTCTGTAAACAGGCTTATGACGTTCCTCCTTTCGGTGGAGGCACCAAGCTGGAAATCAAAC,,,Y,ENIYYS,NAN,KQAYDVPP,IGKV12-38*01,IGKJ1*01,79,96,6,148,156,3,265,288,8,287,1,31,11,0,0,0,7,30,1,............A...A.....................A....................C....................................T...................................C........A..................T................................................G......A....................................................G.................|,gtggacg|...............................
Seq20_Grp20_IGKV12-38*01_IGKJ1*01_Len(287|0|32)_Del(0|6),20,2,1,0,21,GACATCCAGATGACTCAGTCTCCAGCCTCCCTGGCTGCATCTGTGGGAGAAACTGTCACAATCACATGTCGAGCAAGTGAGAACATTTACTACAGTCTAGCATGGTATCAGCAGAAGCAAGGGAAATCTCCTAAGCTCCTGGTCTATAATGCAAACAGCTGGGAAGATGGTGTCCCATCGAGGTTCAGTGGCAGTGGATCTGGGACACAGTATTCTATGAAGATCAACAGCATGCAGCCTGAAGATACCGCAACTTATTTCTGTAAACAGGCTTATGACGTTCCTCCTTTCGGTGGAGGCACCAAGCTGGAAATCAAAC,GACATCCAGATGGCTCGGTCTCCAGCCTCCCTGGCTGCCTCTGTGGGAGAAACTGTCACAATCACATGTCGAGCAAGTGAGAACATTTACTACAGTCTAGCATGGTATCAGCAGAAGCAAGGGAAATCTCCTAAGCTCCTGGTCTATAATGCAAACAGCTGGGAAGATGGTGTCCCATCGAGGTTCAGTGGCAGTGGATCTGGGACACAATATTCTGTGAAGATCAACAGCATGCAGCCTGAAGATACCGCAACTTATTTCTGTAAACAAGCTTATGACGTTCCTCCTTTCGGTGGAGGCACCAAGCTGGAAATCAAAC,,,Y,ENIYYS,NAN,KQAYDVPP,IGKV12-38*01,IGKJ1*01,79,96,6,148,156,3,265,288,8,287,1,31,5,0,0,0,7,30,1,...........................................................C....................................T...................................C........A..................T..............................................................................................................................|,gtggacg|...............................
Seq22_Grp22_IGKV12-38*01_IGKJ1*01_Len(287|0|32)_Del(0|6),22,3,1,1,0,GACACCCAGATGACTCAGTCTCCAGCCTCCCTGGCTGCATCTGTGGGAGAAACTGTCACCATCACATGTCGTGCAAGTGAGAACATTTACTACAGTTTAGCATGGTATCAGCAGAAGCAAGGGAAATCTCCTCAGCGCCTGATCTATAATGCAAACAGCTTGGAAGATGGTGTCCCATCGAGGTTTAGTGGCAGTGGATCTGGGACACAGTATTCTATGAAGATCGACAGCATGCAGCCTGAAGATACCGCAACTTATTTCTGTAAACAGGCTTGTGACGTTCCTCCGTTCGGTGGAGGCACCAAGCTGGAAATCAAAC,GACATCCAGATGACTCAGTCTCCAGCCTCCCTGGCTGCATCTGTGGGAGAAACTGTCACCATCACATGTCGAGCAAGTGAGAACATTTACTACAGTTTAGCATGGTATCAGCAGAAGCAAGGGAAATCTCCTCAGCTCCTGATCTATAATGCAAACAGCTTGGAAGATGGTGTCCCATCGAGGTTCAGTGGCAGTGGATCTGGGACACAGTATTCTATGAAGATCAACAGCATGCAGCCTGAAGATACCGCAACTTATTTCTGTAAACAGGCTTATGACGTTCCTCCGTTCGGTGGAGGCACCAAGCTGGAAATCAAAC,,,Y,ENIYYS,NAN,KQACDVPP,IGKV12-38*01,IGKJ1*01,79,96,6,148,156,3,265,288,8,287,0,32,6,0,0,0,6,30,1,....T..................................................................A................................................................T................................................C.......................................A................................................A............|,gtggac|................................
Seq23_Grp23_IGKV12-38*01_IGKJ1*01_Len(287|0|32)_Del(0|6),23,3,1,0,22,GACACCCAGATGACTCAGTCTCCAGCCTCCCTGGCTGCATCCGTGGGAGAAACTGTCACCATCACATGTCGTGCAAGTGAGAACATCTACTACAGTTTAGCATGGTATCTGCAGAAGCAAGGGAAATCTCCTCAGCGCCTGATCTATAATGCAAACAGCTTGGAAGATGGTGTCCCATCGAGGTTCAGTGGCAGTGGATCTGGGACACGGTATTCTATGAAGATCGACAGCATGCAGCCTGAGGATACCGCAACTTATTTCTGTAAACAGGCTTGTGACGTTCCTCCGTTCGGTGGAGGCACCAAGCTGGAAATCAAAC,GACACCCAGATGACTCAGTCTCCAGCCTCCCTGGCTGCATCTGTGGGAGAAACTGTCACCATCACATGTCGTGCAAGTGAGAACATTTACTACAGTTTAGCATGGTATCAGCAGAAGCAAGGGAAATCTCCTCAGCGCCTGATCTATAATGCAAACAGCTTGGAAGATGGTGTCCCATCGAGGTTTAGTGGCAGTGGATCTGGGACACAGTATTCTATGAAGATCGACAGCATGCAGCCTGAAGATACCGCAACTTATTTCTGTAAACAGGCTTGTGACGTTCCTCCGTTCGGTGGAGGCACCAAGCTGGAAATCAAAC,,,Y,ENIYYS,NAN,KQACDVPP,IGKV12-38*01,IGKJ1*01,79,96,6,148,156,3,265,288,8,287,0,32,10,0,0,0,6,30,1,....T....................................T.............................A..............T......................A..........................T.......................................................................A................A................A...............................A............|,gtggac|................................
Seq25_Grp25_IGKV12-38*01_IGKJ1*01_Len(287|0|32)_Del(0|6),25,4,1,1,0,GACACCCTGGTGTCTCAGTCTCCAGCCTCCCTGGCTGTATCTGTGGGAGAAACTGTCACCATCACATGTCGTGCAAGTGAGGACATTTACTACAGTTTAGCATGGTATCAGCAGAAGCTAGGGAAATCTCCTCAGCACCTGATCTATAATGCAAACAGCTTGGAAGATGGTGTCCCATCGAGGTTTAGTGGCAGTGGATCTAGGACACAGTATTCTATAAAGATCGACAGCATGCAGCCTGAAGATACCGCAACTTATTCCTGTAAACAGGCTTGCGACGTTCCTCCGTTCGGTGGAGGCACCAAGCTGGGAATCAAAC,GACATCCAGATGACTCAGTCTCCAGCCTCCCTGGCTGCATCTGTGGGAGAAACTGTCACCATCACATGTCGAGCAAGTGAGAACATTTACTACAGTTTAGCATGGTATCAGCAGAAGCAAGGGAAATCTCCTCAGCTCCTGATCTATAATGCAAACAGCTTGGAAGATGGTGTCCCATCGAGGTTCAGTGGCAGTGGATCTGGGACACAGTATTCTATGAAGATCAACAGCATGCAGCCTGAAGATACCGCAACTTATTTCTGTAAACAGGCTTATGACGTTCCTCCGTTCGGTGGAGGCACCAAGCTGGAAATCAAAC,,,Y,EdIYYS,NAN,KQACDVPP,IGKV12-38*01,IGKJ1*01,79,96,6,148,156,3,265,288,8,287,0,32,16,0,1,0,6,30,1,....T..A.A..A........................C.................................A.........A....................................A.................T................................................C...............G................G......A.................................T..............AT...........|,gtggac|.......................A........
Seq26_Grp26_IGKV12-38*01_IGKJ1*01_Len(287|0|32)_Del(0|6),26,4,1,0,24,GATACCCAGGTGACTCAGCCTCCAGCCTCCCTGGCTGCATCTGTGGGAGAAACTGTCACCATCACATGTCGTGCAAGCGAGGACATTTACTACAGTTTAGCATGGTATCAGCAGAAGCTAGGGAAATCTCCTCAGCACCTGATCTATAATGCAAACAGCTTGGAAGATGGTGTCCCATCGAGGTTTAGTGGCAGTGGATCTGGGACCCAGTATTCTATAAAGATCGACAGCATGCAGCCTGAAGATACCGCAACTTGTTCCTGTAAACTGGCTTGTGACGTTCCTCCGTTCGGTGGAGGCACCAAGCTGGAAATCAAAC,GACACCCAGGTGACTCAGTCTCCAGCCTCCCTGGCTGCATCTGTGGGAGAAACTGTCACCATCACATGTCGTGCAAGTGAGGACATTTACTACAGTTTAGCATGGTATCAGCAGAAGCTAGGGAAATCTCCTCAGCACCTGATCTATAATGCAAACAGCTTGGAAGATGGTGTCCCATCGAGGTTTAGTGGCAGTGGATCTGGGACACAGTATTCTATAAAGATCGACAGCATGCAGCCTGAAGATACCGCAACTTATTCCTGTAAACAGGCTTGTGACGTTCCTCCGTTCGGTGGAGGCACCAAGCTGGAAATCAAAC,,,Y,EdIYYS,NAN,KLACDVPP,IGKV12-38*01,IGKJ1*01,79,96,6,148,156,3,265,288,8,287,0,32,17,0,0,0,6,30,1,..C.T....A........T....................................................A.....T...A....................................A.................T................................................C....................A...........G......A..............................A..T........A.....A............|,gtggac|................................
Seq24_Grp24_IGKV12-38*01_IGKJ1*01_Len(287|0|32)_Del(0|6),24,4,1,1,25,GACACCCAGGTGACTCAGTCTCCAGCCTCCCTGGCTGCATCTGTGGGAGAAACTGTCACCATCACATGTCGTGCAAGTGAGGACATTTACTACAGTTTAGCATGGTATCAGCAGAAGCTAGGGAAATCTCCTCAGCACCTGATCTATAATGCAAACAGCTTGGAAGATGGTGTCCCATCGAGGTTTAGTGGCAGTGGATCTGGGACACAGTATTCTATAAAGATCGACAGCATGCAGCCTGAAGATACCGCAACTTATTCCTGTAAACAGGCTTGTGACGTTCCTCCGTTCGGTGGAGGCACCAAGCTGGAAATCAAAC,GACACCCTGGTGTCTCAGTCTCCAGCCTCCCTGGCTGTATCTGTGGGAGAAACTGTCACCATCACATGTCGTGCAAGTGAGGACATTTACTACAGTTTAGCATGGTATCAGCAGAAGCTAGGGAAATCTCCTCAGCACCTGATCTATAATGCAAACAGCTTGGAAGATGGTGTCCCATCGAGGTTTAGTGGCAGTGGATCTAGGACACAGTATTCTATAAAGATCGACAGCATGCAGCCTGAAGATACCGCAACTTATTCCTGTAAACAGGCTTGCGACGTTCCTCCGTTCGGTGGAGGCACCAAGCTGGGAATCAAAC,,,Y,EdIYYS,NAN,KQACDVPP,IGKV12-38*01,IGKJ1*01,79,96,6,148,156,3,265,288,8,287,0,32,11,0,0,0,6,30,1,....T....A.............................................................A.........A....................................A.................T................................................C................................G......A.................................T..............A............|,gtggac|................................
Seq27_Grp27_IGKV12-38*01_IGKJ1*01_Len(287|0|32)_Del(0|6),27,5,1,0,0,GATACCCAGGTGACTCAGCCTCCAGCCTCCCTGGCTGCATCTGTGGGAGAAACTGTCATGATCACATGTCGTGCAGGCGAGGACATTTACTATAGTTTAGCATGGTATCAGCAGAAGCTAGGGAAATCTCCTCAGCACCTGATCTATAATGCAAACAGCTTGGAAGATGGTGTCCCATCGAGGTTTAGTGGCAGTGGATCTGGGACCCAGTATTCTATAAAGATCGATAGCATGCAGCCTGAAGATACCGCAACTTGTTCCTGTAAACTGGCTTATGACGTTCCTCCGTTCGGTGGAGGCACCAAGCTGGAAATCAAAC,GACATCCAGATGACTCAGTCTCCAGCCTCCCTGGCTGCATCTGTGGGAGAAACTGTCACCATCACATGTCGAGCAAGTGAGAACATTTACTACAGTTTAGCATGGTATCAGCAGAAGCAAGGGAAATCTCCTCAGCTCCTGATCTATAATGCAAACAGCTTGGAAGATGGTGTCCCATCGAGGTTCAGTGGCAGTGGATCTGGGACACAGTATTCTATGAAGATCAACAGCATGCAGCCTGAAGATACCGCAACTTATTTCTGTAAACAGGCTTATGACGTTCCTCCGTTCGGTGGAGGCACCAAGCTGGAAATCAAAC,,,Y,EdIYYS,NAN,KLAYDVPP,IGKV12-38*01,IGKJ1*01,79,96,6,148,156,3,265,288,8,287,0,32,21,0,0,0,6,30,1,..C.T....A........T.......................................CC...........A...A.T...A..........C.........................A.................T................................................C....................A...........G......A.C............................A..T........A..................|,gtggac|................................
Seq01_Grp01_IGKV4-70*01_IGKJ2*03_Len(280|0|36)_Del(2|3),1,6,1,1,0,CAAATTGTTCTCACCCAGTCTCCAGCAATCATGTCTGCATCTCCAGGGGAGAAGGTCACCATGACCTGCAGTGCCAGCTCAAGTATAAGTTACATGCACTGGTACCAGCAGAAGCCAGGCACCTCCCCCAAAAGATGGATTTATGACACATCCAAACTGGCTTCTGGAGTCCCTGCTCGCTTCAGTGGCAGTGGGTCTGGGACCTCTTATTCTCTCACAATCAGCAGCATGGAGGCTGAAGATGCTGCCACTTATTACTGCCATCAGCGGAGTAGTTACCATACGTTCGGATCGGGGACCAAGCTGGAAATAAAAC,CAAATTGTTCTCACCCAGTCTCCAGCAATCATGTCTGCATCTCCAGGGGAGAAGGTCACCATGACCTGCAGTGCCAGCTCAAGTATAAGTTACATGCACTGGTACCAGCAGAAGCCAGGCACCTCCCCCAAAAGATGGATTTATGACACATCCAAACTGGCTTCTGGAGTCCCTGCTCGCTTCAGTGGCAGTGGGTCTGGGACCTCTTATTCTCTCACAATCAGCAGCATGGAGGCTGAAGATGCTGCCACTTATTACTGCCATCAGCGGAGTAGTTACCATACGTTCGGATCGGGGACCAAGCTGGAAATAAAAC,,,Y,SSISY,DTS,HQRSSYHT,IGKV4-70*01,IGKJ2*03,79,93,5,145,153,3,262,285,8,280,0,36,0,0,0,2,3,97,5,........................................................................................................................................................................................................................................................................................|ca,tgt|....................................
Seq02_Grp02_IGKV4-70*01_IGKJ2*03_Len(280|0|36)_Del(2|3),2,6,1,1,1,CAAATTGTTCTCACCCAGTCTCCAGCAATCATGTCTGCATCTCTAGGGGAGAAGGTCACCATGTCCTGCAGTGCCAGCTCAAGTATAAGTTACATGCACTGGTACCAGCAGAAGCCAGGCACCCCCCCCAAAAGATGGATTTATGACACATCCAAACTGGCTTCTGGAGTCCCTGTTCGCTTCAGTGGCAGTGTGTCTGGGACCTCTTATTCTCTCACAATCAGCAGCATGGAGACTGAAGATGCTGCCACTTATTACTGCCATCAGCGGAGTAGTTACCATACGTTCGGATCGGGGACCAAGCTGGAAATAAAAC,CAAATTGTTCTCACCCAGTCTCCAGCAATCATGTCTGCATCTCCAGGGGAGAAGGTCACCATGACCTGCAGTGCCAGCTCAAGTATAAGTTACATGCACTGGTACCAGCAGAAGCCAGGCACCTCCCCCAAAAGATGGATTTATGACACATCCAAACTGGCTTCTGGAGTCCCTGCTCGCTTCAGTGGCAGTGGGTCTGGGACCTCTTATTCTCTCACAATCAGCAGCATGGAGGCTGAAGATGCTGCCACTTATTACTGCCATCAGCGGAGTAGTTACCATACGTTCGGATCGGGGACCAAGCTGGAAATAAAAC,,,Y,SSISY,DTS,HQRSSYHT,IGKV4-70*01,IGKJ2*03,79,93,5,145,153,3,262,285,8,280,0,36,6,0,0,2,3,97,5,...........................................C...................A...........................................................T...................................................C.................G........................................G.............................................|ca,tgt|....................................
Seq03_Grp03_IGKV4-70*01_IGKJ2*03_Len(280|0|36)_Del(2|3),3,6,1,0,2,CAAATTGTTCTCACCCAGTCTCCAGCAGTCATGTCTGCATCTCTAGGGGAGAAGGTTACCATGTCCTGCAGTGCCAGCTCAAGTATAAGTTACATGCACTGGTACCAGCAGAAGCCAGGCACCCCCCCCAAAGGATGGATTTATGACACATCCAAACTGGCTTCTGGAGTCCCTGTTCGCTTCACTGGGAGTGTGTCTGGGACCTCTTATTCTCTCACAATCAGCAGCATGGAGACTGGAGATGCTGCCACTTATTACTGCCATCAGCGGAGTAGTTACCATACGTTCGGATCGGGGACCAAGCTGGAAATAAAAC,CAAATTGTTCTCACCCAGTCTCCAGCAATCATGTCTGCATCTCTAGGGGAGAAGGTCACCATGTCCTGCAGTGCCAGCTCAAGTATAAGTTACATGCACTGGTACCAGCAGAAGCCAGGCACCCCCCCCAAAAGATGGATTTATGACACATCCAAACTGGCTTCTGGAGTCCCTGTTCGCTTCAGTGGCAGTGTGTCTGGGACCTCTTATTCTCTCACAATCAGCAGCATGGAGACTGAAGATGCTGCCACTTATTACTGCCATCAGCGGAGTAGTTACCATACGTTCGGATCGGGGACCAAGCTGGAAATAAAAC,,,Y,SSISY,DTS,HQRSSYHT,IGKV4-70*01,IGKJ2*03,79,93,5,145,153,3,262,285,8,280,0,36,12,0,0,2,3,97,5,...........................A...............C............C......A...........................................................T........A..........................................C........G...C....G........................................G...A.........................................|ca,tgt|....................................
Seq04_Grp04_IGKV4-70*01_IGKJ2*03_Len(280|0|36)_Del(2|3),4,7,1,1,0,CAAATTGTTCTCACCCAGTCTCCAGCAATCACGTCTGCATCTCTAGGGGAGAAGGTCACCATGTCCTGCAGTGCCAGCTCAAGTATAAGTTACATGCACTGGTACCAGCAGAAGCCAGGCACCCCCCCCAAAAGATGGATTTATGACACATCCAGACTGGCTTCTGGAGTCCCTGTTCGCTTCAGTGGCAGTGTGTCTGGGACCTCTTATTCTCTCACAGTCAGCAGGACGGAGACTGAAGATGCTGCCACTTATTACTGCCATCAGCGGAGTAGTTACCATACGTTCGGATCGGGGACCGAGCTGGAAATAAAAC,CAAATTGTTCTCACCCAGTCTCCAGCAATCATGTCTGCATCTCCAGGGGAGAAGGTCACCATGACCTGCAGTGCCAGCTCAAGTATAAGTTACATGCACTGGTACCAGCAGAAGCCAGGCACCTCCCCCAAAAGATGGATTTATGACACATCCAAACTGGCTTCTGGAGTCCCTGCTCGCTTCAGTGGCAGTGGGTCTGGGACCTCTTATTCTCTCACAATCAGCAGCATGGAGGCTGAAGATGCTGCCACTTATTACTGCCATCAGCGGAGTAGTTACCATACGTTCGGATCGGGGACCAAGCTGGAAATAAAAC,,,Y,SSISY,DTS,HQRSSYHT,IGKV4-70*01,IGKJ2*03,79,93,5,145,153,3,262,285,8,280,0,36,11,0,1,2,3,97,5,...............................T...........C...................A...........................................................T..............................A....................C.................G.........................A.......C.T....G.............................................|ca,tgt|....................A...............
Seq05_Grp05_IGKV4-70*01_IGKJ2*03_Len(280|0|36)_Del(2|3),5,7,1,0,4,CAAATTGTTCTCACCCAGTCTCCAGCAATCACGTCTGCATCTCTAGGGAAGAAGGTCACCATGTCCTGCAGTGCCAGCTCAAGTATAAGTTACATGCACTGGTACCAGCAGAAGCCAGGCACCCACCCCAAAAGATGGATTTATGACACATCCAGATTGGCTTCCGGAGTCCCTGTTCGCTTCAGTGGCAGTGTGTCTGGGACCTCTTGTTCTTTCACAGTCAGCAGGACGGAGACTGAAGATGCTGCCACTTATTACTGCCATCAGCGGAGTAGTTACCATACGTTCGGATCGGGGACCGAGCTGGAAATAAAAC,CAAATTGTTCTCACCCAGTCTCCAGCAATCACGTCTGCATCTCTAGGGGAGAAGGTCACCATGTCCTGCAGTGCCAGCTCAAGTATAAGTTACATGCACTGGTACCAGCAGAAGCCAGGCACCCCCCCCAAAAGATGGATTTATGACACATCCAGACTGGCTTCTGGAGTCCCTGTTCGCTTCAGTGGCAGTGTGTCTGGGACCTCTTATTCTCTCACAGTCAGCAGGACGGAGACTGAAGATGCTGCCACTTATTACTGCCATCAGCGGAGTAGTTACCATACGTTCGGATCGGGGACCGAGCTGGAAATAAAAC,,,Y,SSISY,DTS,HQRSSYHT,IGKV4-70*01,IGKJ2*03,79,93,5,145,153,3,262,285,8,280,0,36,17,0,1,2,3,97,5,...............................T...........C....G..............A...........................................................TC.............................A.C.......T..........C.................G..............A....C.....A.......C.T....G.............................................|ca,tgt|....................A...............
Seq06_Grp06_IGKV4-70*01_IGKJ2*03_Len(280|0|36)_Del(2|3),6,8,1,1,0,CAAATTGTTCTCACCCAGTCTCCTGCAGTCATGTCTGCATCTCTAGTGGAGAAGGGTACCATGTCCTGCAGTGCCAGCTCAGGTATAAGTTACATGCACTGGTACCAGCAGAAGCCAGGCACCCCCCCCAAAGGATGGATTTATGACACATCCAAACTGGCTTCTGGAGTCCCTGTTCGCTTCACTGGGTGTGTGTCTGGGACCTCTTATTCTCTCACAATCAGCAGCATGGAGACTGGAGATGCTGCCACTTATTACTGCCATCGGCGGAGTAGTTACCATACGTTCGGATCGGGGACCAAGCTGGAAATAAAAC,CAAATTGTTCTCACCCAGTCTCCAGCAATCATGTCTGCATCTCCAGGGGAGAAGGTCACCATGACCTGCAGTGCCAGCTCAAGTATAAGTTACATGCACTGGTACCAGCAGAAGCCAGGCACCTCCCCCAAAAGATGGATTTATGACACATCCAAACTGGCTTCTGGAGTCCCTGCTCGCTTCAGTGGCAGTGGGTCTGGGACCTCTTATTCTCTCACAATCAGCAGCATGGAGGCTGAAGATGCTGCCACTTATTACTGCCATCAGCGGAGTAGTTACCATACGTTCGGATCGGGGACCAAGCTGGAAATAAAAC,,,Y,SgISY,DTS,HRRSSYHT,IGKV4-70*01,IGKJ2*03,79,93,5,145,153,3,262,285,8,280,0,36,18,0,0,2,3,97,5,.......................A...A...............C..G........TC......A.................A.........................................T........A..........................................C........G...CA...G........................................G...A..........................A..............|ca,tgt|....................................
Seq07_Grp07_IGKV4-70*01_IGKJ2*03_Len(280|0|36)_Del(2|3),7,8,1,0,6,CAAATTGTTCTCACCCAGTCTCCTGCAGTCATGTCTGCATCTCTAGTGGAGAAGGGTACCGTGTCCTGCAGTGCCAGCTCAGGTATAAGTTACATGCACTGGTACCAGCAGAAGCCAGGCACCCCCCCCACAGGATGGATTTATGACACATCCAAACTGGCTTCTGGGGTCCCTGTTCGCTTCACTGGGTGTGTGTCTGGGACCTCTTATTCTCTCACAATCAGCAGCATGGAGACTGGAGATGCTGCCACTTATTACTGCCATCGGAGGAGTAGTCACCATACGTTCGGATCGGGGACCAAGCTGGAAATAAAAC,CAAATTGTTCTCACCCAGTCTCCTGCAGTCATGTCTGCATCTCTAGTGGAGAAGGGTACCATGTCCTGCAGTGCCAGCTCAGGTATAAGTTACATGCACTGGTACCAGCAGAAGCCAGGCACCCCCCCCAAAGGATGGATTTATGACACATCCAAACTGGCTTCTGGAGTCCCTGTTCGCTTCACTGGGTGTGTGTCTGGGACCTCTTATTCTCTCACAATCAGCAGCATGGAGACTGGAGATGCTGCCACTTATTACTGCCATCGGCGGAGTAGTTACCATACGTTCGGATCGGGGACCAAGCTGGAAATAAAAC,,,Y,SgISY,DTS,HRRSSHHT,IGKV4-70*01,IGKJ2*03,79,93,5,145,153,3,262,285,8,280,0,36,23,0,0,2,3,97,5,.......................A...A...............C..G........TC...A..A.................A.........................................T......A.A..................................A.......C........G...CA...G........................................G...A..........................A.C........T...|ca,tgt|....................................
Seq08_Grp08_IGKV4-70*01_IGKJ2*03_Len(280|0|36)_Del(2|3),8,9,1,1,0,CAAATTGTTCTCACCCAGTCTCCAGCAATCACGTCTGCATCTCTAGGGGAGAAGGTCACCATGTCCTGCAGTGCCAGCTCAAGTATAAGTTACATGCACTGCTACCAGCAGAAGCCAGGCACCCCCCCCAAAAGATGGATTTATGACACATCCAGACTGGCTTCTGGATTCCCTGTTCGCTTCAGTGGCAGTGTGTCTGGGACCTCTTATTCTCTCACAGTCAGCAGGACGGAGACTGAAGATGGTGCCACTTATTTCTGCCATCAGCGGAGTAGTTACCATTCGTTCGGATCGGGGACCGAGCTGGAAATAAAAA,CAAATTGTTCTCACCCAGTCTCCAGCAATCATGTCTGCATCTCCAGGGGAGAAGGTCACCATGACCTGCAGTGCCAGCTCAAGTATAAGTTACATGCACTGGTACCAGCAGAAGCCAGGCACCTCCCCCAAAAGATGGATTTATGACACATCCAAACTGGCTTCTGGAGTCCCTGCTCGCTTCAGTGGCAGTGGGTCTGGGACCTCTTATTCTCTCACAATCAGCAGCATGGAGGCTGAAGATGCTGCCACTTATTACTGCCATCAGCGGAGTAGTTACCATACGTTCGGATCGGGGACCAAGCTGGAAATAAAAC,,,Y,SSISY,DTS,HQRSSYHS,IGKV4-70*01,IGKJ2*03,79,93,5,145,153,3,262,285,8,280,0,36,15,0,3,2,3,97,5,...............................T...........C...................A.....................................G.....................T..............................A.............G......C.................G.........................A.......C.T....G.........C...........A.......................|ca,tgt|..A.................A..............C
Seq09_Grp09_IGKV4-70*01_IGKJ2*03_Len(280|0|36)_Del(2|3),9,9,1,0,8,CAAATTGTTCTTACACAGTCTCCAGCAATCACGTCTGCATCTCTAGGGGAGAAGGTCACCATGTCCTGCAGTGCCAGCTCAAGTATAAGTTACATGCACTGCTACCAGCAGAAGCCAGGCACCCCCCCCAAAAGATGGATTTATGACACATCCAGACTGGCTTCTGGATTCCCTATTCGCTTCAGTGGCAGTGTGTCTGGGACCTCTTATTCTCTTACAGTCAGTAGGACGGGGACTGAAGATGGTGCCACTTATTTCTGCCATCAGCGGAGTAGTTACCATTCGTTCGGATCGGGGACCGAGCTGGAAATAAAAA,CAAATTGTTCTCACCCAGTCTCCAGCAATCACGTCTGCATCTCTAGGGGAGAAGGTCACCATGTCCTGCAGTGCCAGCTCAAGTATAAGTTACATGCACTGCTACCAGCAGAAGCCAGGCACCCCCCCCAAAAGATGGATTTATGACACATCCAGACTGGCTTCTGGATTCCCTGTTCGCTTCAGTGGCAGTGTGTCTGGGACCTCTTATTCTCTCACAGTCAGCAGGACGGAGACTGAAGATGGTGCCACTTATTTCTGCCATCAGCGGAGTAGTTACCATTCGTTCGGATCGGGGACCGAGCTGGAAATAAAAA,,,Y,SSISY,DTS,HQRSSYHS,IGKV4-70*01,IGKJ2*03,79,93,5,145,153,3,262,285,8,280,0,36,21,0,3,2,3,97,5,...........C..C................T...........C...................A.....................................G.....................T..............................A.............G.....GC.................G.....................C...A....C..C.T..A.G.........C...........A.......................|ca,tgt|..A.................A..............C
Seq28_Grp28_IGKV7-33*01_IGKJ2*01_Len(305|0|32)_Del(0|7),28,10,1,0,0,GACATTGTGATGACTCAGTCTCCAACTTTCCTTGCTGTGACAGCAAGTAAGAAGGTCACCATTAGTTGCACGGCCAGTGAGAGCCTTTATTCAAGCAAACACAAGGTGCACTACTTGGCTTGGTACCAGAAGAAACCAGAGCAATCTCCTAAACTGCTGATATACGGGGCATCCAACCGATACATTGGGGTCCCTGATCGCTTCACAGGCAGTGGATCTGGGACAGATTTCACTCTGACCATCAGCAGTGTACAGGTTGAAGACCTCACACATTATTACTGTGCACAGTTTTACAGCTATCCTCTGTTCGGAGGGGGGACCAAGCTGGAAATAAAAC,GACATTGTGATGACTCAGTCTCCAACTTTCCTTGCTGTGACAGCAAGTAAGAAGGTCACCATTAGTTGCACGGCCAGTGAGAGCCTTTATTCAAGCAAACACAAGGTGCACTACTTGGCTTGGTACCAGAAGAAACCAGAGCAATCTCCTAAACTGCTGATATACGGGGCATCCAACCGATACATTGGGGTCCCTGATCGCTTCACAGGCAGTGGATCTGGGACAGATTTCACTCTGACCATCAGCAGTGTACAGGTTGAAGACCTCACACATTATTACTGTGCACAGTTTTACAGCTATCCTCTGTTCGGAGGGGGGACCAAGCTGGAAATAAAAC,,,Y,ESLYSSKHKVHY,GAS,AQFYSYPL,IGKV7-33*01,IGKJ2*01,79,114,12,166,174,3,283,306,8,305,0,32,0,0,0,0,7,131,3,.................................................................................................................................................................................................................................................................................................................|,tgtacac|................................
Seq30_Grp30_IGKV7-33*01_IGKJ2*01_Len(305|0|32)_Del(0|7),30,11,1,3,0,GACATTGTGATGACTCATTCTCCAACTTTCCTTGCTGTGACAGCTAATAAGAAGGTCACCATTAGTTGCACGGCCCGTGAGAGCCTTTATTCAGGCAAACACAAAGTGCACTACTTAGCTTGGTGCCAGAAGAAACCAGAGCAATCTCCTAAACTGCTGACATACGGGGCACCCAACCGACACATTGAGGTCCCTGATCGCTTCACAGGCAGTGGATCTGGGACAGGTTTCACTCTGACCATCAGCAGTGAACAGGTTGAAGACCTCACACATTATTACTGTGCACAGTTTTACAGCTATCCTCTGTTCGGAGGGGGGACCAAGCTGGAAATAAAAC,GACATTGTGATGACTCAGTCTCCAACTTTCCTTGCTGTGACAGCAAGTAAGAAGGTCACCATTAGTTGCACGGCCAGTGAGAGCCTTTATTCAAGCAAACACAAGGTGCACTACTTGGCTTGGTACCAGAAGAAACCAGAGCAATCTCCTAAACTGCTGATATACGGGGCATCCAACCGATACATTGGGGTCCCTGATCGCTTCACAGGCAGTGGATCTGGGACAGATTTCACTCTGACCATCAGCAGTGTACAGGTTGAAGACCTCACACATTATTACTGTGCACAGTTTTACAGCTATCCTCTGTTCGGAGGGGGGACCAAGCTGGAAATAAAAC,,,Y,ESLYSgKHKVHY,GAp,AQFYSYPL,IGKV7-33*01,IGKJ2*01,79,114,12,166,174,3,283,306,8,305,0,32,14,0,0,0,7,131,3,.................G..........................A.G............................A.................A..........G...........G.......A...................................T..........T........T......G......................................A.......................T......................................................|,tgtacac|................................
Seq29_Grp29_IGKV7-33*01_IGKJ2*01_Len(305|0|32)_Del(0|7),29,11,1,0,30,GACATTGTGATGACTCATTCTCCAACTTTCCTTGCTGTGACAGCTAGTAAGAAGGTCACCATTAGTTGCACGGCCCGTGAGAGCCTTTATTCAAGCAAACACAAAGTGCACTACTTGGCTTGGTGCCAGAAGAAACCAGAGCAATCTCCTAAACTGCTGATATACGGGGCACCCAACCGATACATTGAGGTCCCTGATCGCTTCACAGGCAGTGGATCTGGGACAGATTTCACTCTGACCATCAGCAGTGTACAGGTTGAAGACCTCACACATTATTACTGTGCACAGTTTTACAGCTATCCTCTGTTCGGAGGGGGGACCAAGCTGGAAATAAAAC,GACATTGTGATGACTCATTCTCCAACTTTCCTTGCTGTGACAGCTAATAAGAAGGTCACCATTAGTTGCACGGCCCGTGAGAGCCTTTATTCAGGCAAACACAAAGTGCACTACTTAGCTTGGTGCCAGAAGAAACCAGAGCAATCTCCTAAACTGCTGACATACGGGGCACCCAACCGACACATTGAGGTCCCTGATCGCTTCACAGGCAGTGGATCTGGGACAGGTTTCACTCTGACCATCAGCAGTGAACAGGTTGAAGACCTCACACATTATTACTGTGCACAGTTTTACAGCTATCCTCTGTTCGGAGGGGGGACCAAGCTGGAAATAAAAC,,,Y,ESLYSSKHKVHY,GAp,AQFYSYPL,IGKV7-33*01,IGKJ2*01,79,114,12,166,174,3,283,306,8,305,0,32,7,0,0,0,7,131,3,.................G..........................A..............................A............................G...................A..............................................T...............G.....................................................................................................................|,tgtacac|................................
Seq33_Grp33_IGKV7-33*01_IGKJ2*01_Len(305|0|32)_Del(0|7),33,11,1,1,30,GACGTTGTGATGACTCATTCTCCAACTTTCCTTGCTGTGACAGCTAATAAGAAGGTCACCATTAGTTGCACGGCCCGTGAGAGCCTTTACTCTGGCAAACACAAAGTGCACTACTTAGCTTGGTGCCAGAAGAAACCAGCGCAATCTCCTAAACTGCTGACATACGGGGCACCCAACCGACACATTGAGGTCCCTGATCGCTTCACAGGCAGTAGATCTGGGACAGGTTTCACTCTGACCATCAGCAGTGAACTGGTTGAAGACCTCACACATTATTACTGTGCACAGTTTTACAGCTATCCTCTGTTCGGAGGGGGGACCAAGCTGGAAGTAAAAC,GACATTGTGATGACTCATTCTCCAACTTTCCTTGCTGTGACAGCTAATAAGAAGGTCACCATTAGTTGCACGGCCCGTGAGAGCCTTTATTCAGGCAAACACAAAGTGCACTACTTAGCTTGGTGCCAGAAGAAACCAGAGCAATCTCCTAAACTGCTGACATACGGGGCACCCAACCGACACATTGAGGTCCCTGATCGCTTCACAGGCAGTGGATCTGGGACAGGTTTCACTCTGACCATCAGCAGTGAACAGGTTGAAGACCTCACACATTATTACTGTGCACAGTTTTACAGCTATCCTCTGTTCGGAGGGGGGACCAAGCTGGAAATAAAAC,,,Y,ESLYSgKHKVHY,GAp,AQFYSYPL,IGKV7-33*01,IGKJ2*01,79,114,12,166,174,3,283,306,8,305,0,32,20,0,1,0,7,131,3,...A.............G..........................A.G............................A.............T..AA..........G...........G.......A..............A....................T..........T........T......G.........................G............A.......................T..A...................................................|,tgtacac|.........................A......
Seq35_Grp35_IGKV7-33*01_IGKJ2*01_Len(305|0|32)_Del(0|7),35,11,1,1,30,GACATTGTGATGACTCATTCTCCAACTTTCCTTGCTGTGACAGCTGATAAGAAGGTCACCATTAGTTGCACGGCCCGTGAGTGCCTTTATTCAGGCAAACACAAAGTGCACTACTTATCTTGGTGCCAGAAGAAACCAGAGCAATCTCCTAAACTGCTGACATACGGGGCACCCAACCGACACATTGAGGTCCCTGATCGCTTCACAGGCAGTGGATCTGGGACAGGTTTCACTCAGACCATCAGCAGTGAACAGGTTGAACACCTCACACATTATTACTGTGCACTGTTTTACAGCTATCCTCTGTTCGGAGGGGGGACCAAGCTGGAAATAAAAC,GACATTGTGATGACTCATTCTCCAACTTTCCTTGCTGTGACAGCTAATAAGAAGGTCACCATTAGTTGCACGGCCCGTGAGAGCCTTTATTCAGGCAAACACAAAGTGCACTACTTAGCTTGGTGCCAGAAGAAACCAGAGCAATCTCCTAAACTGCTGACATACGGGGCACCCAACCGACACATTGAGGTCCCTGATCGCTTCACAGGCAGTGGATCTGGGACAGGTTTCACTCTGACCATCAGCAGTGAACAGGTTGAAGACCTCACACATTATTACTGTGCACAGTTTTACAGCTATCCTCTGTTCGGAGGGGGGACCAAGCTGGAAATAAAAC,,,Y,EcLYSgKHKVHY,GAp,ALFYSYPL,IGKV7-33*01,IGKJ2*01,79,114,12,166,174,3,283,306,8,305,0,32,20,0,0,0,7,131,3,.................G..........................AAG............................A.....A...........A..........G...........GG......A...................................T..........T........T......G......................................A........T..............T..........G........................A..................|,tgtacac|................................
Seq34_Grp34_IGKV7-33*01_IGKJ2*01_Len(305|0|32)_Del(0|7),34,11,1,0,33,GACGTTGTGTTGACTCATTCTCCAACTTTCCTTGCTGTGACAGCTAATAAGAAGGTCACCATTAGTTGCACGGCCCGTGAGAGCCTTTACTCTGGCAAACACAAAGTGCACTACTTAGCTTGGTGCCGGAAGAAACCAGCGCAATCTCCTAAACTGCTGACATACGGGGCACCCAACCGACACATTGAGGTCCCTGATCGCTTCACAGGCAGTAGATCTGGGGCAGGTTTCACTCAGACCATCAGCAGTGAACTGGTTGAAGACCTCACACATTATTACTGTGCACAGTTTTACAGCTATCCTCTGTTCGGAGGGGGGACCGAGCTGGAAGGAACAC,GACGTTGTGATGACTCATTCTCCAACTTTCCTTGCTGTGACAGCTAATAAGAAGGTCACCATTAGTTGCACGGCCCGTGAGAGCCTTTACTCTGGCAAACACAAAGTGCACTACTTAGCTTGGTGCCAGAAGAAACCAGCGCAATCTCCTAAACTGCTGACATACGGGGCACCCAACCGACACATTGAGGTCCCTGATCGCTTCACAGGCAGTAGATCTGGGACAGGTTTCACTCTGACCATCAGCAGTGAACTGGTTGAAGACCTCACACATTATTACTGTGCACAGTTTTACAGCTATCCTCTGTTCGGAGGGGGGACCAAGCTGGAAGTAAAAC,,,Y,ESLYSgKHKVHY,GAp,AQFYSYPL,IGKV7-33*01,IGKJ2*01,79,114,12,166,174,3,283,306,8,305,0,32,24,0,4,0,7,131,3,...A.....A.......G..........................A.G............................A.............T..AA..........G...........G.......A..A...........A....................T..........T........T......G.........................G........A...A........T..............T..A...................................................|,tgtacac|................A........AT..A..
Seq36_Grp36_IGKV7-33*01_IGKJ2*01_Len(305|0|32)_Del(0|7),36,11,1,0,35,GACATTGTGATGACTCATTCTCCAACTTTCCTTGTTGTGACAGCTGATAAGAAGGTCACCATTAGTTGCACGGCCCGTGAGTGCCTCTATTCAGGCGAACACAAAGTGCACTACTTATCTTGGTGCCAGAAGAAATCAGAGCAATCTCCTAAACTGCTGACATCCGGGGCACCCAACCGACGCATTGAGGTCCCTGATCGCTTCACAGGCAGTGGATCTGGGATAGGTTTCACTCAGACCATCAGCAGTGAACAGGTTGAACACCTCACACATTATTACTGTGCACTGTTTTACAGCTATCCTCTGTTCGGAGGGGGGACCAAGCTGGAAATAAAAC,GACATTGTGATGACTCATTCTCCAACTTTCCTTGCTGTGACAGCTGATAAGAAGGTCACCATTAGTTGCACGGCCCGTGAGTGCCTTTATTCAGGCAAACACAAAGTGCACTACTTATCTTGGTGCCAGAAGAAACCAGAGCAATCTCCTAAACTGCTGACATACGGGGCACCCAACCGACACATTGAGGTCCCTGATCGCTTCACAGGCAGTGGATCTGGGACAGGTTTCACTCAGACCATCAGCAGTGAACAGGTTGAACACCTCACACATTATTACTGTGCACTGTTTTACAGCTATCCTCTGTTCGGAGGGGGGACCAAGCTGGAAATAAAAC,,,Y,EcLYSgeHKVHY,GAp,ALFYSYPL,IGKV7-33*01,IGKJ2*01,79,114,12,166,174,3,283,306,8,305,0,32,27,0,0,0,7,131,3,.................G................C.........AAG............................A.....A....T......A..A.......G...........GG......A..........C........................T..A.......T........TA.....G...................................C..A........T..............T..........G........................A..................|,tgtacac|................................
Seq31_Grp31_IGKV7-33*01_IGKJ2*01_Len(305|0|32)_Del(0|7),31,12,1,1,0,GACATTGTGATGACTCATTCTCCAACTTTCCTTGCTGTGACAGCTAATAAGAAGGTCATCATTAGTTGCACGGCCCGTGAGAGCGTTTATTCAGGCAAACACAAAGTGCACTGCTTAGATTGGTGCCAGAAGAAACCAGAGCAATCTCCTAAACGGCTGACATACGGGGCACCCAACCGACACATTGAGGTCCCTGATCGCTTCACAGGCAGTGGATCTGGGACAGGTTTCACTCTGACCATCAGCAGTGAACCGGTTGAAGACCTCACACATTATTACTGTGCACAGTTTTACAGCTATCATCTGTTCGGAGGGGGGACCAAGCTGGAAATAAAAC,GACATTGTGATGACTCAGTCTCCAACTTTCCTTGCTGTGACAGCAAGTAAGAAGGTCACCATTAGTTGCACGGCCAGTGAGAGCCTTTATTCAAGCAAACACAAGGTGCACTACTTGGCTTGGTACCAGAAGAAACCAGAGCAATCTCCTAAACTGCTGATATACGGGGCATCCAACCGATACATTGGGGTCCCTGATCGCTTCACAGGCAGTGGATCTGGGACAGATTTCACTCTGACCATCAGCAGTGTACAGGTTGAAGACCTCACACATTATTACTGTGCACAGTTTTACAGCTATCCTCTGTTCGGAGGGGGGACCAAGCTGGAAATAAAAC,,,Y,ESvYSgKHKVHc,GAp,AQFYSYHL,IGKV7-33*01,IGKJ2*01,79,114,12,166,174,3,283,306,8,305,0,32,21,0,0,0,7,131,3,.................G..........................A.G...........C................A........C........A..........G.......A...G.C.....A.............................T.....T..........T........T......G......................................A.......................T..A...............................................C...|,tgtacac|................................
Seq32_Grp32_IGKV7-33*01_IGKJ2*01_Len(305|0|32)_Del(0|7),32,12,1,0,31,GACATTGTGATGACTCATTCTACAACTTTCCTTGCTGTGACAGCTAATAAGAAGGTCATCATTAGTTGCACGGCCCGTGAGAGCGTTTATTCAGGCAAGCACGAAGTGCACTGCTTAGATTGGTGCCAGAAGAAACCAGAGCAATCTCCTAAACGGCTGACATACGGGGCACCCAACCGACACATTGAGGTCCCTGATCGCTTCACAGGCAGTGGATCTGGGACAGGTTTCGCTCTGACCATCTGCACTGAACCGTTTGAAGACCTCACACATTATTACTGTGCACAGTTTTACAGCTATCATCTGTTCGGAGGGGGGACCAAGCTGGAAATAAAAC,GACATTGTGATGACTCATTCTCCAACTTTCCTTGCTGTGACAGCTAATAAGAAGGTCATCATTAGTTGCACGGCCCGTGAGAGCGTTTATTCAGGCAAACACAAAGTGCACTGCTTAGATTGGTGCCAGAAGAAACCAGAGCAATCTCCTAAACGGCTGACATACGGGGCACCCAACCGACACATTGAGGTCCCTGATCGCTTCACAGGCAGTGGATCTGGGACAGGTTTCACTCTGACCATCAGCAGTGAACCGGTTGAAGACCTCACACATTATTACTGTGCACAGTTTTACAGCTATCATCTGTTCGGAGGGGGGACCAAGCTGGAAATAAAAC,,,Y,ESvYSgKHeVHc,GAp,AQFYSYHL,IGKV7-33*01,IGKJ2*01,79,114,12,166,174,3,283,306,8,305,0,32,28,0,0,0,7,131,3,.................G...C......................A.G...........C................A........C........A....A...A.G.......A...G.C.....A.............................T.....T..........T........T......G......................................A....A...........A...G..T..A.G.............................................C...|,tgtacac|................................
Seq10_Grp10_IGKV3-7*01_IGKJ1*02_Len(298|1|35)_Del(1|2),10,13,1,2,0,GACATTGTGCTAACACAGTCTCCTGCTTCCTTAGCTGTATCTCTGGGGCAGAGGGCCACCATCTCATGCAGGGCCAGCCAAAGTGTCAGTACATCTAGCTATAGTTATATGCACTGGTACCAACAGAAACCAGGACAGCCACCCAAACTCCTCATCAAGTATGCATCCAACCTAGAATCTGGGGTCCCTGCCAGGTTCAGTGGCAGTGGGTCTGGGACAGACTTCACCCTCAACATCCATCCTGTGGAGGAGGAGGATACTGCAACATATTACTGTCAGCACAGTTGGGAGATTCCTCTGACGTTCGGTGGAGGCACCAAGCTGGAAATCAATC,GACATTGTGCTAACACAGTCTCCTGCTTCCTTAGCTGTATCTCTGGGGCAGAGGGCCACCATCTCATGCAGGGCCAGCCAAAGTGTCAGTACATCTAGCTATAGTTATATGCACTGGTACCAACAGAAACCAGGACAGCCACCCAAACTCCTCATCAAGTATGCATCCAACCTAGAATCTGGGGTCCCTGCCAGGTTCAGTGGCAGTGGGTCTGGGACAGACTTCACCCTCAACATCCATCCTGTGGAGGAGGAGGATACTGCAACATATTACTGTCAGCACAGTTGGGAGATTCCTCTGACGTTCGGTGGAGGCACCAAGCTGGAAATCAATC,,,Y,QSVSTSSYSY,YAS,QHSWEIPLT,IGKV3-7*01,IGKJ1*02,79,108,10,160,168,3,277,303,9,298,1,35,0,0,0,1,2,77,2,..........................................................................................................................................................................................................................................................................................................|c,cc|...................................
Seq11_Grp11_IGKV3-7*01_IGKJ1*02_Len(298|1|35)_Del(1|2),11,13,1,0,10,GACATTGTGCTAACACAGTCTCCTGCTTCCTTAGCTGTATCTCTGGGGCAGAGGGCCACCTTCTCATGCAGGGCCAGCCAAAGTGTCAGTTCATCTAGATATAGTTATATGCACTGGTACCAACAGAAACCAGGACAGCCACCCAAACTCCTCATCAAGTATGCATCCAACCTAGAATCTGGGGTCCCTGCCAGGTTCAGTGGCAGTGGGTCTGGGACAGATTTCACCCTCAACATCCATCCTGTGAAGGAGGAGGATGCTGCAATATATTACTGTCAGCACAGTTGGGAGATTCCTCTGACGTTCGGTGGAGGCACCAAGCTGGAAATCAATC,GACATTGTGCTAACACAGTCTCCTGCTTCCTTAGCTGTATCTCTGGGGCAGAGGGCCACCATCTCATGCAGGGCCAGCCAAAGTGTCAGTACATCTAGCTATAGTTATATGCACTGGTACCAACAGAAACCAGGACAGCCACCCAAACTCCTCATCAAGTATGCATCCAACCTAGAATCTGGGGTCCCTGCCAGGTTCAGTGGCAGTGGGTCTGGGACAGACTTCACCCTCAACATCCATCCTGTGGAGGAGGAGGATACTGCAACATATTACTGTCAGCACAGTTGGGAGATTCCTCTGACGTTCGGTGGAGGCACCAAGCTGGAAATCAATC,,,Y,QSVSsSrYSY,YAS,QHSWEIPLT,IGKV3-7*01,IGKJ1*02,79,108,10,160,168,3,277,303,9,298,1,35,7,0,0,1,2,77,2,............................................................A.............................A.......C..........................................................................................................................C........................G...........A......C................................|c,cc|...................................
Seq15_Grp15_IGKV3-7*01_IGKJ1*02_Len(298|1|35)_Del(1|2),15,13,1,1,10,GACATTGTGCTAACACCGTCTCCTGCTTCCTTAGCAGTATCTCTGGGGCAGAGGGCCACCATCTCATGCAGGGCCAGCCAAAGTGTCAGTACAACTAGCTATAGTTATATGCACTGGTACCAACAGAAACCAGGACAGCCACCCAAACTCCTCATCAAGTATGCGTCCAACCTCGAATCTGGGGTCCTTGCCAGGTTCAGTGGCAGTGGGTCTGGGACAGACTTCACCCTCAACATCCATCCTGTGGCGGAGGAGGATACTGCAACATATTACTGTCAGCACAGTTGGGAGATTCCTCTGACGTTCGGTGGAGGCACCAAGCTGGAAATCAATC,GACATTGTGCTAACACAGTCTCCTGCTTCCTTAGCTGTATCTCTGGGGCAGAGGGCCACCATCTCATGCAGGGCCAGCCAAAGTGTCAGTACATCTAGCTATAGTTATATGCACTGGTACCAACAGAAACCAGGACAGCCACCCAAACTCCTCATCAAGTATGCATCCAACCTAGAATCTGGGGTCCCTGCCAGGTTCAGTGGCAGTGGGTCTGGGACAGACTTCACCCTCAACATCCATCCTGTGGAGGAGGAGGATACTGCAACATATTACTGTCAGCACAGTTGGGAGATTCCTCTGACGTTCGGTGGAGGCACCAAGCTGGAAATCAATC,,,Y,QSVSTtSYSY,YAS,QHSWEIPLT,IGKV3-7*01,IGKJ1*02,79,108,10,160,168,3,277,303,9,298,1,35,7,0,0,1,2,77,2,................A..................T.........................................................T......................................................................A........A.............C...........................................................A..................................................|c,cc|...................................
Seq16_Grp16_IGKV3-7*01_IGKJ1*02_Len(298|1|35)_Del(1|2),16,13,1,0,15,GACATTGTGCTTACACCGTCTCCTGCTTCCTTAGCAGTATCTCTGGGGCAGAGGGTCACCATCTCATGTAGGGCCAGCCAAAGTGTCAGTACAACTAGCTATAGTTATATGCACTGGTACCAACAGAAACCAGGACAGCCACCCAAACTCCTCATCAAGTATGCGTCCAACCTCGAATCTGGGGTCCTTGCCAGGTTCAGTGGCAGTGGGTCTGGGACAGACTTCAGCCTCAACATCCATCCTGTGGCGGAGGAGGATACCGCAACATATTACTGTCAGCACAGTTGGGAGATTTCTCTGACGTTCGGTGGTGGCACCAAGCTGGAAATCAATC,GACATTGTGCTAACACCGTCTCCTGCTTCCTTAGCAGTATCTCTGGGGCAGAGGGCCACCATCTCATGCAGGGCCAGCCAAAGTGTCAGTACAACTAGCTATAGTTATATGCACTGGTACCAACAGAAACCAGGACAGCCACCCAAACTCCTCATCAAGTATGCGTCCAACCTCGAATCTGGGGTCCTTGCCAGGTTCAGTGGCAGTGGGTCTGGGACAGACTTCACCCTCAACATCCATCCTGTGGCGGAGGAGGATACTGCAACATATTACTGTCAGCACAGTTGGGAGATTCCTCTGACGTTCGGTGGAGGCACCAAGCTGGAAATCAATC,,,Y,QSVSTtSYSY,YAS,QHSWEISLT,IGKV3-7*01,IGKJ1*02,79,108,10,160,168,3,277,303,9,298,1,35,13,0,1,1,2,77,2,...........A....A..................T...................C............C........................T......................................................................A........A.............C......................................C....................A............T.................................C...|c,cc|............A......................
Seq12_Grp12_IGKV3-7*01_IGKJ1*02_Len(298|1|35)_Del(1|2),12,14,1,1,0,GACATTGTGCTAACACAGTCTCCTGCTTCCTTAGCTGTATCTCTGGGGCAGAGGGCCACCTTCTCATGCAGGGCCAGCCAAAGTGTCAGTTCATCTAGACATAGTTATATGCACTGGTACCAACAGAAACCAGGACAGCCACCCGAACTCCTTATCAAGTATGCATCCATCCTAGAATCTGGGGTCCCTGCCAGGTTCAGTGGCAGTGGGTCTGGGACAGATTTCACCCTCAACATCCATCTTGTGAAGGAGGAGGATGCTGCAATATATTACTGTCATCACAGTTGGGAGATTCCTCTGACGTTCGGTGGAGGAACCAAGCTGGAAATCAATC,GACATTGTGCTAACACAGTCTCCTGCTTCCTTAGCTGTATCTCTGGGGCAGAGGGCCACCATCTCATGCAGGGCCAGCCAAAGTGTCAGTACATCTAGCTATAGTTATATGCACTGGTACCAACAGAAACCAGGACAGCCACCCAAACTCCTCATCAAGTATGCATCCAACCTAGAATCTGGGGTCCCTGCCAGGTTCAGTGGCAGTGGGTCTGGGACAGACTTCACCCTCAACATCCATCCTGTGGAGGAGGAGGATACTGCAACATATTACTGTCAGCACAGTTGGGAGATTCCTCTGACGTTCGGTGGAGGCACCAAGCTGGAAATCAATC,,,Y,QSVSsSrhSY,YAS,HHSWEIPLT,IGKV3-7*01,IGKJ1*02,79,108,10,160,168,3,277,303,9,298,1,35,13,0,1,1,2,77,2,............................................................A.............................A.......CT............................................A.......C................A...................................................C...................C....G...........A......C............G...................|c,cc|...............C...................
Seq17_Grp17_IGKV3-7*01_IGKJ1*02_Len(298|1|35)_Del(1|2),17,14,1,1,12,GACATTGTGCTAACACAGTCTCCTGCTTCCTTAGCTGTATCTCTGGGGCAGAGGGCCACCTTCTCATGCAGGGCCAGCCAAAGTGTCAGTTCATCTAGACATAGCTCTATGCACTGGTACCAACAGAAACCAGGACAGCCACCCGAACTCCTTATCAAGGATGCATCCATCCTAGAATCTGGGGTCCCTGCCAGGTTCAGTGGCAGTGGGTCTGGGACAGATTTCACCCTCAACATCCATCTTGTGAAGGGGGAGGATGCTGCAATATATTACTGTCATCGCAGTTGGGAGATTCCTCTGACGTTCGGTGGAGGAACCAAGGTGGAAATCAATC,GACATTGTGCTAACACAGTCTCCTGCTTCCTTAGCTGTATCTCTGGGGCAGAGGGCCACCTTCTCATGCAGGGCCAGCCAAAGTGTCAGTTCATCTAGACATAGTTATATGCACTGGTACCAACAGAAACCAGGACAGCCACCCGAACTCCTTATCAAGTATGCATCCATCCTAGAATCTGGGGTCCCTGCCAGGTTCAGTGGCAGTGGGTCTGGGACAGATTTCACCCTCAACATCCATCTTGTGAAGGAGGAGGATGCTGCAATATATTACTGTCATCACAGTTGGGAGATTCCTCTGACGTTCGGTGGAGGAACCAAGCTGGAAATCAATC,,,Y,QSVSsSrhSs,dAS,HRSWEIPLT,IGKV3-7*01,IGKJ1*02,79,108,10,160,168,3,277,303,9,298,1,35,18,0,2,1,2,77,2,............................................................A.............................A.......CT....T.A.....................................A.......C......T.........A...................................................C...................C....G...A.......A......C............G.A.................|c,cc|...............C......C............
Seq18_Grp18_IGKV3-7*01_IGKJ1*02_Len(298|1|35)_Del(1|2),18,14,1,0,17,GACATTGTGCTAACGCAATCTCCTGCTTCCTTAGCTGTATCTCTGGGGCAGAGGGCCACCTTCTCATGCAGGGCCAGCCAAAGTCTCAGTTCATCTAGATATAGCTCTATGCACTGGTACCAACAGAAACCAGGACAGCCACCCGAACTCCTTATCAAGGATGCATCCATCCTAGAATCTGGGGTCCCTGCCAGGTTCAGTGGCAGTGGGTCTGGGACAGATTTCACCCTCAACATCCATCCTGTGAAGGGGGAGGATGCTGCAATATATTACTGTCATTGCAGATGGGAGATTCCTCTGACGTTCGGTGGAGGAACCAAGGTGGAAATCAATC,GACATTGTGCTAACACAGTCTCCTGCTTCCTTAGCTGTATCTCTGGGGCAGAGGGCCACCTTCTCATGCAGGGCCAGCCAAAGTGTCAGTTCATCTAGACATAGCTCTATGCACTGGTACCAACAGAAACCAGGACAGCCACCCGAACTCCTTATCAAGGATGCATCCATCCTAGAATCTGGGGTCCCTGCCAGGTTCAGTGGCAGTGGGTCTGGGACAGATTTCACCCTCAACATCCATCTTGTGAAGGGGGAGGATGCTGCAATATATTACTGTCATCGCAGTTGGGAGATTCCTCTGACGTTCGGTGGAGGAACCAAGGTGGAAATCAATC,,,Y,QSlSsSrYSs,dAS,HCRWEIPLT,IGKV3-7*01,IGKJ1*02,79,108,10,160,168,3,277,303,9,298,1,35,21,0,2,1,2,77,2,..............A..G..........................................A.......................G.....A.......C.....T.A.....................................A.......C......T.........A...................................................C........................G...A.......A......C............GCA...T.............|c,cc|...............C......C............
Seq13_Grp13_IGKV3-7*01_IGKJ1*02_Len(298|1|35)_Del(1|2),13,15,1,0,0,GACATTGTGCTAACACAGTCTCCTGCTTCCTTAACTGTATCTCTGGGGCACAGGGCCACCTTCTCATGCAGGGCCAGACAAAGTGTCAGTTCATCTAGACATAGTTATATGCACTGGTACCAACAGAAACCAGGACAGCCACCTGAACTCCTTATCAAGTATGCTGCCATCCTAGAATCTGGGGTCCCTGCCAGGTTCGGTGGCAGTGGGTCTGGGACAGATTTCACCCTCAACATCCATCTTGTGAAGGAGGAGGATGCTGCAATATATTACTGTCATCACAGTTGGGAGATTCCTCTGACGTTCGGTGGAGGAACCAAGCTGGAAATCAATC,GACATTGTGCTAACACAGTCTCCTGCTTCCTTAGCTGTATCTCTGGGGCAGAGGGCCACCATCTCATGCAGGGCCAGCCAAAGTGTCAGTACATCTAGCTATAGTTATATGCACTGGTACCAACAGAAACCAGGACAGCCACCCAAACTCCTCATCAAGTATGCATCCAACCTAGAATCTGGGGTCCCTGCCAGGTTCAGTGGCAGTGGGTCTGGGACAGACTTCACCCTCAACATCCATCCTGTGGAGGAGGAGGATACTGCAACATATTACTGTCAGCACAGTTGGGAGATTCCTCTGACGTTCGGTGGAGGCACCAAGCTGGAAATCAATC,,,Y,QSVSsSrhSY,YAa,HHSWEIPLT,IGKV3-7*01,IGKJ1*02,79,108,10,160,168,3,277,303,9,298,1,35,20,0,1,1,2,77,2,.................................G................G.........A................C............A.......CT...........................................CA.......C...........AT...A............................A......................C...................C....G...........A......C............G...................|c,cc|...............C...................
Seq14_Grp14_IGKV3-7*01_IGKJ1*02_Len(298|1|35)_Del(1|2),14,16,1,0,0,GACATTGTGCTAACACAGTCTCCTGCTTCCTTAACTGTACCTCTGGGGCACAGGGCCACCTTCTCATGCAGGGCCAGACAAAGTGTCAGTTCATCTAGACATAGTTATATGCACTGGTACCAACAGGGACCAGGACAGCCACCTGAACTCCTTATCAAGTATGCTGCCATCTTAGGATCTGGGGTCCCTGCCAGGTTCGGTGGCAGTGGGTCTGGGACAGATTTCACCCTCAACATCTATCTTGTGAAGGAGGAGGATGCTGCAATATATTACTGTCATCACAGTTGGGAGATTCCTCTGACGTTCGGTGGAGGAACCAAGCTGGAAATCAATC,GACATTGTGCTAACACAGTCTCCTGCTTCCTTAGCTGTATCTCTGGGGCAGAGGGCCACCATCTCATGCAGGGCCAGCCAAAGTGTCAGTACATCTAGCTATAGTTATATGCACTGGTACCAACAGAAACCAGGACAGCCACCCAAACTCCTCATCAAGTATGCATCCAACCTAGAATCTGGGGTCCCTGCCAGGTTCAGTGGCAGTGGGTCTGGGACAGACTTCACCCTCAACATCCATCCTGTGGAGGAGGAGGATACTGCAACATATTACTGTCAGCACAGTTGGGAGATTCCTCTGACGTTCGGTGGAGGCACCAAGCTGGAAATCAATC,,,Y,QSVSsSrhSY,YAa,HHSWEIPLT,IGKV3-7*01,IGKJ1*02,79,108,10,160,168,3,277,303,9,298,1,35,26,0,1,1,2,77,2,.................................G.....T..........G.........A................C............A.......CT..........................AA...............CA.......C...........AT...A.C...A......................A......................C...............C...C....G...........A......C............G...................|c,cc|...............C...................
Seq55_Grp55_IGLV2*01_IGLJ4*01_Len(293|2|37)_Del(1|5),55,17,1,2,0,CAGGCTGTTGTGACTCAGGAGTCTGCACTCACCACATCACCTGGTGGTACAGTCATACTCACTTGTCGCTCAAGTACTGGGGCTGTTACAACTAGTAACTATGCCATTTGGGTCCAAGAAAAAACAGATCATTTATTCGCTGGTGTAATAGGTGATACAAGCAACCGAGCTCCAGGTGTTCCTGCCAGATTCTCAGGCTCCCTGATTGGAGACAAGGCTGCCCTCACCATCACAGGGGCACAGACTGAGGATGATGCAATGTATTTCTGTGCTCTATGGTACAGCAACCATTTTGTGTTCGGAGGTGGAACCAGATTGACTGTCCTAGATGA,CAGGCTGTTGTGACTCAGGAGTCTGCACTCACCACATCACCTGGTGGTACAGTCATACTCACTTGTCGCTCAAGTACTGGGGCTGTTACAACTAGTAACTATGCCATTTGGGTCCAAGAAAAAACAGATCATTTATTCGCTGGTGTAATAGGTGATACAAGCAACCGAGCTCCAGGTGTTCCTGCCAGATTCTCAGGCTCCCTGATTGGAGACAAGGCTGCCCTCACCATCACAGGGGCACAGACTGAGGATGATGCAATGTATTTCTGTGCTCTATGGTACAGCAACCATTTTGTGTTCGGAGGTGGAACCAGATTGACTGTCCTAGATGA,,,Y,TGAVTTSNY,dTS,ALWYSNHFV,IGLV2*01,IGLJ4*01,76,102,9,154,162,3,271,297,9,293,1,38,0,0,0,1,4,15,5,.....................................................................................................................................................................................................................................................................................................|c,ttgg|......................................
Seq56_Grp56_IGLV2*01_IGLJ4*01_Len(293|2|37)_Del(1|5),56,17,1,0,55,CAAGCTGTTGTGACTCAGGAGTCTGCACTCACGACATCACCCGGTGGTACAGTCATACTCACTTGTCGCTCAAGTACTGGGACTGTTACAACTAGTAACTATGCCATTTGGGTCCAAGAAAAAACAGATCATTTATTCGCTGGTGTAATAGGTGATACAAGCAACCGAGCTCCAGGTGTTCCTGCCAGATTCTCAGGCTCCCTGATTGGAGACAAGGCTGCCCTCACCATCATAGGGGCACAGACTGAGGATGATGCAATGTATTTTTGTGCTCTATGGTACGGCAACCATTTTGTGTTCGGAGGTGGAACCAGATTGACTGTCCTAGATGA,CAGGCTGTTGTGACTCAGGAGTCTGCACTCACCACATCACCTGGTGGTACAGTCATACTCACTTGTCGCTCAAGTACTGGGGCTGTTACAACTAGTAACTATGCCATTTGGGTCCAAGAAAAAACAGATCATTTATTCGCTGGTGTAATAGGTGATACAAGCAACCGAGCTCCAGGTGTTCCTGCCAGATTCTCAGGCTCCCTGATTGGAGACAAGGCTGCCCTCACCATCACAGGGGCACAGACTGAGGATGATGCAATGTATTTCTGTGCTCTATGGTACAGCAACCATTTTGTGTTCGGAGGTGGAACCAGATTGACTGTCCTAGATGA,,,Y,TGtVTTSNY,dTS,ALWYGNHFV,IGLV2*01,IGLJ4*01,76,102,9,154,162,3,271,297,9,293,1,38,7,0,0,1,4,15,5,..G.............................C........T.......................................G......................................................................................................................................................C.................................C...............A..........|c,ttgg|......................................
Seq57_Grp57_IGLV2*01_IGLJ4*01_Len(293|2|37)_Del(1|5),57,17,1,0,55,CAAGCTGTTGTGACTCAGCAGTCTGCACTCACGACATCACCCGGTGGTACAGTCACACTCACTTGTCGCTCAAGTACTGGGACTGTTACAACTAGTAACTATGCCATTTGGGTCCAAGAAAAAACAGATCATTTATTCGCTGGTGTAATAGGTGATACAACCAACCGAGCTCCAGGTGTTCCTGCTAGATTCTCAGGCTCCCTGATTGGAGACAAGGCTGCCCTCACCAGCATAGGGGCACAGACTGAGGATGAGGCAATGTATTTTTGTGCTCTATGGTACGGCAACCATTTTGTGTTCGGAGGTGGAACCAGATTGACTGTCCTAGATGG,CAGGCTGTTGTGACTCAGGAGTCTGCACTCACCACATCACCTGGTGGTACAGTCATACTCACTTGTCGCTCAAGTACTGGGGCTGTTACAACTAGTAACTATGCCATTTGGGTCCAAGAAAAAACAGATCATTTATTCGCTGGTGTAATAGGTGATACAAGCAACCGAGCTCCAGGTGTTCCTGCCAGATTCTCAGGCTCCCTGATTGGAGACAAGGCTGCCCTCACCATCACAGGGGCACAGACTGAGGATGATGCAATGTATTTCTGTGCTCTATGGTACAGCAACCATTTTGTGTTCGGAGGTGGAACCAGATTGACTGTCCTAGATGA,,,Y,TGtVTTSNY,dTt,ALWYGNHFV,IGLV2*01,IGLJ4*01,76,102,9,154,162,3,271,297,9,293,1,38,13,0,1,1,4,15,5,..G...............G.............C........T.............T.........................G..............................................................................G........................C...........................................T..C.....................T...........C...............A..........|c,ttgg|.....................................A
Seq58_Grp58_IGLV2*01_IGLJ4*01_Len(293|2|37)_Del(1|5),58,18,1,0,0,CACGCTGTTGTGACTCAGGAGTCTGCACTCACGACATCACCTGGTGGTACAGTCATACTCACTTGTCGCTCAAGTACTGGGGCTGTTACAACTAGTAACTATGCCATTTGGCTCCAAGAAAGAACAGATCATTTATTCGCTGGTGTAATAGGTGATACAAGCAACCGAGCTCAAGGTGTTCCTGCCCGATTCTCAGGCTCCCTGATTGGAGACAAGGCTGCCCTCACCATCACAGGGGCACAGACTGAGGATGATGCAATGTATTTCTGTGCTCTATGGTACAGCAACCATTTTGTGTTCGGAGGTGGAACCAGATTGACGGTCCTAGATGA,CAGGCTGTTGTGACTCAGGAGTCTGCACTCACCACATCACCTGGTGGTACAGTCATACTCACTTGTCGCTCAAGTACTGGGGCTGTTACAACTAGTAACTATGCCATTTGGGTCCAAGAAAAAACAGATCATTTATTCGCTGGTGTAATAGGTGATACAAGCAACCGAGCTCCAGGTGTTCCTGCCAGATTCTCAGGCTCCCTGATTGGAGACAAGGCTGCCCTCACCATCACAGGGGCACAGACTGAGGATGATGCAATGTATTTCTGTGCTCTATGGTACAGCAACCATTTTGTGTTCGGAGGTGGAACCAGATTGACTGTCCTAGATGA,,,Y,TGAVTTSNY,dTS,ALWYSNHFV,IGLV2*01,IGLJ4*01,76,102,9,154,162,3,271,297,9,293,1,38,6,0,1,1,4,15,5,..G.............................C..............................................................................G.........A..................................................C.............A..........................................................................................................|c,ttgg|..........................T...........
Seq59_Grp59_IGLV2*01_IGLJ4*01_Len(293|2|37)_Del(1|5),59,19,1,3,0,CACGCTGTCGTGACTCAGGAGTCTGCACTCACGACATCACCTGGTGGTACAGTCATACTCACTTGTCGCTCAAGTACTGGGGCTGTTACAACTAGTAACTATGCCGTTTGGCTCCAGGAAAGAACAGATCATTTATTCACTGGTGTAATAGTTGATACAAGCAACCGAGCTCAAGGTGTTCCTGCCCGACTCTCAGGCTCCCTGATTGGAGACAAGGCTGCCCTCACCATCACAGGGGCACAGACTGAGGATGATGCAATGTATTTCTGTGCTCTAGGGTACAGCAACCATTTTGTGTTCGGAGGTGGAACCAGATTGACGGTCCTAGATGA,CAGGCTGTTGTGACTCAGGAGTCTGCACTCACCACATCACCTGGTGGTACAGTCATACTCACTTGTCGCTCAAGTACTGGGGCTGTTACAACTAGTAACTATGCCATTTGGGTCCAAGAAAAAACAGATCATTTATTCGCTGGTGTAATAGGTGATACAAGCAACCGAGCTCCAGGTGTTCCTGCCAGATTCTCAGGCTCCCTGATTGGAGACAAGGCTGCCCTCACCATCACAGGGGCACAGACTGAGGATGATGCAATGTATTTCTGTGCTCTATGGTACAGCAACCATTTTGTGTTCGGAGGTGGAACCAGATTGACTGTCCTAGATGA,,,Y,TGAVTTSNY,dTS,ALGYSNHFV,IGLV2*01,IGLJ4*01,76,102,9,154,162,3,271,297,9,293,1,38,13,0,1,1,4,15,5,..G.....T.......................C........................................................................A.....G....A....A................G............G....................C.............A..T......................................................................................T................|c,ttgg|..........................T...........
Seq60_Grp60_IGLV2*01_IGLJ4*01_Len(293|2|37)_Del(1|5),60,19,1,0,59,CACGCTGTCGTGACTCAGGAGTCTGCACTCACGACATTATCTGGTGGTACAGTCATACTCACTTGTCGCTCAAGTACTGGGGCTGTTACAACTAGTAACTATGCCGTTTGGCTCCAGGAAAGAACAGATCATTTATTCACTGGTGTAATGGTTGATACAAACAACCAAGCTCAAGGTGTTCCTGCCCGACTCTCAGGCTCCCTGATTGGAGACAAGGCTGCCCTCACCATCACAGGGGCACAGACTGAGGATGATGCAATGTACTTCTGTGCTCTAGGATACAGCAACCATTTTGTGTTCGGAGGTGGAACCAGATTGACGGTCCTAGATGA,CACGCTGTCGTGACTCAGGAGTCTGCACTCACGACATCACCTGGTGGTACAGTCATACTCACTTGTCGCTCAAGTACTGGGGCTGTTACAACTAGTAACTATGCCGTTTGGCTCCAGGAAAGAACAGATCATTTATTCACTGGTGTAATAGTTGATACAAGCAACCGAGCTCAAGGTGTTCCTGCCCGACTCTCAGGCTCCCTGATTGGAGACAAGGCTGCCCTCACCATCACAGGGGCACAGACTGAGGATGATGCAATGTATTTCTGTGCTCTAGGGTACAGCAACCATTTTGTGTTCGGAGGTGGAACCAGATTGACGGTCCTAGATGA,,,Y,TGAVTTSNY,dTn,ALGYSNHFV,IGLV2*01,IGLJ4*01,76,102,9,154,162,3,271,297,9,293,1,38,20,0,1,1,4,15,5,..G.....T.......................C....C.C.................................................................A.....G....A....A................G..........A.G........G.....G.....C.............A..T.........................................................................T............T.G..............|c,ttgg|..........................T...........
Seq62_Grp62_IGLV2*01_IGLJ4*01_Len(293|2|37)_Del(1|5),62,19,1,1,59,CACGCTGTCGTGACTCAGGAGTCTGCACTCACGACATCACCTGGTGGTACAGTCATACTCACTTGTCGCTCAAGTACTGGGGCTGTTACAACTAGTAACTATGCCGTTTGGCTCCGGGAAAGATCAGATCATTTATTCACTGGTGCAATAGTTGATACGAGCAACCGAGCTCAAGGTGTTCCTGCCCGACTCTCAGGCTCCCGGATGGGAAACAAGGCTGCCCTCACCATCACAGGGGCACAGACTGAGGATGATGCAATGTATTTCTGTGCTCTAGGGTACAGCAACCATTTTGTGTTCGGAGGTGGAACCAGATTGACGGTCCTAGATGA,CACGCTGTCGTGACTCAGGAGTCTGCACTCACGACATCACCTGGTGGTACAGTCATACTCACTTGTCGCTCAAGTACTGGGGCTGTTACAACTAGTAACTATGCCGTTTGGCTCCAGGAAAGAACAGATCATTTATTCACTGGTGTAATAGTTGATACAAGCAACCGAGCTCAAGGTGTTCCTGCCCGACTCTCAGGCTCCCTGATTGGAGACAAGGCTGCCCTCACCATCACAGGGGCACAGACTGAGGATGATGCAATGTATTTCTGTGCTCTAGGGTACAGCAACCATTTTGTGTTCGGAGGTGGAACCAGATTGACGGTCCTAGATGA,,,Y,TGAVTTSNY,dTS,ALGYSNHFV,IGLV2*01,IGLJ4*01,76,102,9,154,162,3,271,297,9,293,1,38,20,0,1,1,4,15,5,..G.....T.......................C........................................................................A.....G...AA....A.A..............G......T.....G......A.............C.............A..T............T...T...G.................................................................T................|c,ttgg|..........................T...........
Seq61_Grp61_IGLV2*01_IGLJ4*01_Len(293|2|37)_Del(1|5),61,19,1,0,59,CACGCTGTCGTGACGCAGGAGTCTGCACTCACGACATTATCTGGTGGTACAGTCATACTCACTTGTCGCTCAAGTACTCGGGCTGTTACAACTAGTAACTATGCCGTTTGGCTCCAGGAAAGAACAGATCATTTATTCACTGGTGTGATGGTTGATACAAACAACCAAGCTCAAGGTGTTCCTGCTCGACTCTCAGGCTCCCTGATTGGAGACAAGGCTGCCCTCACCATCACAGGGGCACAGACTGAGGATGATGCAATGTACTTCTGTGCTCTAGGATACAGGAACCATTATGTGTTCGGAGATGGAACCAGATTGACGGTCCTAGATGA,CACGCTGTCGTGACTCAGGAGTCTGCACTCACGACATCACCTGGTGGTACAGTCATACTCACTTGTCGCTCAAGTACTGGGGCTGTTACAACTAGTAACTATGCCGTTTGGCTCCAGGAAAGAACAGATCATTTATTCACTGGTGTAATAGTTGATACAAGCAACCGAGCTCAAGGTGTTCCTGCCCGACTCTCAGGCTCCCTGATTGGAGACAAGGCTGCCCTCACCATCACAGGGGCACAGACTGAGGATGATGCAATGTATTTCTGTGCTCTAGGGTACAGCAACCATTTTGTGTTCGGAGGTGGAACCAGATTGACGGTCCTAGATGA,,,Y,TrAVTTSNY,dTn,ALGYRNHYV,IGLV2*01,IGLJ4*01,76,102,9,154,162,3,271,297,9,293,1,38,26,0,2,1,4,15,5,..G.....T.....T.................C....C.C......................................G..........................A.....G....A....A................G.......A..A.G........G.....G.....C............CA..T.........................................................................T............T.G.....C.......T|c,ttgg|..........G...............T...........
Seq63_Grp63_IGLV2*01_IGLJ4*01_Len(293|2|37)_Del(1|5),63,19,1,0,62,CACACTGTCGTGACTCAGGAGTCTGCACTCACGACATCACCTGGTGGTACAGTCATGCTCACTTGTCGCTCAAGTACTGGGGCTGTTACAACTAGTAACTATGCCGTTTGGCTCCGGGAAAGATCAGATCATTTATTCACAGGGGCAATAGTTGATACGAGCAACCGAGCTCAAGGTCTTCCTGCCCGACTCTCAGGCTCCCGGATGGGAAACAAGGCTGCCCTCACCATCACAGGGGCACAGACTGAGGATGATGCAATGTATTTCTGTGCTCTAGGGTACAGCAAACATTTTGTGTTCGGAGGTGGAACCAGATTGACGATCCTAGATGA,CACGCTGTCGTGACTCAGGAGTCTGCACTCACGACATCACCTGGTGGTACAGTCATACTCACTTGTCGCTCAAGTACTGGGGCTGTTACAACTAGTAACTATGCCGTTTGGCTCCGGGAAAGATCAGATCATTTATTCACTGGTGCAATAGTTGATACGAGCAACCGAGCTCAAGGTGTTCCTGCCCGACTCTCAGGCTCCCGGATGGGAAACAAGGCTGCCCTCACCATCACAGGGGCACAGACTGAGGATGATGCAATGTATTTCTGTGCTCTAGGGTACAGCAACCATTTTGTGTTCGGAGGTGGAACCAGATTGACGGTCCTAGATGA,,,Y,TGAVTTSNY,dTS,ALGYSKHFV,IGLV2*01,IGLJ4*01,76,102,9,154,162,3,271,297,9,293,1,38,26,0,2,1,4,15,5,..GG....T.......................C.......................A................................................A.....G...AA....A.A..............G.T..T.T.....G......A.............C....G........A..T............T...T...G.................................................................T..........C.....|c,ttgg|..........................TG..........
Seq73_Grp73_IGKV1-135*01_IGKJ2*03_Len(302|1|37)_Del(0|2),73,20,1,0,0,GATGTTGTGATGACCCAGACTCCACTCACTTTGTCGGTTACCATTGGACAACCAGCCTCCATCTCTTGCAAGTCAAGTCAGAGCCTCTTAGATAGTGATGGAAAGACATATTTGAATTGGTTGTTACAGAGGCCAGGCCAGTCTCCAAAGCGCCTAATCTATCTGGTGTCTAAACTGGACTCTGGAGTCCCTGACAGGTTCACTGGCAGTGGATCAGGGACAGATTTCACACTGAAAATCAGCAGAGTGGAGGCTGAGGATTTGGGAGTTTATTATTGCTGGCAAGGTACACATTTTCCTCAATATACGTTCGGATCGGGGACCAAGCTGGAAATAAAAC,GATGTTGTGATGACCCAGACTCCACTCACTTTGTCGGTTACCATTGGACAACCAGCCTCCATCTCTTGCAAGTCAAGTCAGAGCCTCTTAGATAGTGATGGAAAGACATATTTGAATTGGTTGTTACAGAGGCCAGGCCAGTCTCCAAAGCGCCTAATCTATCTGGTGTCTAAACTGGACTCTGGAGTCCCTGACAGGTTCACTGGCAGTGGATCAGGGACAGATTTCACACTGAAAATCAGCAGAGTGGAGGCTGAGGATTTGGGAGTTTATTATTGCTGGCAAGGTACACATTTTCCTCAATATACGTTCGGATCGGGGACCAAGCTGGAAATAAAAC,,,Y,QSLLDSDGKTY,LVS,WQGTHFPQYT,IGKV1-135*01,IGKJ2*03,79,111,11,163,171,3,280,309,10,302,1,37,0,0,0,0,2,10,5,..............................................................................................................................................................................................................................................................................................................|,tg|.....................................
Seq75_Grp75_IGKV1-135*01_IGKJ2*03_Len(302|1|37)_Del(0|2),75,21,1,2,0,GATGTTGTGGTGACCCAGACTCCACTCACTTTGTCGGTTGCCATTGGACAACCAGCCTCCATCTCTTGCAAGTCAAGTCAAAGGCTCTTAGATAGTGATGGAAAGACATATTTGAATTGGTCGTTACAGAGGCCAGGCCAGTCTCCAAAGCGCCTAATCTATCTGATGCCTAAACTGGACTCTGGAGTCGCTGACAGGTTCACTGGTAGTGGATCAGGGACAGTTTTCACACTAAAAATCAGCAGAGTGGAGGCTGAGGATTTGGGAGTTTATTATTGCTGGCAAGGCACACATTTTCCTCAATATACGTTCGGATCGGGGACCAAGCTGGAAATAAAAC,GATGTTGTGATGACCCAGACTCCACTCACTTTGTCGGTTACCATTGGACAACCAGCCTCCATCTCTTGCAAGTCAAGTCAGAGCCTCTTAGATAGTGATGGAAAGACATATTTGAATTGGTTGTTACAGAGGCCAGGCCAGTCTCCAAAGCGCCTAATCTATCTGGTGTCTAAACTGGACTCTGGAGTCCCTGACAGGTTCACTGGCAGTGGATCAGGGACAGATTTCACACTGAAAATCAGCAGAGTGGAGGCTGAGGATTTGGGAGTTTATTATTGCTGGCAAGGTACACATTTTCCTCAATATACGTTCGGATCGGGGACCAAGCTGGAAATAAAAC,,,Y,QrLLDSDGKTY,Lmp,WQGTHFPQYT,IGKV1-135*01,IGKJ2*03,79,111,11,163,171,3,280,309,10,302,1,37,12,0,0,0,2,10,5,.........A.............................A........................................G..C.....................................T...........................................G..T....................C................C................A.........G.....................................................T..............|,tg|.....................................
Seq76_Grp76_IGKV1-135*01_IGKJ2*03_Len(302|1|37)_Del(0|2),76,21,1,1,74,GATGTTGTGGTGACCCAGACTCCACTCACTTTGTCGGTTGCCATTGGACGACCAGCCTCCATCTCTTGCAAGTCAAGTCAAAGGCTCTTAGATAGTGATGGAAGGACATATTTGAATTGGTTGTTACAGAGGCCAGGCCAGTCTCCAAAGCGCCTAATCTATCTGATGCCTAAACTGGCCTCTGGAGTCCCTGACAGGTTCACTAGCAATGGATCAGGGACAGATTTCACACTAGAAATCAGCAGAGTGGAGGCTGAGGATTTGGGAGTTTATTATTGCTGGCAAGGTACACGTTTTCCTCAATATACGTTCGGATCGGGGACCAAGCTGGAAATAAAAC,GATGTTGTGGTGACCCAGACTCCACTCACTTTGTCGGTTGCCATTGGACAACCAGCCTCCATCTCTTGCAAGTCAAGTCAAAGGCTCTTAGATAGTGATGGAAAGACATATTTGAATTGGTTGTTACAGAGGCCAGGCCAGTCTCCAAAGCGCCTAATCTATCTGATGCCTAAACTGGACTCTGGAGTCCCTGACAGGTTCACTGGCAGTGGATCAGGGACAGATTTCACACTAAAAATCAGCAGAGTGGAGGCTGAGGATTTGGGAGTTTATTATTGCTGGCAAGGTACACATTTTCCTCAATATACGTTCGGATCGGGGACCAAGCTGGAAATAAAAC,,,Y,QrLLDSDGrTY,Lmp,WQGTRFPQYT,IGKV1-135*01,IGKJ2*03,79,111,11,163,171,3,280,309,10,302,1,37,14,0,0,0,2,10,5,.........A.............................A.........A..............................G..C...................A.............................................................G..T.........A.........................G...G........................GA.........................................................A.........|,tg|.....................................
Seq78_Grp78_IGKV1-135*01_IGKJ2*03_Len(302|1|37)_Del(0|2),78,21,1,1,74,GATGTTGTGGTGACCCAGACTCCACTCACTTTGTCGGTTGCCATTGGACAACCAGCCTCCATCTCTTGCAAGTCAAGTCAAAGGCTCTTAGATAGTGATGGAAAGACATATTTGAATTGGTTCTTACAGAGGCCAGGCCAATCTCCAAAGCGCCTAATCTATCTGCTGCCTAAATTGGACTCTGGAGTCCCTGACAGGTTCATTGGCAGTGGATCAGAGACAGATTTCACACTAAAAATCAGCGGAGTGGAGGCTGAGGATTTGGGAGTTTATTATTGCTGGCAAGGTACACATTTTCCTCAATATACGTTCGGATCGGGGACCAAGCTGGAAATAAAAC,GATGTTGTGGTGACCCAGACTCCACTCACTTTGTCGGTTGCCATTGGACAACCAGCCTCCATCTCTTGCAAGTCAAGTCAAAGGCTCTTAGATAGTGATGGAAAGACATATTTGAATTGGTTGTTACAGAGGCCAGGCCAGTCTCCAAAGCGCCTAATCTATCTGATGCCTAAACTGGACTCTGGAGTCCCTGACAGGTTCACTGGCAGTGGATCAGGGACAGATTTCACACTAAAAATCAGCAGAGTGGAGGCTGAGGATTTGGGAGTTTATTATTGCTGGCAAGGTACACATTTTCCTCAATATACGTTCGGATCGGGGACCAAGCTGGAAATAAAAC,,,Y,QrLLDSDGKTY,Llp,WQGTHFPQYT,IGKV1-135*01,IGKJ2*03,79,111,11,163,171,3,280,309,10,302,1,37,13,0,0,0,2,10,5,.........A.............................A........................................G..C......................................G.................G........................G..T.....C...........................C..............G...............G.........A..........................................................|,tg|.....................................
Seq74_Grp74_IGKV1-135*01_IGKJ2*03_Len(302|1|37)_Del(0|2),74,21,1,2,75,GATGTTGTGGTGACCCAGACTCCACTCACTTTGTCGGTTGCCATTGGACAACCAGCCTCCATCTCTTGCAAGTCAAGTCAAAGGCTCTTAGATAGTGATGGAAAGACATATTTGAATTGGTTGTTACAGAGGCCAGGCCAGTCTCCAAAGCGCCTAATCTATCTGATGCCTAAACTGGACTCTGGAGTCCCTGACAGGTTCACTGGCAGTGGATCAGGGACAGATTTCACACTAAAAATCAGCAGAGTGGAGGCTGAGGATTTGGGAGTTTATTATTGCTGGCAAGGTACACATTTTCCTCAATATACGTTCGGATCGGGGACCAAGCTGGAAATAAAAC,GATGTTGTGGTGACCCAGACTCCACTCACTTTGTCGGTTGCCATTGGACAACCAGCCTCCATCTCTTGCAAGTCAAGTCAAAGGCTCTTAGATAGTGATGGAAAGACATATTTGAATTGGTCGTTACAGAGGCCAGGCCAGTCTCCAAAGCGCCTAATCTATCTGATGCCTAAACTGGACTCTGGAGTCGCTGACAGGTTCACTGGTAGTGGATCAGGGACAGTTTTCACACTAAAAATCAGCAGAGTGGAGGCTGAGGATTTGGGAGTTTATTATTGCTGGCAAGGCACACATTTTCCTCAATATACGTTCGGATCGGGGACCAAGCTGGAAATAAAAC,,,Y,QrLLDSDGKTY,Lmp,WQGTHFPQYT,IGKV1-135*01,IGKJ2*03,79,111,11,163,171,3,280,309,10,302,1,37,7,0,0,0,2,10,5,.........A.............................A........................................G..C.................................................................................G..T................................................................G....................................................................|,tg|.....................................
Seq80_Grp80_IGKV1-135*01_IGKJ2*03_Len(302|1|37)_Del(0|2),80,21,1,1,75,GATGTTGTGGTGACCCAGACTCCACTCATTTTGTCGGTTGCCATTGGACAACCAGCCTCCGTCTCTTGCAAGTCAAGTCAAAGGCTCTTAGATAGTGATCGAAGGACATATTTGAATTGGTCGTTACAGAGGCCAGGCCAGTCTCCAAAGCGCCTCATCTATCTGATGCCTAAACTGGGCTCTGGAGTCGCTGACATGTTCACTGGTAGTGGATCAGGGACAGTTTTCACACTAAAAATCAGCAGAGTGGAGGCTGAGGATTTGGGAGTTTATTATTGCTGGCAAGGCACACATTTTCCTCAATATACGTTCGGATCGGGGACCAAGCTGGAAATAAAAC,GATGTTGTGGTGACCCAGACTCCACTCACTTTGTCGGTTGCCATTGGACAACCAGCCTCCATCTCTTGCAAGTCAAGTCAAAGGCTCTTAGATAGTGATGGAAAGACATATTTGAATTGGTCGTTACAGAGGCCAGGCCAGTCTCCAAAGCGCCTAATCTATCTGATGCCTAAACTGGACTCTGGAGTCGCTGACAGGTTCACTGGTAGTGGATCAGGGACAGTTTTCACACTAAAAATCAGCAGAGTGGAGGCTGAGGATTTGGGAGTTTATTATTGCTGGCAAGGCACACATTTTCCTCAATATACGTTCGGATCGGGGACCAAGCTGGAAATAAAAC,,,Y,QrLLDSDrrTY,Lmp,WQGTHFPQYT,IGKV1-135*01,IGKJ2*03,79,111,11,163,171,3,280,309,10,302,1,37,19,0,0,0,2,10,5,.........A..................C..........A....................A...................G..C...............G...A.................T.................................A.........G..T.........A..........C......G.........C................A.........G.....................................................T..............|,tg|.....................................
Seq77_Grp77_IGKV1-135*01_IGKJ2*03_Len(302|1|37)_Del(0|2),77,21,1,0,76,GACGTTGTGGTGACCCAGACTCCACTCACTTTGTCGGTTGCCATTGGACGACCAGCCTCCATCTCTTGCAAGTCAAGTCAAAGGCTCTTAGATAGTTATGGAAGGACATTTTTGAATTGGTTGTTACAAAGGCCAGGCCAGTCTCCAAAGCGCCTAATCTATCTGATGCCTAAACTGGCCTCCGGAGTCCCTGACAGGTTCACTAGCAATGGATCAGGGACAGATTTCACCCTAGAAATCAGCAGAGTCGAGGCTGAGGATTTGGGAGTTTATTATTGCTGGCAAGGTACACGTTTTCCTCAATATACGTTCGGATCGGGGACCAAGCTGGAAATAAAAC,GATGTTGTGGTGACCCAGACTCCACTCACTTTGTCGGTTGCCATTGGACGACCAGCCTCCATCTCTTGCAAGTCAAGTCAAAGGCTCTTAGATAGTGATGGAAGGACATATTTGAATTGGTTGTTACAGAGGCCAGGCCAGTCTCCAAAGCGCCTAATCTATCTGATGCCTAAACTGGCCTCTGGAGTCCCTGACAGGTTCACTAGCAATGGATCAGGGACAGATTTCACACTAGAAATCAGCAGAGTGGAGGCTGAGGATTTGGGAGTTTATTATTGCTGGCAAGGTACACGTTTTCCTCAATATACGTTCGGATCGGGGACCAAGCTGGAAATAAAAC,,,Y,QrLLDSyGrTf,Lmp,WQGTRFPQYT,IGKV1-135*01,IGKJ2*03,79,111,11,163,171,3,280,309,10,302,1,37,21,0,0,0,2,10,5,..T......A.............................A.........A..............................G..C............G......A.....A..................G....................................G..T.........A...T.....................G...G.....................A..GA.............G...........................................A.........|,tg|.....................................
Seq79_Grp79_IGKV1-135*01_IGKJ2*03_Len(302|1|37)_Del(0|2),79,21,1,0,78,GATGTTGTGGTGGCCCAGATTCCACTCACTTTGTCGGTTGCCATTGGACAACCAGCCTCCATCTCTTGCAAGTCAAGTCAAAGGCTCTTAGATAGTGATGGAAAGACATATTTGAACTGGTTCTTACAGAGGTCAGGCCAATCTCCAAAGCGCCTCATCTATCTGCTGCCTAAATTGGACTCTGGCGTCCCTGACAGGTTCATTGGCAGTGGATCGGAGACAGATTTCACACTAAAAATCAGCGGAGTGGAGGCTGAGGATTTGGGAGTTTATTATTGCTGGCAAGGTACACATTTTCCTCAATATACGTTCGGATCGGGGACCAAGCTGGAAATAAAAC,GATGTTGTGGTGACCCAGACTCCACTCACTTTGTCGGTTGCCATTGGACAACCAGCCTCCATCTCTTGCAAGTCAAGTCAAAGGCTCTTAGATAGTGATGGAAAGACATATTTGAATTGGTTCTTACAGAGGCCAGGCCAATCTCCAAAGCGCCTAATCTATCTGCTGCCTAAATTGGACTCTGGAGTCCCTGACAGGTTCATTGGCAGTGGATCAGAGACAGATTTCACACTAAAAATCAGCGGAGTGGAGGCTGAGGATTTGGGAGTTTATTATTGCTGGCAAGGTACACATTTTCCTCAATATACGTTCGGATCGGGGACCAAGCTGGAAATAAAAC,,,Y,QrLLDSDGKTY,Llp,WQGTHFPQYT,IGKV1-135*01,IGKJ2*03,79,111,11,163,171,3,280,309,10,302,1,37,20,0,0,0,2,10,5,.........A..A......C...................A........................................G..C................................T.....G.........C.......G..............A.........G..T.....C..........A................C............A.G...............G.........A..........................................................|,tg|.....................................
Seq81_Grp81_IGKV1-135*01_IGKJ2*03_Len(302|1|37)_Del(0|2),81,21,1,0,80,GATGTTGTGGTGACCCAGACTCCACTCATTTTGTGGGTTTCCATTGGACAACCAGCCTCCGTCTCTTGCAAGTCAAGTCAAAGGCTCTTAGATAGTGATCGAAGGATATATTTGAATTGGTCGTTACGGAGGCCAGGCCAGTCTCCAAAGCGCCTCATCTATCTGATGCATAAACTGGGCTCTGGAGTCGCTGACATGTTCACTAGTAGTGGATCAGGGACAGTTTTCACACTAAAAATCAGCAGAGTGGAGGCTGAGGATTTGGGAGTTTATTATTGCTGGCAAGGCACACATTTTCCTCAATATATGTTCGGATCGGGGACCAAGCTGGAAATAAAAC,GATGTTGTGGTGACCCAGACTCCACTCATTTTGTCGGTTGCCATTGGACAACCAGCCTCCGTCTCTTGCAAGTCAAGTCAAAGGCTCTTAGATAGTGATCGAAGGACATATTTGAATTGGTCGTTACAGAGGCCAGGCCAGTCTCCAAAGCGCCTCATCTATCTGATGCCTAAACTGGGCTCTGGAGTCGCTGACATGTTCACTGGTAGTGGATCAGGGACAGTTTTCACACTAAAAATCAGCAGAGTGGAGGCTGAGGATTTGGGAGTTTATTATTGCTGGCAAGGCACACATTTTCCTCAATATACGTTCGGATCGGGGACCAAGCTGGAAATAAAAC,,,Y,QrLLDSDrriY,Lmh,WQGTHFPQYM,IGKV1-135*01,IGKJ2*03,79,111,11,163,171,3,280,309,10,302,1,37,24,0,1,0,2,10,5,.........A..................C.....C....A....................A...................G..C...............G...A..C..............T.....A...........................A.........G..TC........A..........C......G.......G.C................A.........G.....................................................T..............|,tg|....C................................
Seq37_Grp37_IGKV2-109*03_IGKJ1*02_Len(302|1|37)_Del(0|0),37,22,1,2,0,GATATTGTGATGACGCAGGCTGCATTCTCCAATCCAGTCACTCTTGGAACATCAGCTTCCATCTCTTGCAGTTCTAGTAAGAGTCTCCTACATAGTAATGGCATCACTTATTTGTATTGGTATCTGCAGAGGCCAGGCCAGTCTCCTCAGCTCCTGATATATCGGATGTCCAACCTTGCCTCAGGAGTCCCAGACAGGTTCAGTGGCAGTGGGTCAGGAACTGATTTCACACTGAGAATCAGCAGAGTGGAGGCTGAGGATGTGGGTGTTTATTACTGTGCTCAAATGCTAGAACGCCCTCCGCCGACGTTCGGTGGAGGCACCAAGCTGGAAATCAATC,GATATTGTGATGACGCAGGCTGCATTCTCCAATCCAGTCACTCTTGGAACATCAGCTTCCATCTCTTGCAGTTCTAGTAAGAGTCTCCTACATAGTAATGGCATCACTTATTTGTATTGGTATCTGCAGAGGCCAGGCCAGTCTCCTCAGCTCCTGATATATCGGATGTCCAACCTTGCCTCAGGAGTCCCAGACAGGTTCAGTGGCAGTGGGTCAGGAACTGATTTCACACTGAGAATCAGCAGAGTGGAGGCTGAGGATGTGGGTGTTTATTACTGTGCTCAAATGCTAGAACGCCCTCCGCCGACGTTCGGTGGAGGCACCAAGCTGGAAATCAATC,,,Y,KSLLHSNGITY,RMS,AQMLERPPPT,IGKV2-109*03,IGKJ1*02,79,111,11,163,171,3,280,309,10,302,1,37,0,0,0,0,0,63,2,..............................................................................................................................................................................................................................................................................................................|,|.....................................
Seq40_Grp40_IGKV2-109*03_IGKJ1*02_Len(302|1|37)_Del(0|0),40,22,1,1,37,GATATTGTGATGACGCAGGCTGCATTCTCCAATCCAGTCACTCTTGGAACACCAGTTTCCATCTCTTGCAGTTCTAGTAAGAGTCTCCTACATAGTGATGGCATCACTTATTTGTATTGGTATCTGCAGAGGCCAGGCCAGTCTCCTCAGCTCCTGATATATCGGATGTCCAATCTTGCCTCAGGGGTCCCAGACAGGTTCAGTGGCAGTGGGTCAGGAACTGATTTCACACTGAGAATCAGCAGAGTGGAGGCTGAGGATGTGGGTGTTTATTACTGTGCTCAGATGCTAGAACGCCCTCCGCCGACGTTCAGTGGAGGCACCAAGCTGGAAATCAATC,GATATTGTGATGACGCAGGCTGCATTCTCCAATCCAGTCACTCTTGGAACATCAGCTTCCATCTCTTGCAGTTCTAGTAAGAGTCTCCTACATAGTAATGGCATCACTTATTTGTATTGGTATCTGCAGAGGCCAGGCCAGTCTCCTCAGCTCCTGATATATCGGATGTCCAACCTTGCCTCAGGAGTCCCAGACAGGTTCAGTGGCAGTGGGTCAGGAACTGATTTCACACTGAGAATCAGCAGAGTGGAGGCTGAGGATGTGGGTGTTTATTACTGTGCTCAAATGCTAGAACGCCCTCCGCCGACGTTCGGTGGAGGCACCAAGCTGGAAATCAATC,,,Y,KSLLHSdGITY,RMS,AQMLERPPPT,IGKV2-109*03,IGKJ1*02,79,111,11,163,171,3,280,309,10,302,1,37,6,0,1,0,0,63,2,...................................................T...C........................................A............................................................................C...........A..................................................................................................A.................|,|.........G...........................
Seq42_Grp42_IGKV2-109*03_IGKJ1*02_Len(302|1|37)_Del(0|0),42,22,1,1,37,GATATTGTGATGACGCAGGCTGCATTCTCCAATCCAGTCACTCTTGGAACATCAGCTTCCATCTCTTGCAGTTCTAGTAAGAGTCTCCTACATAGTAATGGCATCACTTATTTGCATTGGTATCTGCAGAGGCCAGGCCAGTCTCCTCAGCTCCAGATATATCGGATATCCAACCTTGCCTCAGGAGTCCCAGACAGGTACAGTGGTAGTGGGTCAGGTACTGATTTCACACTGAGAGTCAGCAGAGTGGAGGCTGAGGATGTGGGTGTTTATTACTGTGCTCAAATGCTAGAACGCCCTCCGCCGACGTTCGGTGGAGGCACCAAGCTGGAAATCAATC,GATATTGTGATGACGCAGGCTGCATTCTCCAATCCAGTCACTCTTGGAACATCAGCTTCCATCTCTTGCAGTTCTAGTAAGAGTCTCCTACATAGTAATGGCATCACTTATTTGTATTGGTATCTGCAGAGGCCAGGCCAGTCTCCTCAGCTCCTGATATATCGGATGTCCAACCTTGCCTCAGGAGTCCCAGACAGGTTCAGTGGCAGTGGGTCAGGAACTGATTTCACACTGAGAATCAGCAGAGTGGAGGCTGAGGATGTGGGTGTTTATTACTGTGCTCAAATGCTAGAACGCCCTCCGCCGACGTTCGGTGGAGGCACCAAGCTGGAAATCAATC,,,Y,KSLLHSNGITY,RiS,AQMLERPPPT,IGKV2-109*03,IGKJ1*02,79,111,11,163,171,3,280,309,10,302,1,37,7,0,0,0,0,63,2,..................................................................................................................T.......................................T............G...............................T......C...........A..................A................................................................|,|.....................................
Seq41_Grp41_IGKV2-109*03_IGKJ1*02_Len(302|1|37)_Del(0|0),41,22,1,0,40,GGTATTGTGATGACGCAGGCTGCATTCTCCAATCCAGTCACTCTTGGAACACCAGTTTCCATCTTTTGCAGTTCTAGTAAGAGTCTCCTACATAGTGATGGCATCACTTATTTGTATTGGTATCCGCAGAGGCCAGGCCAGTCTCCTCAGCTCCTGATACATCGGATGTCCAATCTTGCCTCAGGGGTCTCAGACAGGTTCAATGGCAGTGGGTCAGGAACTGATTTCACACTGAGAATCAGCAGAGTGGAGGCTGAGGATGTGGGTGTTTATTACTGTGCTCAGATGCTAGAACGCCCTCCGCCGACGTTCAGTGGAGGCACCAAGCTGGAAATCGATC,GATATTGTGATGACGCAGGCTGCATTCTCCAATCCAGTCACTCTTGGAACACCAGTTTCCATCTCTTGCAGTTCTAGTAAGAGTCTCCTACATAGTGATGGCATCACTTATTTGTATTGGTATCTGCAGAGGCCAGGCCAGTCTCCTCAGCTCCTGATATATCGGATGTCCAATCTTGCCTCAGGGGTCCCAGACAGGTTCAGTGGCAGTGGGTCAGGAACTGATTTCACACTGAGAATCAGCAGAGTGGAGGCTGAGGATGTGGGTGTTTATTACTGTGCTCAGATGCTAGAACGCCCTCCGCCGACGTTCAGTGGAGGCACCAAGCTGGAAATCAATC,,,Y,KSLLHSdGITY,RMS,AQMLERPPPT,IGKV2-109*03,IGKJ1*02,79,111,11,163,171,3,280,309,10,302,1,37,12,0,2,0,0,63,2,.A.................................................T...C........C...............................A...........................T..................................T.............C...........A...C............G.................................................................................A.................|,|.........G.......................A...
Seq43_Grp43_IGKV2-109*03_IGKJ1*02_Len(302|1|37)_Del(0|0),43,22,1,0,42,GATATTGTGATGACGCAGGCTGCATTCTCCAATCCAATCACTCTTGGAACATCAGCTTCCATCTCTTGCAGTTCTAGTAAGAGTCTCCTACATAGTAATGACATCACTTATTTGCATTGGTATCTGCAGAGGCCAGGCCAGTCTCCTCAGCTCCAGATATATCGGATATCCAACCTTGCCTCAGGAGTCCCAGACAGGTACATTGGTCGTGGGTCAGGTACTGATTTCACACTGAGAGTCAGCCGAGTGGAGGCTGAGGATGTGGATGTTTATTACTGTGCTCAAATGCTGGAACGCCCTCCGCCGACGTTCGGTGGAGGCACCAAGCTGGAAATCAATC,GATATTGTGATGACGCAGGCTGCATTCTCCAATCCAGTCACTCTTGGAACATCAGCTTCCATCTCTTGCAGTTCTAGTAAGAGTCTCCTACATAGTAATGGCATCACTTATTTGCATTGGTATCTGCAGAGGCCAGGCCAGTCTCCTCAGCTCCAGATATATCGGATATCCAACCTTGCCTCAGGAGTCCCAGACAGGTACAGTGGTAGTGGGTCAGGTACTGATTTCACACTGAGAGTCAGCAGAGTGGAGGCTGAGGATGTGGGTGTTTATTACTGTGCTCAAATGCTAGAACGCCCTCCGCCGACGTTCGGTGGAGGCACCAAGCTGGAAATCAATC,,,Y,KSLLHSNdITY,RiS,AQMLERPPPT,IGKV2-109*03,IGKJ1*02,79,111,11,163,171,3,280,309,10,302,1,37,14,0,0,0,0,63,2,....................................G...............................................................G.............T.......................................T............G...............................T..G...CA..........A..................A.....A.....................G........................A...........|,|.....................................
Seq38_Grp38_IGKV2-109*03_IGKJ1*02_Len(302|1|37)_Del(0|0),38,23,1,1,0,GATATTGTGATGACGCAGGCTGCATTCTCCAATCCAGTCACTCTTGGAACATCAGCTTCCATCTCTTGTAGTTCTAGTAAGAGGCTCCTACATAGTAATGGCATCACTTATTTGTATTGGTATCTGCAGAGGCCAGGCCAGTCTCCTCAACTCCTGATATATCTGATGTCCAACCTTGCCTCAGGAGTCCCAGACAGGCTCAGTCGCAGTGGGTCAGGAACTGATTTCACACTGAGAATCAGCAGAGTGGAGGCTGAGGATGTGGGTGCTTATTACTGTGCTCAAATGCTAGAACGCCCTCCGCCGACGTTCGGTGGAGGCACCAAGCTGGAAATCAATC,GATATTGTGATGACGCAGGCTGCATTCTCCAATCCAGTCACTCTTGGAACATCAGCTTCCATCTCTTGCAGTTCTAGTAAGAGTCTCCTACATAGTAATGGCATCACTTATTTGTATTGGTATCTGCAGAGGCCAGGCCAGTCTCCTCAGCTCCTGATATATCGGATGTCCAACCTTGCCTCAGGAGTCCCAGACAGGTTCAGTGGCAGTGGGTCAGGAACTGATTTCACACTGAGAATCAGCAGAGTGGAGGCTGAGGATGTGGGTGTTTATTACTGTGCTCAAATGCTAGAACGCCCTCCGCCGACGTTCGGTGGAGGCACCAAGCTGGAAATCAATC,,,Y,KrLLHSNGITY,lMS,AQMLERPPPT,IGKV2-109*03,IGKJ1*02,79,111,11,163,171,3,280,309,10,302,1,37,7,0,0,0,0,63,2,....................................................................C..............T.................................................................G.............G..................................T.....G...............................................................T.................................|,|.....................................
Seq39_Grp39_IGKV2-109*03_IGKJ1*02_Len(302|1|37)_Del(0|0),39,23,1,0,38,GATATTGTGATGACGCAGGCTGCATTCTCCAATCCAGTCATTCTTGGAACATCAGCTTCCATCTCTTGTAGTTCTAGTAAGAGGCTTCTACATAGTAATGGCATCACTTATTTGTATTGGTACCTGCAGAGGCCAGGCCAGTCTCCTCAACTCCTGATATATCTGATGTCCAACCTTACCTCTGGAGTCCCAGACAGGCTCAGTCGCAGTGGGTCAGGAACTGATTTCACACTGAGAATCAGCAGAGTGGAGGCTGAGGATGTGGGTGCTTATTACTGTGCTCAAATGGTAGAACGCCCTCCGCCGACGTTCGGTGTAGGCACCAAGCTGGAAATCAATC,GATATTGTGATGACGCAGGCTGCATTCTCCAATCCAGTCACTCTTGGAACATCAGCTTCCATCTCTTGTAGTTCTAGTAAGAGGCTCCTACATAGTAATGGCATCACTTATTTGTATTGGTATCTGCAGAGGCCAGGCCAGTCTCCTCAACTCCTGATATATCTGATGTCCAACCTTGCCTCAGGAGTCCCAGACAGGCTCAGTCGCAGTGGGTCAGGAACTGATTTCACACTGAGAATCAGCAGAGTGGAGGCTGAGGATGTGGGTGCTTATTACTGTGCTCAAATGCTAGAACGCCCTCCGCCGACGTTCGGTGGAGGCACCAAGCTGGAAATCAATC,,,Y,KrLLHSNGITY,lMS,AQMVERPPPT,IGKV2-109*03,IGKJ1*02,79,111,11,163,171,3,280,309,10,302,1,37,13,0,1,0,0,63,2,........................................C...........................C..............T..C...................................T..........................G.............G.............G....A...............T.....G...............................................................T...................C.............|,|.............G.......................
Seq44_Grp44_IGKV2-109*03_IGKJ1*02_Len(302|1|37)_Del(0|0),44,24,1,0,0,GATATTGTGATGACGCAGGCTGCATTCTCCAATCCAGTCATTCTTGGAACATCAGCTTCCATCTCTTGTAGCTCTAGTATGAGGCTTCTACATAGTAATGGCATCCCTTATTTGTATTGGTGCCTGCAGAGGCCAGGCCAGTCTCCTCAACTCCTGATATATCTGATGTCCAGCCTTAGCTCTGGAGTCCCAGACAGGCTCAGTCGCAGTGGGTCAGGAACTGATTTCACACTGAGAATCAGCAGAGTGGAGGCTGAGGATGTGGGTGCTTATTACTGTGCTCAAATGGTAGAACGCCCTCCGCTGACGTTCGGTGTAGGCACCAAGCTGGAAATCAATC,GATATTGTGATGACGCAGGCTGCATTCTCCAATCCAGTCACTCTTGGAACATCAGCTTCCATCTCCTGCAGGTCTAGTAAGAGTCTCCTGCACAGTAGTGGCAACACTTACTTGTATTGGTTCCTGCAGAAGCCAGGCCAGTCTCCTCAGCTCCTGATATATTATATCTCCAACCTTGCCTCAGGAGTCCCAGACAGGTTCAGTGGCAGTGGGTCAGGAACTGATTTCACACTGAGAATCAGTAGAGTGGAGGCTGAGGATGTGGGTGTTTATTACTGTATGCAAGGTCTAGAATATCCTCCGCCGACGTTCGGTGGAGGCACCAAGCTGGAAATCAATC,,,Y,mrLLHSnGipY,lmS,AQMVERPPLT,IGKV2-a*01,IGKJ1*02,79,111,11,163,171,3,280,309,10,301,2,37,38,0,2,1,0,68,2,........................................C........................C..C..G.......A...T..C..G..C....G.....A.A....C..........T........A..................G............TAT..C....A....GC...A...............T.....G.....................................T.........................T..........ATG...GGTC.....TAT....|t,|.C...........G.......................
Seq45_Grp45_IGKV2-109*03_IGKJ1*02_Len(302|1|37)_Del(0|0),45,25,1,0,0,GATATTGTGATGACGCAGGCTGCATTCTCCAATCCAGTCATTCTTGGAACATCAGCTTCCATCTCTTGTAGCTCTAGTATGAGGCTTCTCCATAGTAATTGCATCCCTTATTTGTATTGGTGCCTGCAGAGGCCAGGCCAGTCTCCTCAACTCCTGATATATCTGATGTCCAGCCTTAGCTCTAGAGTCCCAGAAAGGCTCAGTCGCAGTGGGTCAGGAACTGATTTCACACTGAGAATCAGCAGAGTGGAGGCTGGGGATGTGGGTGCTTATTACTGTGCTCAAATGGTAGAACGCCCTCAGCTGACGTTCGGTGTAGGCACCAAGCTGGAAATCAGTC,GATATTGTGATGACGCAGGCTGCATTCTCCAATCCAGTCACTCTTGGAACATCAGCTTCCATCTCCTGCAGGTCTAGTAAGAGTCTCCTGCACAGTAGTGGCAACACTTACTTGTATTGGTTCCTGCAGAAGCCAGGCCAGTCTCCTCAGCTCCTGATATATTATATCTCCAACCTTGCCTCAGGAGTCCCAGACAGGTTCAGTGGCAGTGGGTCAGGAACTGATTTCACACTGAGAATCAGTAGAGTGGAGGCTGAGGATGTGGGTGTTTATTACTGTATGCAAGGTCTAGAATACCCTCAGCCGACGTTCGGTGGAGGCACCAAGCTGGAAATCAATC,,,Y,mrLLHSncipY,lmS,AQMVERPQLT,IGKV2-a*01,IGKJ1*02,79,111,11,163,171,3,280,309,10,296,7,37,41,0,3,6,0,68,2,........................................C........................C..C..G.......A...T..C..G..C....G.G...A.A....C..........T........A..................G............TAT..C....A....GC...AG..........C...T.....G.....................................T.............A...........T..........ATG...GGTC.....TA|tcctct,|.C...........G....................A..
Seq64_Grp64_IGLV2*02_IGLJ5*01_Len(293|3|38)_Del(1|0),64,26,1,1,0,CAGGCTGTTGTGACTCAGGAATCTGCACTCACCACATCACCTGGTGGAACAGTCATACTCACTTGTCGCTCAAGTACTGGGGCTGTTACAACTAGTAACTATGCCAACTGGGTCCAAGAAAAACCAGATCATTTATTCACTGGTCTAATAGGTGGTACCAGCAACCGAGCTCCAGGTGTTCCTGTCAGATTCTCAGGCTCCCTGATTGGAGACAAGGCTGCCCTCACCATCACAGGGGCACAGACTGAGGATGATGCAATGTATTTCTGTGCTCTATGGTACAGCACCCATTTTCGTTGGGTGTTCGGAGGTGGAACCAGATTGACTGTCCTAG,CAGGCTGTTGTGACTCAGGAATCTGCACTCACCACATCACCTGGTGGAACAGTCATACTCACTTGTCGCTCAAGTACTGGGGCTGTTACAACTAGTAACTATGCCAACTGGGTCCAAGAAAAACCAGATCATTTATTCACTGGTCTAATAGGTGGTACCAGCAACCGAGCTCCAGGTGTTCCTGTCAGATTCTCAGGCTCCCTGATTGGAGACAAGGCTGCCCTCACCATCACAGGGGCACAGACTGAGGATGATGCAATGTATTTCTGTGCTCTATGGTACAGCACCCATTTTCGTTGGGTGTTCGGAGGTGGAACCAGATTGACTGTCCTAG,,,Y,TGAVTTSNY,GTS,ALWYSTHFRWV,IGLV2*02,IGLJ4*01|IGLJ5*01,76,102,9,154,162,3,271,303,11,293,3,38,0,0,0,1,0,4,[6 7],.....................................................................................................................................................................................................................................................................................................|c,|......................................
Seq65_Grp65_IGLV2*02_IGLJ5*01_Len(293|3|38)_Del(1|0),65,26,1,0,64,GAGGCTTTTGTGACTCAGGAATCTGCACTCACCACATCACCTGGTGGAACAGTCATACTCACCTGTCGCTCAAGTACTGGGGCTGTTACAACTAGTAACTATGCCAACTGGGTCCAAGAAAAACCAGATCATGTATTCACTGGTCTAATAGGTGGTACCATCAACCGAGCTCCAGGTGTTCCTGTCAGATTCTCAGGCTCCCTGATTGGAGACAAGGCTGCCCTCACCATCACAGGCGCACAGACTAAGGATGATGCAATGTATTTCTGTGCTCTATGGTACAGCACCCATTTTCGTTGGGTGTTCGGAGGTGGAACCAGATTGACTGTCCTAG,CAGGCTGTTGTGACTCAGGAATCTGCACTCACCACATCACCTGGTGGAACAGTCATACTCACTTGTCGCTCAAGTACTGGGGCTGTTACAACTAGTAACTATGCCAACTGGGTCCAAGAAAAACCAGATCATTTATTCACTGGTCTAATAGGTGGTACCAGCAACCGAGCTCCAGGTGTTCCTGTCAGATTCTCAGGCTCCCTGATTGGAGACAAGGCTGCCCTCACCATCACAGGGGCACAGACTGAGGATGATGCAATGTATTTCTGTGCTCTATGGTACAGCACCCATTTTCGTTGGGTGTTCGGAGGTGGAACCAGATTGACTGTCCTAG,,,Y,TGAVTTSNY,GTi,ALWYSTHFRWV,IGLV2*02,IGLJ4*01|IGLJ5*01,76,102,9,154,162,3,271,303,11,293,3,38,7,0,0,1,0,4,[6 7],C.....G.......................................................T.....................................................................T...........................G...........................................................................G.........G..............................................|c,|......................................
Seq66_Grp66_IGLV2*02_IGLJ5*01_Len(293|3|38)_Del(1|0),66,27,1,0,0,GAGGCTTTTGTGACCCAGGAATCTGCACTCACCACATCACCTGGTGGAACAATCATACTCACCTGTCGCTCAAGTACTGGGGCTGTTACAACTAGTAACTATGCCAACTGGGTCCAAGAAAAACCAGATCATGTATTCACTGGTCTATTAGGTGGTACCATCAACCGATCTCCAGGTGTTCCTGTCAGATTCTCAGGGTCCCTGATTGGAGAGAAGGCTGCCCTCACCATCACAGGCGCACAGACTAAGCATGATGCAATGTATTTCTGTGCTCTATGGTACAGCACCCATTTTCGTTGGGTGTTCGGAGGTGGAACCAGATTGACTGTCCTAG,CAGGCTGTTGTGACTCAGGAATCTGCACTCACCACATCACCTGGTGGAACAGTCATACTCACTTGTCGCTCAAGTACTGGGGCTGTTACAACTAGTAACTATGCCAACTGGGTCCAAGAAAAACCAGATCATTTATTCACTGGTCTAATAGGTGGTACCAGCAACCGAGCTCCAGGTGTTCCTGTCAGATTCTCAGGCTCCCTGATTGGAGACAAGGCTGCCCTCACCATCACAGGGGCACAGACTGAGGATGATGCAATGTATTTCTGTGCTCTATGGTACAGCACCCATTTTCGTTGGGTGTTCGGAGGTGGAACCAGATTGACTGTCCTAG,,,Y,TGAVTTSNY,GTi,ALWYSTHFRWV,IGLV2*02,IGLJ4*01|IGLJ5*01,76,102,9,154,162,3,271,303,11,293,3,38,14,0,0,1,0,4,[6 7],C.....G.......T....................................G..........T.....................................................................T..............A............G.......G............................C..............C.......................G.........G..G...........................................|c,|......................................
Seq68_Grp68_IGLV2*02_IGLJ5*01_Len(293|3|38)_Del(1|0),68,28,1,1,0,CAGGCTGTTGTGACTCAGGAATCTGCACTCACCACATCACCTGGTGGAACAGTCATACTCACTTGTCGTTCAAGCACTGGGGGTGTTGCTACTAGTAACTATGCCAACTGGGTCCAAGAAAAACCAGATCATTTATTCACTGGTGTAATAGGTGGTACCAGCAACCGAGCTCCAGATGTTCCTGTCAGATTCTCAGGCTCTCTGATTGGAGACAAGGCTGCACTCACCATCACAGTGGCACAGACTGAGGACGATGCCATGTATTTCTGTGCTCTATGGTACAGCACCCATTTTCGTTGGGTGTTCGGAGGTGGAACCAAATTGTCTGTCCTAG,CAGGCTGTTGTGACTCAGGAATCTGCACTCACCACATCACCTGGTGGAACAGTCATACTCACTTGTCGCTCAAGTACTGGGGCTGTTACAACTAGTAACTATGCCAACTGGGTCCAAGAAAAACCAGATCATTTATTCACTGGTCTAATAGGTGGTACCAGCAACCGAGCTCCAGGTGTTCCTGTCAGATTCTCAGGCTCCCTGATTGGAGACAAGGCTGCCCTCACCATCACAGGGGCACAGACTGAGGATGATGCAATGTATTTCTGTGCTCTATGGTACAGCACCCATTTTCGTTGGGTGTTCGGAGGTGGAACCAGATTGACTGTCCTAG,,,Y,TGgVaTSNY,GTS,ALWYSTHFRWV,IGLV2*02,IGLJ4*01|IGLJ5*01,76,102,9,154,162,3,271,303,11,293,3,38,12,0,2,1,0,4,[6 7],....................................................................C.....T.......C....A.A......................................................C..............................G........................C....................C.............G...............T.....A...................................|c,|.......................G....A.........
Seq67_Grp67_IGLV2*02_IGLJ5*01_Len(293|3|38)_Del(1|0),67,28,1,0,68,CAGGCTGTTGTGACTCAGGAATCTGCACTCACCACATCACCTGGTGGAACAGTCATACTCACTTGTCGTTCAAGTACTGGGGGTGTTACAACTAGTAACTATGCCAACTGGGTCCAAGAAAAACCAGATCATTTATTCACTGGTCTAATAGGTGGTACCAGCAACCGAGCTCCAGATGTTCCTGTCAGATTCTCAGGCTCCCTGATTGGAGACAAGGCTGCCCTCACCATCACAGTGGCACAGACTGAGGACGATGCCATGTATTTCTGTGCTCTATGGTACAGCACCCATTTTCGTTGGGTGTTCGGAGGTGGAACCAAATTGACTGTCCTAG,CAGGCTGTTGTGACTCAGGAATCTGCACTCACCACATCACCTGGTGGAACAGTCATACTCACTTGTCGTTCAAGCACTGGGGGTGTTGCTACTAGTAACTATGCCAACTGGGTCCAAGAAAAACCAGATCATTTATTCACTGGTGTAATAGGTGGTACCAGCAACCGAGCTCCAGATGTTCCTGTCAGATTCTCAGGCTCTCTGATTGGAGACAAGGCTGCACTCACCATCACAGTGGCACAGACTGAGGACGATGCCATGTATTTCTGTGCTCTATGGTACAGCACCCATTTTCGTTGGGTGTTCGGAGGTGGAACCAAATTGTCTGTCCTAG,,,Y,TGgVTTSNY,GTS,ALWYSTHFRWV,IGLV2*02,IGLJ4*01|IGLJ5*01,76,102,9,154,162,3,271,303,11,293,3,38,6,0,1,1,0,4,[6 7],....................................................................C.............C............................................................................................G...........................................................G...............T.....A...................................|c,|.......................G..............
Seq69_Grp69_IGLV2*02_IGLJ5*01_Len(293|3|38)_Del(1|0),69,29,1,1,0,CAGGCTGTTGTGACTCAGGAACTGGCACTCACCACATCACCTGGTGGAACAGTCATACTCACTTGTCGCTCAAGTACTCGGGCTGTTACAACTGGTAACTATGCCAACTGGGTCCAAGAAAAACCAGATCATTTATTCACTGGTCTAATAGGTGGTACCAGCAACCGAGCTCCCGGTGTTCCTGTCAGATTCTCAGGCTCCCTGATTGGAGACAAGGCTGCCCTCACCATCACAGGGGCACAGACTGAGGATGATGCAATGTATTTCTGTGCTCTATGGTACGGCACCCATTTTCGTTGGGTGTTCGGAGGTGGAACCAGATTGACTGTCCTAG,CAGGCTGTTGTGACTCAGGAATCTGCACTCACCACATCACCTGGTGGAACAGTCATACTCACTTGTCGCTCAAGTACTGGGGCTGTTACAACTAGTAACTATGCCAACTGGGTCCAAGAAAAACCAGATCATTTATTCACTGGTCTAATAGGTGGTACCAGCAACCGAGCTCCAGGTGTTCCTGTCAGATTCTCAGGCTCCCTGATTGGAGACAAGGCTGCCCTCACCATCACAGGGGCACAGACTGAGGATGATGCAATGTATTTCTGTGCTCTATGGTACAGCACCCATTTTCGTTGGGTGTTCGGAGGTGGAACCAGATTGACTGTCCTAG,,,Y,TrAVTTgNY,GTS,ALWYGTHFRWV,IGLV2*02,IGLJ4*01|IGLJ5*01,76,102,9,154,162,3,271,303,11,293,3,38,7,0,0,1,0,4,[6 7],.....................TCT......................................................G..............A...............................................................................A............................................................................................................A..........|c,|......................................
Seq70_Grp70_IGLV2*02_IGLJ5*01_Len(293|3|38)_Del(1|0),70,29,1,0,69,CAGGCTGTTGTGACTCAGGAACTGGCACTCACCACATCACCTGGTGGAAAAGTCATACTCACTTGTCGCTCAAGTACTCGGGCTGTTACAGCTGGTAACTATGCCAACTGGGTCCAAGAAAAACCAGATCATTTATTCACTGGTCTAATAGGTGGTACCAGCAACCGAGCTCCCGGTGCTCCTGTCAGATTCTCAGGCTCCCTGGTTGGAGACAAGGCTGCCCTCCCCATCACAGGGGCACAGACTGAGGATGATGCAATGTATTTCTGTGCTCAATGGTACGGCACCCATTTTCGTTGGGTGTTCAGAGGTGGAACCAGATTGACTGTCCTAG,CAGGCTGTTGTGACTCAGGAACTGGCACTCACCACATCACCTGGTGGAACAGTCATACTCACTTGTCGCTCAAGTACTCGGGCTGTTACAACTGGTAACTATGCCAACTGGGTCCAAGAAAAACCAGATCATTTATTCACTGGTCTAATAGGTGGTACCAGCAACCGAGCTCCCGGTGTTCCTGTCAGATTCTCAGGCTCCCTGATTGGAGACAAGGCTGCCCTCACCATCACAGGGGCACAGACTGAGGATGATGCAATGTATTTCTGTGCTCTATGGTACGGCACCCATTTTCGTTGGGTGTTCGGAGGTGGAACCAGATTGACTGTCCTAG,,,Y,TrAVTagNY,GTS,AQWYGTHFRWV,IGLV2*02,IGLJ4*01|IGLJ5*01,76,102,9,154,162,3,271,303,11,293,3,38,13,0,1,1,0,4,[6 7],.....................TCT.........................C............................G...........A..A...............................................................................A....T.........................A....................A................................................T.......A..........|c,|..........G...........................
Seq71_Grp71_IGLV2*02_IGLJ5*01_Len(293|3|38)_Del(1|0),71,30,1,1,0,CAGGCTGTTGTGACTCAGGAATCTGCACTCACCACATCACCTGGTGGAACAGTCATACTCACTTGTCGCTCAAGTACTGGGGTTGTTACAACTAGTAACTATGCCAACTGGGTCCAAGGGAAACCAGATCATTTATTCACTGGTCTAATAGGTGATACCAGCAACCGAGCTCCAGGTGTTCCTGTCAGATTCTCAGGCTCCCTGATTGGAGACAAGGCTGCACTCACCCTCACAGGGGCACAGACTGAGGATGATGCAATGTATTTCTGTGCTCTATGGTACAGCACCCATTTTCGTTGGGTGTTCGGAGATGGAACCAGATTGACTGTCCTAG,CAGGCTGTTGTGACTCAGGAATCTGCACTCACCACATCACCTGGTGGAACAGTCATACTCACTTGTCGCTCAAGTACTGGGGCTGTTACAACTAGTAACTATGCCAACTGGGTCCAAGAAAAACCAGATCATTTATTCACTGGTCTAATAGGTGGTACCAGCAACCGAGCTCCAGGTGTTCCTGTCAGATTCTCAGGCTCCCTGATTGGAGACAAGGCTGCCCTCACCATCACAGGGGCACAGACTGAGGATGATGCAATGTATTTCTGTGCTCTATGGTACAGCACCCATTTTCGTTGGGTGTTCGGAGGTGGAACCAGATTGACTGTCCTAG,,,Y,TGvVTTSNY,dTS,ALWYSTHFRWV,IGLV2*02,IGLJ4*01|IGLJ5*01,76,102,9,154,162,3,271,303,11,293,3,38,6,0,1,1,0,4,[6 7],..................................................................................C...................................AA..................................G..................................................................C......A................................................................|c,|..............G.......................
Seq72_Grp72_IGLV2*02_IGLJ5*01_Len(293|3|38)_Del(1|0),72,30,1,0,71,CAGGCTGTTGTGACTCAAGAATCTGCACTCACCACATCACCTGGTGGCACAGTCATACTCACTTGTCGCTCAAGTACTGGGGTCGTTACAACTAGTAACTATGCCAACTGGGTCCAAGGGAAACCAGATCATTTATTCATTGGTCTAATAGGTGATACCAGCAACCGAGCTCCAGGTGTTCCTGTCAGATTCTCAGGCTCCCTGATTGGAGACAAGGCTCCACTCACCCTCACAGGGGCACAGACTGAGGATGATGCAAAGTATTTCTGTGCTTTATGGTACAGCACCCATTTTCGTTGGGTGTTCGGAGATGGAACCAGATTGACTGTCCTAG,CAGGCTGTTGTGACTCAGGAATCTGCACTCACCACATCACCTGGTGGAACAGTCATACTCACTTGTCGCTCAAGTACTGGGGTTGTTACAACTAGTAACTATGCCAACTGGGTCCAAGGGAAACCAGATCATTTATTCACTGGTCTAATAGGTGATACCAGCAACCGAGCTCCAGGTGTTCCTGTCAGATTCTCAGGCTCCCTGATTGGAGACAAGGCTGCACTCACCCTCACAGGGGCACAGACTGAGGATGATGCAATGTATTTCTGTGCTCTATGGTACAGCACCCATTTTCGTTGGGTGTTCGGAGATGGAACCAGATTGACTGTCCTAG,,,Y,TGvVTTSNY,dTS,ALWYSTHFRWV,IGLV2*02,IGLJ4*01|IGLJ5*01,76,102,9,154,162,3,271,303,11,293,3,38,13,0,1,1,0,4,[6 7],.................G.............................A..................................CT..................................AA...................C..............G................................................................G.C......A..............................T.............C...................|c,|..............G.......................
