SeqName,SeqNum,GroupNum,TemplateCount,TreeChildCount,H-Seq,H-RefSeq,H-OverhangSeq5,H-OverhangSeq3,H-Functional,H-CDR1_AminoAcid,H-CDR2_AminoAcid,H-CDR3_AminoAcid,H-V_GeneName,H-D_GeneName,H-J_GeneName,H-CDR1_Start,H-CDR1_End,H-CDR1_Length,H-CDR2_Start,H-CDR2_End,H-CDR2_Length,H-CDR3_Start,H-CDR3_End,H-CDR3_Length,H-Length_V,H-Length_Nvd,H-Length_D,H-Length_Ndj,H-Length_J,H-SHM_V,H-SHM_Nvd,H-SHM_D,H-SHM_Ndj,H-SHM_J,H-V_Deletion3,H-D_Deletion5,H-D_Deletion3,H-J_Deletion5,H-V_MapNum,H-D_MapNum,H-J_MapNum,H-V_Align,H-D_Align,H-J_Align
Seq01_Grp01_IGKV4-70*01_IGKJ2*03_Len(280|0|36)_Del(2|3),1,1,1,,ATTGTTCTCACCCAGTCTCCAGCAATCATGTCTGCATCTCCAGGGGAGAAGGTCACCATGACCTGCAGTGCCAGCTCAAGTATAAGTTACATGCACTGGTACCAGCAGAAGCCAGGCACCTCCCCCAAAAGATGGATTTATGACACATCCAAACTGGCTTCTGGAGTCCCTGCTCGCTTCAGTGGCAGTGGGTCTGGGACCTCTTATTCTCTCACAATCAGCAGCATGGAGGCTGAAGATGCTGCCACTTATTACTGCCA,CTGCAGCAGTCTGGACCTGAGCTGGTGAAGCCTGGGGCTTCAGTGAAGATGTCCTGCAAGGCTTCTGGCTACACCTTCACAAGCTACTATATACACTGGGTGAAGCAGAGGCCTGGCACCTCCCCCAAAAGATGGATTTATGACACATCCAAGCTAGCCTCTGCAGTGCCTGCTCGCTTCAGTGGCAGTGGGTCTGGGACCTCTTATTCTCTCACAATCAGCAGCATGGGGCCAAGGGACTCTGGTCACTGTCTCTGCAG,CAA,TCAGCGGAGTAGTTACCATACGTTCGGATCGGGGACCAAGCTGGAAATAAAAC,Y,,,LSQSAAW,IGHV1S32*01,IGHD6-1*01|IGHD6-1*02|IGHD6-3*01|IGHD6-4*01,IGHJ3*01,,,,,,,209,229,7,116,35,19,56,34,61,0,5,0,18,92,4,6,14,191,[67 69 75 77],7,,,
Seq02_Grp02_IGKV4-70*01_IGKJ2*03_Len(280|0|36)_Del(2|3),2,2,1,,CAAATTGTTCTCACCCAGTCTCCAGCAATCATGTCTGCATCTCTAGGGGAGAAGGTCACCATGTCCTGCAGTGCCAGCTCAAGTATAAGTTACATGCACTGGTACCAGCAGAAGCCAGGCACCCCCCCCAAAAGATGGATTTATGACACATCCAAACTGGCTTCTGGAGTCCCTGTTCGCTTCAGTGGCAGTGTGTCTGGGACCTCTTATTCTCTCACAATCAGCAGCATGGAGACTGAAGATGCTGCCACTTATTACTGCCATCAGCGGAGTAGTTACCATACGTTCGGATCGGGGACCAAGCTGGAAATAAAAC,ATATTGCAGCCCTCGCAGACCCTCAGTCTGACTTGTTCTTTCTCTGGGTTTTCACTGAGTACTTTTGGTATGGGTGTGAGCTGGATTCGTCAGCCTTCAGGGAAGGATCTGGAGTGGCTGGCACACATTTATTGGGATGATGACAAGCACTATAACCCATCCTTGAAGAGCCAGCTCAGAATCTCCAAGGATACCTCCAACAACCAGGTATTCCTCAAGATCACCACTGTGGACACTGTAGATACTGCCACATACTACTGCCATCACCGTAGTAATTACGATGTCTGGGGCGCAGGGACCACGGTCACCGTCTCCT,,,Y,,,CHQRSSYHTF,IGHV8-6*01,rIGHD1-1*01,IGHJ1*01|IGHJ1*02|IGHJ1*03,,,,,,,259,288,10,260,5,11,2,38,158,0,3,0,21,7,9,3,12,380,2,[1 2 3],,,
Seq03_Grp03_IGKV4-70*01_IGKJ2*03_Len(280|0|36)_Del(2|3),3,3,1,,CAAATTGTTCTCACCCAGTCTCCAGCAGTCATGTCTGCATCTCTAGGGGAGAAGGTTACCATGTCCTGCAGTGCCAGCTCAAGTATAAGTTACATGCACTGGTACCAGCAGAAGCCAGGCACCCCCCCCAAAGGATGGATTTATGACACATCCAAACTGGCTTCTGGAGTCCCTGTTCGCTTCACTGGGAGTGTGTCTGGGACCTCTTATTCTCTCACAATCAGCAGCATGGAGACTGGAGATGCTGCCACTTATTACTGCCATCAGCGGAGTAGTTACCATACGTTCGGATCGGGGACCAAGCTGGAAATAAAAC,ATATTGCAGCCCTCGCAGACCCTCAGTCTGACTTGTTCTTTCTCTGGGTTTTCACTGAGTACTTTTGGTATGGGTGTGAGCTGGATTCGTCAGCCTTCAGGGAAGGATCTGGAGTGGCTGGCACACATTTATTGGGATGATGACAAGCACTATAACCCATCCTTGAAGAGCCAGCTCAGAATCTCCAAGGATACCTCCAACAACCAGGTATTCCTCAAGATCACCACTGTGGACACTGTAGATACTGCCACATACTACTGCCATCACCGTAGTAATTACGATGTCTGGGGCGCAGGGACCACGGTCACCGTCTCCT,,,Y,,,CHQRSSYHTF,IGHV8-6*01,rIGHD1-1*01,IGHJ1*01|IGHJ1*02|IGHJ1*03,,,,,,,259,288,10,260,5,11,2,38,156,0,3,0,21,7,9,3,12,380,2,[1 2 3],,,
Seq04_Grp04_IGKV4-70*01_IGKJ2*03_Len(280|0|36)_Del(2|3),4,4,1,,CAAATTGTTCTCACCCAGTCTCCAGCAATCACGTCTGCATCTCTAGGGGAGAAGGTCACCATGTCCTGCAGTGCCAGCTCAAGTATAAGTTACATGCACTGGTACCAGCAGAAGCCAGGCACCCCCCCCAAAAGATGGATTTATGACACATCCAGACTGGCTTCTGGAGTCCCTGTTCGCTTCAGTGGCAGTGTGTCTGGGACCTCTTATTCTCTCACAGTCAGCAGGACGGAGACTGAAGATGCTGCCACTTATTACTGCCATCAGCGGAGTAGTTACCATACGTTCGGATCGGGGACCGAGCTGGAAATAAAAC,ATATTGCAGCCCTCGCAGACCCTCAGTCTGACTTGTTCTTTCTCTGGGTTTTCACTGAGTACTTTTGGTATGGGTGTGAGCTGGATTCGTCAGCCTTCAGGGAAGGATCTGGAGTGGCTGGCACACATTTATTGGGATGATGACAAGCACTATAACCCATCCTTGAAGAGCCAGCTCAGAATCTCCAAGGATACCTCCAACAACCAGGTATTCCTCAAGATCACCACTGTGGACACTGTAGATACTGCCACATACTACTGCCATCACCGTAGTAATTACGATGTCTGGGGCGCAGGGACCACGGTCACCGTCTCCT,,,Y,,,CHQRSSYHTF,IGHV8-6*01,rIGHD1-1*01,IGHJ1*01|IGHJ1*02|IGHJ1*03,,,,,,,259,288,10,260,5,11,2,38,160,0,3,0,22,7,9,3,12,380,2,[1 2 3],,,
Seq06_Grp06_IGKV4-70*01_IGKJ2*03_Len(280|0|36)_Del(2|3),6,6,1,,CAAATTGTTCTCACCCAGTCTCCTGCAGTCATGTCTGCATCTCTAGTGGAGAAGGGTACCATGTCCTGCAGTGCCAGCTCAGGTATAAGTTACATGCACTGGTACCAGCAGAAGCCAGGCACCCCCCCCAAAGGATGGATTTATGACACATCCAAACTGGCTTCTGGAGTCCCTGTTCGCTTCACTGGGTGTGTGTCTGGGACCTCTTATTCTCTCACAATCAGCAGCATGGAGACTGGAGATGCTGCCACTTATTACTGCCATCGGCGGAGTAGTTACCATACGTTCGGATCGGGGACCAAGCTGGAAATAAAAC,ATATTGCAGCCCTCGCAGACCCTCAGTCTGACTTGTTCTTTCTCTGGGTTTTCACTGAGTACTTTTGGTATGGGTGTGAGCTGGATTCGTCAGCCTTCAGGGAAGGATCTGGAGTGGCTGGCACACATTTATTGGGATGATGACAAGCACTATAACCCATCCTTGAAGAGCCAGCTCAGAATCTCCAAGGATACCTCCAACAACCAGGTATTCCTCAAGATCACCACTGTGGACACTGTAGATACTGCCACATACTACTGTGCTCGGCGTAGTAGCTACGATGTCTGGGGCGCAGGGACCACGGTCACCGTCTCCT,,,Y,,,CHRRSSYHTF,IGHV8-6*01,IGHD1-1*01,IGHJ1*01|IGHJ1*02|IGHJ1*03,,,,,,,259,288,10,266,2,10,0,38,161,0,2,0,21,1,12,1,12,380,1,[1 2 3],,,
Seq07_Grp07_IGKV4-70*01_IGKJ2*03_Len(280|0|36)_Del(2|3),7,7,1,,CAAATTGTTCTCACCCAGTCTCCTGCAGTCATGTCTGCATCTCTAGTGGAGAAGGGTACCGTGTCCTGCAGTGCCAGCTCAGGTATAAGTTACATGCACTGGTACCAGCAGAAGCCAGGCACCCCCCCCACAGGATGGATTTATGACACATCCAAACTGGCTTCTGGGGTCCCTGTTCGCTTCACTGGGTGTGTGTCTGGGACCTCTTATTCTCTCACAATCAGCAGCATGGAGACTGGAGATGCTGCCACTTATTACTGCCATCGGAGGAGTAGTCACCATACGTTCGGATCGGGGACCAAGCTGGAAATAAAAC,ATATTGCAGCCCTCCCAGACCCTCAGTCTGACTTGTTCTTTCTCTGGGTTTTCACTGAGCACTTCTAATATGGGTATAGGCTGGATTCGTCAGCCTTCAGGGAAGGGTCTAGAGTGGCTGGCACACATTTGGTGGAATGATGATAAGTACTATAACCCATCCCTGAAGAGCCGGCTCACAATCTCCAAGGATACCTCCAACAACCAGGTATTCCTCAAGATCACCAGTGTGGACACTGCAGATACTGCCACATACTACTGCCATAGTAGGAGTAGTCACGATGTCTGGGGCGCAGGGACCACGGTCACCGTCTCCT,,,Y,,,CHRRSSHHTF,IGHV8-5*01,rIGHD2-10*01|rIGHD2-11*02|rIGHD2-9*01,IGHJ1*01|IGHJ1*02|IGHJ1*03,,,,,,,259,288,10,260,0,10,8,38,158,0,2,0,21,11,7,0,12,378,[12 18 40],[1 2 3],,,
Seq10_Grp10_IGKV3-7*01_IGKJ1*02_Len(298|1|35)_Del(1|2),10,10,1,,AGCCACCCAAACTCCTCATCAAGTATGCATCCAACCTAGAATCTGGGGTCCCTGCCAGGTTCAGTGGCAGTGGGTCTGGGACAGACTTCACCCTCAACATCCATCCTGTGGAGGAGGAGGATACTGCAACATATTACTGTCAGCACAGTTGGGAGATTCCTCTGACGTTCGGTGGAGGCACCAAGCTGGAAATCAATC,GGGACACATTCTACAGTGGTATCACTTACTACAACCCATCTCTCGAAAGTCGAACGTACATAACGCGTGACACATCTAAGAACCAGTTCTCACTGAAGTTGAGTTCTGTGACTACTGAGGACACAGCCACTTACTACTGTCAGCACAGCTCGGAGATTCCTCTGACGTTCGGTGGGGCCAAGGCACCAGTCTCACAGT,GACATTGTGCTAACACAGTCTCCTGCTTCCTTAGCTGTATCTCTGGGGCAGAGGGCCACCATCTCATGCAGGGCCAGCCAAAGTGTCAGTACATCTAGCTATAGTTATATGCACTGGTACCAACAGAAACCAGGAC,,Y,,,MGDSSDVRW,IGHV3-3*03,IGHD3-1*01,IGHJ2*03,,,,,,,149,175,9,140,2,11,19,26,82,0,2,0,17,8,1,5,12,274,43,6,,,
Seq15_Grp15_IGKV3-7*01_IGKJ1*02_Len(298|1|35)_Del(1|2),15,15,1,,AGCCACCCAAACTCCTCATCAAGTATGCGTCCAACCTCGAATCTGGGGTCCTTGCCAGGTTCAGTGGCAGTGGGTCTGGGACAGACTTCACCCTCAACATCCATCCTGTGGCGGAGGAGGATACTGCAACATATTACTGTCAGCACAGTTGGGAGATTCCTCTGACGTTCGGTGGAGGCACCAAGCTGGAAATCAATC,GGGACACATTCTACAGTGGTATCACTTACTACAACCCATCTCTCGAAAGTCGAACGTACATAACGCGTGACACATCTAAGAACCAGTTCTCACTGAAGTTGAGTTCTGTGACTACTGAGGACACAGCCACTTACTACTGTCAGCACAGCTCGGAGATTCCTCTGACGTTCGGTGGGGCCAAGGCACCAGTCTCACAGT,GACATTGTGCTAACACCGTCTCCTGCTTCCTTAGCAGTATCTCTGGGGCAGAGGGCCACCATCTCATGCAGGGCCAGCCAAAGTGTCAGTACAACTAGCTATAGTTATATGCACTGGTACCAACAGAAACCAGGAC,,Y,,,MGDSSDVRW,IGHV3-3*03,IGHD3-1*01,IGHJ2*03,,,,,,,149,175,9,140,2,11,19,26,82,0,2,0,17,8,1,5,12,274,43,6,,,
Seq56_Grp56_IGLV2*01_IGLJ4*01_Len(293|2|37)_Del(1|5),56,56,1,,CAAGCTGTTGTGACTCAGGAGTCTGCACTCACGACATCACCCGGTGGTACAGTCATACTCACTTGTCGCTCAAGTACTGGGACTGTTACAACTAGTAACTATGCCATTTGGGTCCAAGAAAAAACAGATCATTTATTCGCTG,CGGAGCCTGGCATCTGAGGACTCTGCAGTCACGACATCACCCGGTGGTACAGTCATACTCACTTGTCGCTCAAGTACTGGGACTGTTACAACTAGTAACTTTGACTACTGGGGCCAAGGCACCACTCTCACAGTCTCCTCAG,,GTGTAATAGGTGATACAAGCAACCGAGCTCCAGGTGTTCCTGCCAGATTCTCAGGCTCCCTGATTGGAGACAAGGCTGCCCTCACCATCATAGGGGCACAGACTGAGGATGATGCAATGTATTTTTGTGCTCTATGGTACGGCAACCATTTTGTGTTCGGAGGTGGAACCAGATTGACTGTCCTAGATGA,Y,,,SPGGTVILTCRSSTGTVTTSNYAIW,IGHV1-20*02,IGHD4-1*02,IGHJ2*01,,,,,,,37,111,25,30,45,8,14,45,13,0,0,0,22,15,2,0,3,14,53,4,,,
Seq64_Grp64_IGLV2*02_IGLJ5*01_Len(293|3|38)_Del(1|0),64,64,1,,CAGGCTGTTGTGACTCAGGAATCTGCACTCACCACATCACCTGGTGGAACAGTCATACTCACTTGTCGCTCAAGTACTGGGGCTGTTACAACTAGTAACTATGCCAACTGGGTCCAAGAAAAACCAGATCATTTATTCACTG,CGGAGCCTGGCATCTGAGGACTCTGCAGTCACCACATCACCTGGTGGAACAGTCATACTCACTTGTCGCTCAAGTACTAGGGCTGTTACAACTAGTAACTTTGACTACTGGGGCCAAGGCACCACTCTCACAGTCTCCTCAG,,GTCTAATAGGTGGTACCAGCAACCGAGCTCCAGGTGTTCCTGTCAGATTCTCAGGCTCCCTGATTGGAGACAAGGCTGCCCTCACCATCACAGGGGCACAGACTGAGGATGATGCAATGTATTTCTGTGCTCTATGGTACAGCACCCATTTTCGTTGGGTGTTCGGAGGTGGAACCAGATTGACTGTCCTAG,Y,,,SPGGTVILTCRSSTGAVTTSNYANW,IGHV1-20*02,IGHD3-3*01,IGHJ2*01,,,,,,,37,111,25,30,46,10,11,45,12,0,1,0,21,15,7,0,3,14,49,4,,,
Seq68_Grp68_IGLV2*02_IGLJ5*01_Len(293|3|38)_Del(1|0),68,68,1,,CTAGGACAGACAATTTGGTTCCACCTCCGAACACCCAACGAAAATGGGTGCTGTACCATAGAGCACAGAAATACATGGCATCGTCCTCAGTCTGTGCCACTGTGATGGTGAGTGCAGCCTTGTCTC,CCAGCACTGCCTATTTGGTTCCACCTCCGAACACCCAACGAAAATGGGTGCTGTAGCTACCACCATAGTAATAAATGGCATCGTCCTCAGTCTGGGGCACAGGGACCACGGTCACCGTCTCCTCAG,,CAATCAGAGAGCCTGAGAATCTGACAGGAACATCTGGAGCTCGGTTGCTGGTACCACCTATTACACCAGTGAATAAATGATCTGGTTTTTCTTGGACCCAGTTGGCATAGTTACTAGTAGCAACACCCCCAGTGCTTGAACGACAAGTGAGTATGACTGTTCCACCAGGTGATGTGGTGAGTGCAGATTCCTGAGTCACAACAGCCTG,Y,,,RAQKYMASSSVC,IGHV9S8*01,rIGHD1-1*02,IGHJ1*03,,,,,,,60,95,12,17,35,23,14,37,5,0,9,0,18,45,0,0,16,406,4,3,,,
Seq69_Grp69_IGLV2*02_IGLJ5*01_Len(293|3|38)_Del(1|0),69,69,1,,CAGGCTGTTGTGACTCAGGAACTGGCACTCACCACATCACCTGGTGGAACAGTCATACTCACTTGTCGCTCAAGTACTCGGGCTGTTACAACTGGTAACTATGCCAACTGGGTCCAAGAAAAACCAGATCATTTATTCACTGGTCTAATAGGTGGTACCAGCAACCGAGCTCCCGGTGTTCCTGTCAGATTCTCAGGCTCCCTGATTGGAGACAAGGCTGCCCTCACCATCACAGGGGCA,TTGGGTGGTTTTACCCTGGAAGTGGTAGTATAAAGTACAATGAGAAATTCAAGGACAAGGCCACATTGACTGCGGACTCGGGCTGTTACAACTCGTAACTATAGTAACTGGGTCCAAGAAAAACCAGATCATTTATTCACTGGTCTAATAGGTGGTACCAGCAACCGAGCTCCCGGTGTTCCTGTCAGATTCTCTGGTTTGCTTACTGGGGCCAAGGGACTCTGGTCACTGTCTCTGCAG,,CAGACTGAGGATGATGCAATGTATTTCTGTGCTCTATGGTACGGCACCCATTTTCGTTGGGTGTTCGGAGGTGGAACCAGATTGACTGTCCTAG,Y,,,SNRWYQQPSSRCSCQILRLPDW,IGHV1-62-2*01|IGHV1-71*01,rIGHD2-12*01,IGHJ3*01,,,,,,,144,209,22,77,15,17,84,47,45,0,4,0,26,83,1,8,1,[67 81],20,7,,,
Seq70_Grp70_IGLV2*02_IGLJ5*01_Len(293|3|38)_Del(1|0),70,70,1,,CAGGCTGTTGTGACTCAGGAACTGGCACTCACCACATCACCTGGTGGAAAAGTCATACTCACTTGTCGCTCAAGTACTCGGGCTGTTACAGCTGGTAACTATGCCAACTGGGTCCAAGAAAAACCAGATCATTTATTCACTGGTCTAATAGGTGGTACCAGCAACCGAGCTCCCGGTGCTCCTGTCAGATTCTCAGGCTCCCTGGTTGGAGACAAGGCTGCCCTCCCCATCACAGGGGCA,TTGGGTGGTTTTACCCTGGAAGTGGTAGTATAAAGTACAATGAGAAATTCAAGGACAAGGCCACATTGACTGCGGACTCGGGCTGTTACAGCTCGTAACTATAGTAACTGGGTCCAAGAAAAACCAGATCATTTATTCACTGGTCTAATAGGTGGTACCAGCAACCGAGCTCCCGGTGCTCCTGTCAGATTCTCAGGCTCCCTGGTTGGGGCCAAGGCACCACTCTCACAGTCTCCTCAG,,CAGACTGAGGATGATGCAATGTATTTCTGTGCTCAATGGTACGGCACCCATTTTCGTTGGGTGTTCAGAGGTGGAACCAGATTGACTGTCCTAG,Y,,,SNRWYQQPSSRCSCQILRLPGW,IGHV1-62-2*01|IGHV1-71*01,rIGHD2-12*01,IGHJ2*01,,,,,,,144,209,22,77,15,17,97,34,46,0,4,0,18,83,1,8,14,[67 81],20,4,,,
Seq71_Grp71_IGLV2*02_IGLJ5*01_Len(293|3|38)_Del(1|0),71,71,1,,CAGGCTGTTGTGACTCAGGAATCTGCACTCACCACATCACCTGGTGGAACAGTCATACTCACTTGTCGCTCAAGTACTGGGGTTGTTACAACTAGTAACTATGCCAACTGGGTCCAAGGGAAACCAGATCATTTATTCACTG,CGGAGCCTGGCATCTGAGGACTCTGCAGTCACCACATCACCTGGTGGAACAGTCATACTCACTTGTCGCTCAAGTACTGGGGTAGCTACCACCAGTAACTTTGACTACTGGGGCCAAGGCACCACTCTCACAGTCTCCTCAG,,GTCTAATAGGTGATACCAGCAACCGAGCTCCAGGTGTTCCTGTCAGATTCTCAGGCTCCCTGATTGGAGACAAGGCTGCACTCACCCTCACAGGGGCACAGACTGAGGATGATGCAATGTATTTCTGTGCTCTATGGTACAGCACCCATTTTCGTTGGGTGTTCGGAGATGGAACCAGATTGACTGTCCTAG,Y,,,SPGGTVILTCRSSTGVVTTSNYANW,IGHV1-20*02,rIGHD1-1*02,IGHJ2*01,,,,,,,37,111,25,30,51,13,3,45,12,0,4,0,20,15,0,10,3,14,4,4,,,
Seq72_Grp72_IGLV2*02_IGLJ5*01_Len(293|3|38)_Del(1|0),72,72,1,,CAGGCTGTTGTGACTCAAGAATCTGCACTCACCACATCACCTGGTGGCACAGTCATACTCACTTGTCGCTCAAGTACTGGGGTCGTTACAACTAGTAACTATGCCAACTGGGTCCAAGGGAAACCAGATCATTTATTCATTG,CGGAGCCTGGCATCTGAGGACTCTGCAGTCACCACATCACCTGGTGGCACAGTCATACTCACTTGTCGCTCAAGTACTGGGGTAGCTACCACCAGTAACTTTGACTACTGGGGCCAAGGCACCACTCTCACAGTCTCCTCAG,,GTCTAATAGGTGATACCAGCAACCGAGCTCCAGGTGTTCCTGTCAGATTCTCAGGCTCCCTGATTGGAGACAAGGCTCCACTCACCCTCACAGGGGCACAGACTGAGGATGATGCAAAGTATTTCTGTGCTTTATGGTACAGCACCCATTTTCGTTGGGTGTTCGGAGATGGAACCAGATTGACTGTCCTAG,Y,,,SPGGTVILTCRSSTGVVTTSNYANW,IGHV1-20*02,rIGHD1-1*02,IGHJ2*01,,,,,,,37,111,25,30,51,13,3,45,13,0,4,0,21,15,0,10,3,14,4,4,,,
