Seq,GeneName,Function,Strain,EntryNum,GapInfo,CDR1start,CDR1end,CDR2start,CDR2end,AnchorDist
GGTCAGTCTTTGACCTCCTCAGACTCTGTGGTGAAAAGACCAGGAGAATCAGTCACTCTGTCCTGCACTGTGTCTGGAATCTCAATGAGTAGCTACTGGATGCACTGGATCCGCCAGAAACCAGGAAAAGGACTGGAGTGGATTGGATATATAGACACTGGCACAACAGCATATTACGCTCAGTCTTTACAAGGCCAGTTCACTATCACCAAAGACACCAGTAAAAACATGCTGTATTTAGAGGTGAAAAGCCTGAAGAGTGAAGACACAGCTGTTTATTACTGTGCACGGACT,IGHV1-1*01,F,All,1,27#-3#60#-12#75#-9#30#-3#6#-3#96,76,99,151,171,12
GGTCAGTCTTTGACCTCCTCAGACTCTGTGGTGAAAAGACCAGGAGAATCAGTCACTCTGTCCTGCACTGTGTCTGGATTCTCAATGAGCAGCTACTGGATGCACTGGATCCGCCAGAAACCAGGGAAAGGACTGGAGTGGATCGGGCGAATTGATCGTGGCACTGGCACTATTTTTGCTCAGTCTTTACAAGGCCAGTTCACCATCACCAAAGACACCAGTAAAAACATGCTGTATTTAGAGGTGAAACAGCTGAAGAGTGAAGACACAGCTGTTTATTACTGTGCACGAGACT,IGHV1-2*01,F,All,2,27#-3#60#-12#75#-9#30#-3#6#-3#97,76,99,151,171,13
GGTCAGTCTTTGACCTCCTCAGACTCTGTGGTGAAAAGACCAGGAGAGTCAGTCACTCTGTCCTGCACTGGGTCTGGATTCTCAGTGGGTGACTACTGGATGCACTGGATACGCCAGAAACCAGGGAAAGGACTTGAATGGATTGGAGGAAGATATAGCTCAACTGTATATTTTGCTCAGTCTCTACAGGGTCAGTTTTCCATCTCAACAGACACCAGCAAAAATATGGTGTACCTGGAGATAAAAAGCCTGAAGACTGAAGACGCAGCTGTTTATTACTGTGCACGAGAGA,IGHV1-3*01,F,All,3,27#-3#60#-12#72#-12#30#-3#6#-3#97,76,99,151,168,13
GGTCAGTCATTGACCTCCTCTGGTTCTGAGGTCAAGAAACCCAGAGAATCAGTCACACTGTCTTGTGTGGTTTCTGGACTCTCCCTTGCCTGGCTGCACTGGATAAGGCAGAAACCGGGAAAAGGCCTGGAGTGGATTGGCCGGATTGACAGTGGCACTGGGACTATTTTTGCTCAGTCTCTACAAGGCCAATTTACCATCACTAAAGACACCAGCAAAAACATGGTGTATTTGGAGATAAAAAGCCTGAAGGCTGAAGATACTGCTGTTTATTACTGTGCAAAAGAGA,IGHV1-4*01,F,All,4,27#-3#57#-18#72#-9#30#-3#6#-3#97,76,93,145,165,13
GGTCAGTCTTTGACCTCCTCAGACTCTGTGGTGAAAAGACCAGGAGAATCAGTCACTCTGTCCTGCACTGTGTCTGGATTCTCAATGAGCAGCTACTACATGCACTGGATCCGCCAGAAACCAGGGAAAGGACTGGAGTGGATTGGATATATAGACACTGGCACAACAGCATATTACGCTCAGTCTTTACAAGGCCAGTTCACTATCACCAAAGACACCAGTAAAAACATGCTGTATTTAGAGGTGAAAAGCCTGAAGAGTGAAGACACAGCTGTTTATTACTGTGCACGGACT,IGHV1-5*01,F,All,5,27#-3#60#-12#75#-9#30#-3#6#-3#96,76,99,151,171,12
TGTCAGACACTAACTGAGTCTGAGGCAGTGACCATCAAACCTGGAGAATCCCATAAACTGACATGCACTGCTTCTAGTTTTGATATCTCTGGCTCCTGGATGGCTTGGATCAGACAGAAATCTGGAAAAGAGCTGGAATGGCTGGCATTGATCAGATATGATAGCCAGGATATGTATTACTTTCAGTCTGTCCAAGGACGGTTCACCATCTCCAGAGACAACAGTAAGCAGCAGGTATATCTGCAGATGAACAGCCTGAAGGATGAAGACACTGCTGTGTATTATTGTGCAAGAGAGC,IGHV10-1*01,F,All,6,27#-3#60#-12#75#-6#33#-3#6#-3#97,76,99,151,174,13
GGTCAAACACTGACTGAATCAGAGTCAGTAGTCATCAAACCAGGCAATGAACACAGACTGACCTGTACTTTCTCTGGGATTGATGTTGGAGATGCAGATATATCATGGATAAGACAGGCTGAAGGGAAAGCACTGGAGTGGATCTCACATATTTCTGCTCCAAGTGGCAGTGGCAAATATTACTCTAAAGCCGTTGAAGGAAGATTCAGCATCACCAGAGACAACAGTAAAATGCAGGTGTATCTGCACATGACAAAGCTGCAGACTGAAGACACTGGAGTGTATTACTGTGCTAGAAGAAA,IGHV11-1*01,F,All,7,27#-3#60#-12#78#-3#33#-3#6#-3#98,76,99,151,177,14
GGTCAGACACTGACTGAATCTGAGTCAGTAATCATCAAACCAGGCAATGAACACAAACTGACCTGTACTTTCTCTGGATTGAGCGTCAGTAGTGCTGATATATCATGGATAAGACAGGCTGAAGGTAAAGGGCTGGAGTGGATCTCACATATTTCTGCTCCAAGTGGCAGTAGCAAATATTACTCTAAAGCCGTTGAAGGAAGATTCAGCATCTCCAGAGACAACAGTAAAATGCAGGTGTATCTGCACATGACAAAGCTGCAGACTGAAGACACTGGAGTGTATTACTGTGCCCGAGAAA,IGHV11-2*01,F,All,8,27#-3#60#-12#78#-3#33#-3#6#-3#97,76,99,151,177,13
TGTAATATCATCCTCACTCAGCCAAACTCTATAATTCTGCAGCCGGGTAACTCACTTACTCTCACATGTGAGGTGTCTGGATATTCTGTAACAGATGACAATTACGCAACAGCCTGGATACGACAACCTGCAGGAAAAGCTCTGGAGTGGATTGTGCACATATGGGGAGGTGGAGGCATAACTAAGAAAGACTTACTGGCAAACAAGTTCAGCATCTGCAAAAGTGACTCCAGCAACAGAGTGACTCTTCAAGGACAGAGTTAAAAGACTGAAGACACAGCTGCGTATTACTGTGCAAGACTAC,IGHV12-1*01,P,All,9,93#-6#78#-9#30#-3#6#-3#97,79,108,160,180,13
GGCATCTCCCTGACCTCATCCCCTGCACAGATTAAAGCTGCTGGTCAGTCAGTCAGGTTGTCCTGTCAAATTTCTGGATACGCTCTCACAGATTATGGCACAGCTTGGATCAGACATCCTCCTGGAAAAGCCATGGAATGGATCGGGATTATATGGGGTAGAGGATCAATAGACTCTGGGAACTCCTTCAAGAGTCGCTTCACTATTTCCAGAGACACAAGGAAAAATGAGCTGTACTTAGACATCAGCAGCCTGCAGACTGAGGACACAGCTGTGTATTATTGTGCAAAGACAGC,IGHV13-2*01,F,All,10,27#-3#60#-12#75#-9#30#-3#6#-3#98,76,99,151,171,14
AGTCAGACACTGGTTGAATCTGAGGCTGTAGTGATTAAACCAGACCAATCTCATAAACTGACCTGTACCGCTTCTGGTTTTAACTTTGGTGACTATTGGATGGCTTGGATAAGACAGGCTGCTGGGAAAGGGCCAGAATGGGTCGCAACACTTTCCAATGGCAACAGCTATATCTATTATTCCGACAAGGTTAAGGGAAGATTTACCATTTCACGAGATGATAACAAGAACCAGCTGTACCTTCAGATGAACAGTCTTAAAACCGAAGACACTGCTGTTTACTACTGTGCAAGAGA,IGHV14-1*01,F,All,11,27#-3#60#-12#75#-6#33#-3#6#-3#95,76,99,151,174,11
GAAATTCGATTAGATCAGTCACCTTCTGTGACAAAGAGACCTGGAGAAACAGTGAAGATCTCCTGTAAAATATCTGGGTTCACAATGACAAGCTCCTACATGCACTGGATACGGCAGAAGCCTGGAAAAGCTCTGGAGTGGATTGGGAGAGTTGACTCTGGCAGCAGTTCTAGCTCTGATTATCTTATCTATGCAGATTCTGTGAAAAACCACTTCACAATGAGTGAAGACGTATCTCAAAGTACACAGTTTCTTGAAGCCAAGAGTCTGAGAGAAGAGGACACTGCTGTTTATTACTGTGCTCGAGCACCAGGA,IGHV2-1*01,F,All,12,27#-3#60#-12#228,76,99,151,180,18
GAAATTCGATTAGATCAGTCACCTTCTGTGACAAAGAGACCTGGAGAAACGGTGAAGATCTCCTGTAAAATATCTGGGTTTACAATGACACGCTACTACATGCACTGGATACGGCAGAAGCCTGGAAAAGCTCTGGAGTGGATTGGGAGAGTTAACTCTGGCTCTGGTAGTGCTGATTATGCAGATTCCATGAAAAACCAATTCACTCTGAGTGAGGACGTGTCTCAAAATATGCAATATCTTGAAGCCAAGAGTCTGAGAGAAGAGGACACTGCTGTTTATTACTGTGCTCGGGAGT,IGHV2-2*01,F,All,13,27#-3#60#-12#75#-6#33#-3#6#-3#97,76,99,151,174,13
GAAATTCGATTAGATCAGTCACCTGCTGTGACAAAGAGACCTGGAGAAACAGTGAAGATCTCCTGTAAAATATCTGGGTTTACAATGACTGAGCACTACATGCATTGGATACGGCAGAAGCCTGGAGAAGCTCTGGAATGGATTGGGAAAATTAATACTGGCAGCAGTTCTTGCTCTGATTATCTTGTCTATGCAGACTACATAAAAAATACCACGATGAGTGAGGATGTTTCTCAAAGTACACAATATCTTGAAGCCAAGAGTCTGAGAGAAGAGCACACTGCTATTTATTACTGTGCTCGAGAACCAGGG,IGHV2-3*01,F,All,14,27#-3#60#-12#123#-3#102,76,99,151,180,18
TGTCAAACACTGAGCGAGTCTGATGCAGTGGTCATTAAACCTGGAGGATCTCACAGACTTACCTGTACAATCTCTGGATTCGGTGGTAACTATGCCATGTCATGGATCAGACAGACTGCAGGAGGAGGTCTGGAGTGGCTGGCATACATCTCATCTGGCAGTGGTTCTATATACTACTCTCAGGCGGTTCAGAGGCGCTTCACCATCTCCAGAGATAACAGCAAGAACCAGATGTATCTGCAGATGAATAATATGAAGATTGAAGACACTGCTGTATATTATTGTGCAAGAGTGT,IGHV3-2*01,F,All,15,27#-3#60#-15#72#-6#33#-3#6#-3#97,76,96,148,171,13
CAGAATATGGAGTCCATTTCATCTGAGTCAGTGTTAAAGCCTGGAGAAACTCTGAGTCTTTCCTGTAGGGGATCAGGATTTACCTTCGGAAGCAACAACATGCACTGGATTAGACAGCAACCTGGGAAAGCACTGATGTGGATGGGTCGTGTCTGGTATAATGCACAAGGACATGACTATGCTAATAGTTTTAAGGGACGGATAGAAATTACCAGAGACAATTCAAAAAGCATGGTGTATCTGAAACTGTCTGCACTGACAGAAGAGGACTCTGCTGTGTATTACTGTGCAAGAGAAG,IGHV4-1*01,F,All,16,27#-3#60#-12#75#-6#33#-3#6#-3#97,76,99,151,174,13
CAAGGCATGGATTCGATTGAAAGCTCAGTTCAGAAAAAGCCTGGAGAAACTCTGACTCTGTCCTGTAGAGGATCCGGGTTCAGCTTTGACTGCTGTAGCATGCACTGGATCAGACAACAAGCTGGAAAACCTCTTGTGTGGATGGGTCTGGGATACAGTTCTGGAAATGGGCATAAGGCAGAATCCTTTAAGGAGAGGCTGGAAATCAGCAGAGATGATTCAAAAAGCATGATGTATATGAAACTGTCTGGACTGACAGAGGAGGACTCGGCTGTGTATTACTGTGCAAAACAAG,IGHV4-2*01,F,All,17,27#-3#60#-12#75#-9#30#-3#6#-3#97,76,99,151,171,13
CAAGGCATGGAGTCGATTGAAAGCTCAGTTCAGAAAAAGCCTGGAGAAACTCTGACTCTGTCCTGCAGAGGATCCGGGTTCACCTTTAGCTCCTATCACATGCACTGGATCAGACAACAAGCTGGAAAACCTCTTATGTGGATTGGACGTGTTTATAGTGATGGCAGTGGCAATGACTATGCTGAATCCTTTAAAGGAAGAGCTGAAATCACCAGAGATAATTCAAAGAGTATGACATATCTGAAACTATCAGGCCTGACAACAGAAGATTCAGCCGTGTATTACTGTGCAAGACAAT,IGHV4-3*01,F,All,18,27#-3#60#-12#75#-6#33#-3#6#-3#97,76,99,151,174,13
CAGAGTCTGGAGTCCATCCCTTCAAGTTCTGTGACTAAAAAGCCTGGAGAAACTTTGAATCTCTCTTGTAAAGGATCTGGATTTGATTTTGGACAGTATGGCATGCACTGGATCAGACAGCCTGCAGGGAAAGCACTGGACTGGATTGGGGTTATCTGGTATGATGCCAGTAAAACAGTGTATGCAAAAAGTGTTGAGGGACGAATAGAGATCACCAGAGACAACTCAAACAACATGGTGTATCTTAAACTCTCTGGTCTGAAAACTGAAGATTCAGCTGTTTATTACTGTGCAAGATACA,IGHV4-5*01,F,All,19,90#-12#75#-6#33#-3#6#-3#97,79,102,154,177,13
GAAAGTATGGAGTCAATTGAAAGCTCAGTGCAGAAAAAGCCTGGAGAAACTCTGACTCTGTCCTGTAGAGGATCCGGGTTCAGCTTTAGCTCCTATTACATGCACTGGATTAGACAACAAGCTGGAAAACCTCTTGTGTGGATTGGAGGCACTGGCTATGGCTATGCTGAGTCCTTCAAAGGAAGAGCTGAAATCACCAAAGATAATTCAAAGAGTATGACATATCTGAAACTATCAGGCCTCACAGCAGAAGATTCAGCCGTGTATTACTGTGCAAGACAAT,IGHV4-6*01,F,All,20,27#-3#60#-12#69#-21#24#-3#6#-3#97,76,99,151,159,13
CAGAGTCTGGAGTCCATCCCTTCAAGTTCTGTGACTAAAAAGCCTGGAGAAACTTTAAATCTCTCTTGTAAAGGATCTGGATTTGATTTTGGACAGTATGGCATGCAATGGATCAGACAGCCTGCAGGGAAAGCACTGGACTGGATTGGGGTTATCTGGAGTGATGGTAGTAAAACAGTGTATGCAAAAAGTGTTGAGGGACGAATAGAGATCACCAGAGACAACTCAAACAACATGGTGTATCTCAAACTCTCTGGTCTGAAAACTGAAGATTCAGCTGTTTATTACTGTGCAAGGTACA,IGHV4-7*01,F,All,21,90#-12#75#-6#33#-3#6#-3#97,79,102,154,177,13
CAAAATATGGAGTCGATTGAAAGCTCAGTTCAGAAGAAGCCTGGAGAAACTCTGACTCTGTCCTGTAGAGGATCTGGGTTCAGCTTTGACTGCTGTAGCATGCACTGGATCAGACAACAAGCTGGAAAACCTCTTGTGTGGATTGGATATGTTTCTAATGGTGGTGTTAGCCAAAACTATGCTGAATCTTTCAAAGGCCGAACTGAAATTACCAGAGATAATTCAAAGAGTATGGTATATCTGAAACTATCAGGCCTGACAGCGGAAGACTCAGCCATGTATTACTGTGCAAGACAAT,IGHV4-8*01,F,All,22,27#-3#60#-12#75#-6#33#-3#6#-3#97,76,99,151,174,13
CAAAGTATGGAGTCGATTGAAAGCTCAGTTCAGAGAAAGCTTGGAGAAACTCTGACTCTATCATGTAGAGGATCGGGGTTCAGCTTTAGCTACTATAACATGCACTGGATCAGACAACAAGCTGGAAAACCTCTTGTGTGGATTGGACGTGTTTATGACAGCACTGACTATAGCTATGCTGAATCCTTCAAAAGTAGAGCTGAAATCACCCGAGATAATTCAAAGAGTATGACTTATCTGAAACTATCAGGCCTGACAGCAGAAGATTCAGCCGTGTATTACTGCGCAAGACAAT,IGHV4-9*01,F,All,23,27#-3#60#-12#75#-9#30#-3#6#-3#97,76,99,151,171,13
TCATTAGAACTCACTCAGCCTGAGTCTCTGACTGTACGTCCTGATGACTCTCTCACTATCAACTGCAGAGTCTCATATTCAGTCACTAGTGAACACACAGCTTGGATTCGTCAGCCTGCAGGAAAAGCTCTGGAATGGATTGGAGTTATCTACCATAATGGAGGCTTAGCCTACAAGGATTCTCTGAAAAGCAAGTTCAGCATCAGCAGAGACACTTCCAGTAACACAATAACACTGCAAGGAAAGAATATGAAAGCTGAAGACACAGCTGTGTATTATTGTGCCAGACATA,IGHV5-1*01,F,All,24,27#-3#60#-15#72#-9#30#-3#6#-3#97,76,96,148,168,13
TGTGTTGAACTGACCCAGACTGATTCTATTGTCTTGAGGCCTGGTCAGGTTTTGACGCTGTCTTGTAAAATCTCTGGATATTCAGTGACTGAGAGCTACTGCACAAATTTTATACGACAAGCTGCAGGAAAAGCTCTGGAGTGGATTGGAATTATCTGCTATGATGGAAGCTTAGCCTACAAGGATTCTCTGAAAAGCAAGTTCAGCATCACCAGAGACACTTCCAGTAACACAATAACACTGCAAGGAAATAATATGAAAGCTGAAGACACAGCTGTGTATTATTGTGCCAGACGTA,IGHV5-2*01,ORF,All,25,27#-3#63#-9#75#-9#30#-3#6#-3#97,76,102,154,174,13
TGTGTTGAACTGACCCAGACTGACTCTATTGTATTAAAGCCTGGTGAGGTTTTGACTCTGTCCTGTAAAATCTCTGGATATTCAGTCACTGATGGCAGCTACTGGACCCACTGGATACGACAGGCTGCAGGAAAAGCTCTGGAATGGATTGGGCAGATTGGTGCCAATGGCTACACAAATTATAATGATAAACTGAATAGTAGATTTATATTGACCAAACACACTTCCAGCAACACGGAGACTCTGAGTGGACAGAATATGCAGACTGAGGACACAGCTGTGTATTACTGCGCCAGAGAGAGATAC,IGHV5-3*01,F,All,26,27#-3#63#-6#78#-9#30#-3#6#-3#102,76,105,157,177,18
TGTGTTGAACTGACCCAGACAGATTCTATTGTCTTGAGGCCTGGTCAGGTGTTGACTCTGTCTTGTAAAATCTCTGGATATTCAGTGACTGACAGCAGCTATTGCACTGACTTTATACGACAGGCTGCAGGAAAAGCTCTGGAATGGGTTGGGGAGATCTGTGGCAGCGGTAACACATATTACAGCGATAAACTGAAAAGTAGATTCACAGTTAGCAGAGACTCTTCCAGCAGCAGCGTGACTCTGAGTGGACAGAATATGCAGACTGAGGACACAGCTGTGTATTACTGCGCCAGACAAA,IGHV5-4*01,ORF,All,27,27#-3#63#-6#78#-9#30#-3#6#-3#97,76,105,157,177,13
TGTGTTGAACTGACCCAGACAGATTCTATTGTCTTGAGGCCTGGTCAGGTTTTGACTCTGTCCTGTAAAATCTCTGGATATTCAGTGACTGACAGCAGCTATTGCACAAACTTCATACGACAGGCTGCAGGAAAAGCTCTGGAATGGGTTGGGGCAATATGTGGTAGTGGTAACACATATTACAGTGATAAACTGAAAAGTAGATTCACAGTTAGCAGAGACTCTTCCAGCAGCAGCGTGACTCTGAGTGGACAGAATATGCAGACTGAGGACACAGCTGTGTATTATTGCGCCAGAGAGT,IGHV5-5*01,ORF,All,28,27#-3#63#-6#78#-9#30#-3#6#-3#97,76,105,157,177,13
TCATATGAACTCACTCAGTCTGATTCTCTGACTGTCCGTCCTGATGACTCTCTCACTATCAACTGCAAAGTCTCATATTCAGTCACAGACTACAGCACAGCCTGGATTCGTCAGCCTGCAGGAAAAGCTCTGGAGTGGATTGGAGTGATCTACTATAATGGCAACTTAGACTACAAGGATTCTCTAAAAAGCAAGTTCAGCATCACCAGAGACACTTCCAGTAACACAATAACACTGCAAGGAAAGAATGTGAAAGCTGAAGACACAGCTGTGTATTATTGTGCCAGACGTA,IGHV5-7*01,F,All,29,27#-3#60#-15#72#-9#30#-3#6#-3#97,76,96,148,168,13
TGTGTTGAACTAATTCAGACAGATTCTATTGTCTTGAGGCCTGGTCAGGTTGTGACTCTGTCTTGTAAAATATCTGGATATTCAGTGACTGAGAGATACTGCACTCACTTCATACGACAGGCTGCAGGAAAAGCTCTGGAATGGGTTGGGGCAATATGTGGTAGTGGTAACACATATTACAGTGATAAACTGAAAAGTAGATTCACAGTTAGCAGAGACTCTTCAAGCAGCAGCGTGACTCTGAGTGGACAGAATATGCAGACTGAGGACACAGCTGTGTATTATTGCGCCAGAGAGT,IGHV5-8*01,ORF,All,30,27#-3#63#-9#75#-9#30#-3#6#-3#97,76,102,154,174,13
TGTCAGACATTTACTCAGTCTGAAGCTGTGGTTAAAAAACCAGGAGAGTCCCATTCACTTACATGTTCAATAGCAGGATTTACATTCAGTAGCCTTTATTTACACTGGATCAGACAGAGCCCTGGAAAAGCACTGGAGTGGATTGCATACATCAGCACACAAAGTTCTCCTATTTACTATTCTCAGTCAGTCCAGGGAAGGTTCACAGTGTCCAGAGATGATTCCAGCAGTCAGCTGTACCTGCAGATGAACAACCTCAAGACTGAAGACACTGCTGTCTATTACTGTGCTAAAGAGA,IGHV6-1*01,F,All,31,27#-3#60#-12#75#-6#33#-3#6#-3#97,76,99,151,174,13
TGTCAGACTTTCACTCAGTCTCAAGCTGAGTTGAAAAAAACAGGTGAATCTTTTCGTCTGGTATGTACCGCCTCTGGATTTACATTCAGCAGCTGCTATGCAGCTGTGGTGAGACAAGCTCCCGGTAAAGCACTGGAGTGGATTGCATACATCGGCACATACAGTTCTCCTATTTACTATTCTCAGTCAGTCCAGGGAAGGTTCACAGTGTCCAGAGATGATTCCAGCAGTCAGCTGTACCTGCAGATGAACAACCTCAAGACTGAAGACACCGCTGTCTATTACTGTGCCAGAGCGG,IGHV6-2*01,ORF,All,32,27#-3#60#-12#75#-6#33#-3#6#-3#97,76,99,151,174,13
TGTGTTGAGCTCACTCAACCTTCATCTATGGTTGTGAAACCTCAAGAATCATTTTCCATCTCCTGCAGGATTTCAGAATCAAGCTACTGCATTAACTGGATCCGTCAATCTGCTGGAAGACCGCTGGAATGGCTTGGATATCTCTGTAGTGGTGGTAGCACTAACATTAAAGATTCAGTGGAAAACAAGATCAGTTTCACCCAGGACACATCCAAAAACACAGTGTTTCTGCAGGGACGTAATTTTCAGACGGAAGACACAGCTGTGTATTACTGTGCCAGACAGA,IGHV7-1*01,F,All,33,27#-3#57#-21#69#-9#30#-3#6#-3#97,76,90,142,162,13
TCCATTGAGCTGAATCAGCCTGCTTTCAAGTTGGTAAAACCTGCGGAATCATTTTCTCTTGGCTGTAAGATCACTGGATATTCAGCATCAGGTGGCGGCTGTACCAACTGGATACGACACTCAGCTGGAAAAGCCTTGGAATGGATTGGCTGGTTCTGTAGATCTGGAGATACGGGAACCAGCAGCACAATGAAGAATAAGATCAGCTTCACAGCCGAAACATCCAGCAACACAGTTTTTTTACAAGGTCAAAACTTCCAGTCTGAGGACACAGCCGTGTATTATTGTGCACGCAAGA,IGHV8-1*01,F,All,34,27#-3#63#-9#75#-9#30#-3#6#-3#97,76,102,154,174,13
TGTATTGAACTGGACCAGCCTCCTTTCATGGTAGTAAAACCAGGAGAAACGTTCACCATCGCCTGTAAGATCACTGGATATTCAGCCTCAGATGGCAGCACCTGTACCAATTGGATCAGACATTCGGCTGGAAAACCGATGGAATGGATTGGATATTTCTGTAGTTCCAGTAGCAAGGGTGTCACAGATTCACTGAAAAATAAAATCAGTCTCTCTTCTGAATCCTCGAACAATGCAGTTATTTTAACAGGAAGAAACTTCATCACTGAGGACACAGCTGTGTATTACTGTGCTCGCTATA,IGHV8-2*01,F,All,35,27#-3#63#-6#78#-9#30#-3#6#-3#97,76,105,157,177,13
TGTATTGAACTGGATCAGCATCCTGCCATGGAAGTAAAACCAGAAGAAACATTCACCATCGTCTGTAAAATCACTGGATATTCAGCCTCAGGTGGTGGCTATACAAACTGGATCAGACATTCAGCTGGAAAACCCATGGAATGGATCGGCTATTTTCATACTTCCAGTAACAACGGTGTCAAAGATTCACTGAAGAATAAAATCAGTTTCTCTTCTGAATCCTCCAGCAATGCAGTCATTTTAACAGGAAAAAACTTCAACACTGAGGACACAGCTGTGTATTACTGTGTTCGCAATA,IGHV8-3*01,F,All,36,27#-3#63#-9#75#-9#30#-3#6#-3#97,76,102,154,174,13
TGTATTGAACTGGATCAACCTCTAGTCACGGTAGTAAAGCCAGGTGAAACATTCACCATCCCCTGTAAGATCACTGGATATTCAGCCTCAGGTGGTGGCTATACAAACTGGATCAGACATTCAGCTGGAAAACCCATGGAATGGATTGGCTGGTTTCAATCTTCCAGTAGCAACGGTGTCAAAGATTCACTAAAGAATAAAATCAGTTTCTCTTCTGAATCCTCCAGCAATGCAGTTATTTTAACAGGAAAAAACTTCAACACTGAGGACACAGCTGTGTATTACTGTGCTCGCAATA,IGHV8-4*01,F,All,37,27#-3#63#-9#75#-9#30#-3#6#-3#97,76,102,154,174,13
ATTGTGCTCACACAGTCTGAACAGTCAGTAAGTGTGTCTCCGAGCGGATCTGTTAAGCTGACCTGTGCATGCAGTGGATTCACTCTTAGTAGCTACAGGATGCACTGGATCCGTCAGGCACCAGGAAAAGGACTGGAATGGATTTTGCACTTTTATTCAAATTCTGACAATGGTGCAGCTCAGTCAGTGCAGGGCAGATTCACAGCATCTAAAGACAGCTCTAATTTCTATCTGCACATGAATCAACTGAAGACTGAGGACACTGCAGTGTATTACTGTGCAAGAGAGA,IGHV9-1*01,F,All,38,27#-3#60#-12#72#-15#27#-3#6#-3#97,76,99,151,165,13
GTTGTGCTCACACAGTCTGAGCGGTCAGTAAATGTGGCTCCAGGTGGTTTCCACAAACTGAGCTGTGCCTGCAGTGGATTTACTCTTAGGAGCACTAACATGTACTGGATTCGTCAGGCACCTGGAAAAGGACTTGAATGGATTATTTATTATTATTCAGATTCTGATAAAAGCACAGCTCAGTCAGTGCAGGGCAGATTCACGGCATCTAAAGACAGCTCCAATTTATATCTGCACATGAATCAACTTAAGACTGAAGACAGTGCTGTGTATTACTGCGCAACACAGA,IGHV9-2*01,F,All,39,27#-3#60#-12#72#-15#27#-3#6#-3#97,76,99,151,165,13
ATTGTGCTCACACAGTCTGATCAGTCAGTAAGTGTGTCTCCGAGGGGATCTGTTAAGCTGACCTGTGCATGCAGTGGATTCACTCTCAGTAGCTTCAGGATGTTCTGGATCCATCAGACACCAGGAAAAGGACTGGAATTGATTTTGAACTATTTATCAGATTCTGACAAAAGTTCAGCTCAGTCAGTGCAGGGCAGATTTACTGCATCTAAAGACAGCTCTAATTTTTATCTCCACATGAATCAACTGAAGACTGAGGACACTGGGGTGTATTACTGTGCAACATACACCAG,IGHV9-3*01,F,All,40,27#-3#60#-12#72#-15#27#-3#6#-3#101,76,99,151,165,17
GTTGTGCTCACACAGTCTGAACAGTCAGTAAATGTGGCTCCAGGTGGTTTCTACAAGCTGAGCTGTGCCTGCAGTGGATTTAGTGTTAGTGGCACGGCCATGCACTGGATCCGTCAGGCACCTGGAAAAGGACTCGAATGGATTATTTATTATTATTCAGATTCTTATAAGAGCTCAGCTGAGTCAGTGCAGGGCAGATTCACAGCATCTAAAGACAGCTCCAATTTCTATCTGCACATGAATCAACTGAAGACTGAAGACACTGCTGTGTATTACTGCGCAACACAGA,IGHV9-4*01,F,All,41,27#-3#60#-12#72#-15#27#-3#6#-3#97,76,99,151,165,13
CCTGGGATGG,IGHD1-1*01,F,All,1,,0,0,0,0,0
CCATCCCAGG,rIGHD1-1*01,F,All,2,,0,0,0,0,0
ACTATACGGGGTGGGG,IGHD1-2*01,F,All,3,,0,0,0,0,0
CCCCACCCCGTATAGT,rIGHD1-2*01,F,All,4,,0,0,0,0,0
ATAACAACTAC,IGHD2-1*01,F,All,5,,0,0,0,0,0
GTAGTTGTTAT,rIGHD2-1*01,F,All,6,,0,0,0,0,0
CAGTATAACAGC,IGHD2-2*01,F,All,7,,0,0,0,0,0
GCTGTTATACTG,rIGHD2-2*01,F,All,8,,0,0,0,0,0
CATGGAGTGGC,IGHD2-3*01,F,All,9,,0,0,0,0,0
GCCACTCCATG,rIGHD2-3*01,F,All,10,,0,0,0,0,0
TATAGCGGGGG,IGHD2-4*01,F,All,11,,0,0,0,0,0
CCCCCGCTATA,rIGHD2-4*01,F,All,12,,0,0,0,0,0
ATAACTACTACGAC,IGHD2-5*01,F,All,13,,0,0,0,0,0
GTCGTAGTAGTTAT,rIGHD2-5*01,F,All,14,,0,0,0,0,0
CTGCTTTTGACTACTGGGGTAAAGGCACACAAGTGACCGTTGCAG,IGHJ1-1*01,F,All,1,,0,0,0,0,15
AGCTACTTCGACTACTGGGGTAGAGGGACGCAGGTGACCGTGACAA,IGHJ1-2*01,F,All,2,,0,0,0,0,16
ACTACTACTTTGACTACTGGGGGAAAGGAACCAAAGTGACAGTTTCCTCAG,IGHJ2-1*01,F,All,3,,0,0,0,0,18
ACGGTGCCTTTGACTACTGGGGAAAGGGAACAATGGTCACTGTCACATCAG,IGHJ2-2*01,F,All,4,,0,0,0,0,18
ACAATGCTGCCTTTGACTACTGGGGAAAAGGCACGATGGTCACAGTGACATCAG,IGHJ2-3*01,F,All,5,,0,0,0,0,21
ACAATGCTTTTGACTACTGGGGGAAAGGAACTATGGTCACCGTCTCGTCAG,IGHJ2-4*01,F,All,6,,0,0,0,0,18
TAACTGGGCGTTCGACTACTGGGGAAGCGGCACCAAAGTCTCCGTAACAAACA,IGHJ2-5*01,F,All,7,,0,0,0,0,20
