IMGT subgroup;IMGT gene name;IMGT full name;Fct;Chromosomal localization;R (rearranged);T (Transcribed);Pr (Translated);Positions in the locus;Strain;Clone names;Accession numbers;REF;Positions in the sequence;Secondary accession numbers;Strain;Clone names;Accession numbers;REF;Positions in the sequence
IGHV1;IGHV1-1;IGHV1-1*01;P;12 (58.0 cM);;;;;C57BL/6;;AC073590;[63];complement(117644-117934);;C57BL/6;PG.16;BN000872;[28];1719103-1719406
;;IGHV1-1*02;P;12 (58.0 cM);;;;;129/Sv;;AJ972404;[51];complement(52735-53025);;;;;;
;IGHV1-2;IGHV1-2*01;P;12 (58.0 cM);;;;;C57BL/6;;AC073561;[63];64587-64883;;C57BL/6;J558.1;BN000872;[28];1601703-1602034
;IGHV1-3;IGHV1-3*01;P;12 (58.0 cM);;;;;C57BL/6;;AC073561;[63];77127-77428;;C57BL/6;PG.17;BN000872;[28];1589192-1589438
;IGHV1-4;IGHV1-4*01;F;12 (58.0 cM);;;;;C57BL/6;;AC073561;[63];82648-82941;;C57BL/6;J558.2;BN000872;[28];1583669-1583973
;;IGHV1-4*02;F;12 (58.0 cM);+;+;;;BALB/c;IGHV1S27, H13-3;X02459;[55];;;;;;;
;IGHV1-5;IGHV1-5*01;F;12 (58.0 cM);;;;;C57BL/6;;AC090843;[63];complement(15954-16247);;;;AC073561;[63];108842-109135
;;IGHV1-5*01;;;;;;;;;;;;;C57BL/6;J558.3;BN000872;[28];1557475-1557779
;IGHV1-6;IGHV1-6*01;P;12 (58.0 cM);;;;;C57BL/6;;AC090843;[63];complement(35597-35889);;;;AC073561;[63];128484-128776
;;IGHV1-6*01;;;;;;;;;;;;;C57BL/6;PG.18;BN000872;[28];1537848-1538132
;IGHV1-7;IGHV1-7*01;F;12 (58.0 cM);;;;;C57BL/6;;AC090843;[63];complement(41120-41413);;;;AC073561;[63];134007-134300
;;IGHV1-7*01;;;;;;;;;;;;;C57BL/6;J558.4;BN000872;[28];1532309-1532613
;IGHV1-8;IGHV1-8*01;P;12 (58.0 cM);;;;;C57BL/6;;AC090843;[63];complement(58234-58527);;;;AC073561;[63];151122-151414
;;IGHV1-8*01;;;;;;;;;;;;;C57BL/6;J558.5pg;BN000872;[28];1515195-1515499
;IGHV1-9;IGHV1-9*01;F;12 (58.0 cM);;;;;C57BL/6;;AC090843;[63];complement(86194-86487);;;;AC073561;[63];179081-179374
;;IGHV1-9*01;;;;;;;;;;;;;C57BL/6;J558.6;BN000872;[28];1487235-1487539
;IGHV1-10;IGHV1-10*01;P;12 (58.0 cM);;;;;C57BL/6;;AC090843;[63];complement(100504-100811);;C57BL/6;J558.7pg;BN000872;[28];1472911-1473228
;IGHV1-11;IGHV1-11*01;F;12 (58.0 cM);;;;;C57BL/6;;AC090843;[63];complement(114868-115161);;C57BL/6;J558.8;BN000872;[28];1458561-1458865
;IGHV1-12;IGHV1-12*01;F;12 (58.0 cM);;;;;C57BL/6;;AC090843;[63];complement(118475-118768);;C57BL/6;J558.9;BN000872;[28];1454954-1455258
;IGHV1-13;IGHV1-13*01;P;12 (58.0 cM);;;;;C57BL/6;;AC090843;[63];complement(133305-133598);;C57BL/6;J558.10pg;BN000872;[28];1440138-1440428
;IGHV1-14;IGHV1-14*01;P;12 (58.0 cM);;;;;C57BL/6;;AC090843;[63];complement(149197-149490);;C57BL/6;J558.11pg;BN000872;[28];1424232-1424536
;IGHV1-15;IGHV1-15*01;F;12 (58.0 cM);;;;;C57BL/6;;AC090843;[63];complement(159978-160271);;C57BL/6;J558.12;BN000872;[28];1413451-1413755
;IGHV1-16;IGHV1-16*01;ORF;12 (58.0 cM);;;;;C57BL/6;;AC090843;[63];complement(168497-168790);;C57BL/6;J558.13;BN000872;[28];1404932-1405236
;IGHV1-17;IGHV1-17*01;P;12 (58.0 cM);;;;;C57BL/6;;AC090843;[63];complement(179374-179666);;C57BL/6;J558.15pg;BN000872;[28];1394056-1394359
;IGHV1-17-1;IGHV1-17-1*01;P;12 (58.0 cM);;;;;C57BL/6;;AC090843;[63];complement(174593-174886);;C57BL/6;J558.14pg;BN000872;[28];1398836-1399140
;IGHV1-18;IGHV1-18*01;F;12 (58.0 cM);;;;;C57BL/6;;AC090843;[63];complement(185257-185550);;C57BL/6;J558.16;BN000872;[28];1388172-1388476
;;IGHV1-18*01;;;;;;;;;;;;;;IGHV1S99, C57C18;L33933;[8];
;;IGHV1-18*01;;;;;;;;;;;;;;C57G14;L33935;[8];
;;IGHV1-18*01;;;;;;;;;;;;;;C57G3;L33938;[8];
;;IGHV1-18*01;;;;;;;;;;;;;;C57C9;L33949;[8];
;;IGHV1-18*02;[F];12 (58.0 cM);;;;;BALB/c;IGHV1S116, BALB67;L33958;[8];;;;;;;
;;IGHV1-18*03;[F];12 (58.0 cM);;;;;BALB/c;IGHV1S119, BALB9;L33961;[8];;;;;;;
;IGHV1-19;IGHV1-19*01;F;12 (58.0 cM);;;;;C57BL/6;;AC073565;[63];177510-177803;;C57BL/6;J558.18;BN000872;[28];1362128-1362432
;IGHV1-19-1;IGHV1-19-1*01;P;12 (58.0 cM);;;;;C57BL/6;J558.17pg;BN000872;[28];1366629-1366933;;;;;;
;IGHV1-20;IGHV1-20*01;F;12 (58.0 cM);;;;;C57BL/6;;AC073565;[63];162386-162679;;C57BL/6;J558.19;BN000872;[28];1330368-1330672
;;IGHV1-20*02;F;12 (58.0 cM);;;;;BALB/c;IGHV1S38, H130;M17950;[66];;;BALB/c;H18, IGHV1S38;X02468;[55];
;IGHV1-21;IGHV1-21*01;P;12 (58.0 cM);;;;;C57BL/6;;AC073565;[63];145750-146043;;C57BL/6;J558.21pg;BN000872;[28];1330368-1330672
;;IGHV1-21*01;;;;;;;;;;;;;;IGHV1S104, C57C44;L33943;[8];
;IGHV1-21-1;IGHV1-21-1*01;P;12 (58.0 cM);;;;;C57BL/6;;AC073565;[63];149913-150206;;C57BL/6;J558.20pg;BN000872;[28];1334531-1334835
;IGHV1-22;IGHV1-22*01;F;12 (58.0 cM);;;;;C57BL/6;;AC073565;[63];139885-140178;;C57BL/6;J558.22;BN000872;[28];1324503-1324807
;IGHV1-23;IGHV1-23*01;ORF;12 (58.0 cM);;;;;C57BL/6;;AC073565;[63];121708-122001;;C57BL/6;J558.23;BN000872;[28];1306326-1306630
;IGHV1-24;IGHV1-24*01;ORF;12 (58.0 cM);;;;;C57BL/6;;AC073565;[63];113230-113523;;C57BL/6;J558.24pg;BN000872;[28];1297848-1298152
;IGHV1-25;IGHV1-25*01;P;12 (58.0 cM);;;;;C57BL/6;;AC073565;[63];104749-105042;;C57BL/6;J558.25pg;BN000872;[28];1289367-1289671
;IGHV1-26;IGHV1-26*01;F;12 (58.0 cM);;;;;C57BL/6;;AC073565;[63];97786-98079;;C57BL/6;J558.26;BN000872;[28];1282404-1282708
;IGHV1-27;IGHV1-27*01;P;12 (58.0 cM);;;;;C57BL/6;;AC073565;[63];81542-81835;;C57BL/6;J558.27pg;BN000872;[28];1266160-1266464
;IGHV1-28;IGHV1-28*01;P;12 (58.0 cM);;;;;C57BL/6;;AC073565;[63];76737-77030;;C57BL/6;J558.28pg;BN000872;[28];1261355-1261659
;IGHV1-29;IGHV1-29*01;P;12 (58.0 cM);;;;;C57BL/6;;AC073565;[63];73846-74130;;C57BL/6;J558.29pg;BN000872;[28];1258464-1258759
;IGHV1-30;IGHV1-30*01;P;12 (58.0 cM);;;;;C57BL/6;;AC073565;[63];69061-69352;;C57BL/6;J558.30pg;BN000872;[28];1253679-1253980
;IGHV1-31;IGHV1-31*01;F;12 (58.0 cM);;;;;C57BL/6;;AC073565;[63];56894-57187;;C57BL/6;J558.31;BN000872;[28];12415126-1241816
;IGHV1-32;IGHV1-32*01;P;12 (58.0 cM);;;;;C57BL/6;;AC073565;[63];50935-51228;;C57BL/6;J558.32pg;BN000872;[28];1235553-1235857
;IGHV1-33;IGHV1-33*01;P;12 (58.0 cM);;;;;C57BL/6;;AC073565;[63];42508-42800;;C57BL/6;J558.33pg;BN000872;[28];1227126-1227429
;;IGHV1-33*02;[P];12 (58.0 cM);;;;;C57BL/6;IGHV1S105, C57C48;L33944;[8];;;;;;;
;IGHV1-34;IGHV1-34*01;F;12 (58.0 cM);;;;;C57BL/6;;AC073565;[63];34968-35261;;C57BL/6;J558.34;BN000872;[28];1219586-1219890
;;IGHV1-34*02;F;12 (58.0 cM);+;+;+;;MRL/lpr;IGHV1S59, GLvh50;L17134;[19];;;;;;;
;IGHV1-35;IGHV1-35*01;P;12 (58.0 cM);;;;;C57BL/6;;AC073565;[63];10854-11149;;;;AC079181;[63];192583-192878
;;IGHV1-35*01;;;;;;;;;;;;;C57BL/6;J558.35pg;BN000872;[28];1195470-1195774
;;IGHV1-35*02;P;12 (58.0 cM);;;;;BALB/c;IGHV1S42, pHC104;D13202;[59];;;;;;;
;;IGHV1-35*03;P;12 (58.0 cM);;;;;BALB/c;IGHV1S42, VAR34;M17696;[5];;;;;;;
;IGHV1-36;IGHV1-36*01;F;12 (58.0 cM);;;;;C57BL/6;;AC073565;[63];6270-6563;;;;AC079181;[63];187998-188291
;;IGHV1-36*01;;;;;;;;;;;;;C57BL/6;J558.36;BN000872;[28];1190885-1191189
;IGHV1-37;IGHV1-37*01;F;12 (58.0 cM);;;;;C57BL/6;;AC079181;[63];171648-171941;;C57BL/6;J558.37;BN000872;[28];1174535-1174839
;IGHV1-38;IGHV1-38*01;P;12 (58.0 cM);;;;;C57BL/6;;AC079181;[63];157876-158168;;C57BL/6;J558.38pg;BN000872;[28];1160763-1161066
;IGHV1-39;IGHV1-39*01;F;12 (58.0 cM);;;;;C57BL/6;;AC079181;[63];153287-153580;;C57BL/6;J558.39;BN000872;[28];1156174-1156478
;IGHV1-40;IGHV1-40*01;P;12 (58.0 cM);;;;;C57BL/6;;AC079181;[63];142946-143238;;C57BL/6;J558.40pg;BN000872;[28];1145833-1146136
;IGHV1-41;IGHV1-41*01;P;12 (58.0 cM);;;;;C57BL/6;;AC079181;[63];135515-135808;;C57BL/6;J558.41pg;BN000872;[28];1138424-1138706
;IGHV1-42;IGHV1-42*01;F;12 (58.0 cM);;;;;C57BL/6;;AC079181;[63];130773-131066;;C57BL/6;C57C16, IGHV1S102;L33940;[8];
;;IGHV1-42*01;;;;;;;;;;;;;;C57G26, IGHV1S102;L33937;[8];
;;IGHV1-42*01;;;;;;;;;;;;;;J558.42;BN000872;[28];1138424-1138706
;;IGHV1-42*02;[F];12 (58.0 cM);;;;;C57BL/6;IGHV1S106, C57G1;L33945;[8];;;;;;;
;;IGHV1-42*03;[P];12 (58.0 cM);;;;;C57BL/6;IGHV1S109, C57G30;L33948;[8];;;;;;;
;IGHV1-43;IGHV1-43*01;F;12 (58.0 cM);;;;;C57BL/6;;AC079181;[63];121936-122229;;C57BL/6;J558.43;BN000872;[28];1124823-1125127
;IGHV1-44;IGHV1-44*01;P;12 (58.0 cM);;;;;C57BL/6;;AC079181;[63];104505-104799;;C57BL/6;J558.44pg;BN000872;[28];1107392-1107697
;IGHV1-45;IGHV1-45*01;P;12 (58.0 cM);;;;;C57BL/6;;AC079181;[63];97830-98124;;C57BL/6;J558.45pg;BN000872;[28];1100717-1101022
;IGHV1-46;IGHV1-46*01;P;12 (58.0 cM);;;;;C57BL/6;;AC079181;[63];90193-90486;;C57BL/6;J558.46pg;BN000872;[28];1093080-1093384
;IGHV1-47;IGHV1-47*01;F;12 (58.0 cM);;;;;C57BL/6;;AC079181;[63];76778-77071;;C57BL/6;J558.47;BN000872;[28];1079665-1079969
;IGHV1-48;IGHV1-48*01;P;12 (58.0 cM);;;;;C57BL/6;;AC079181;[63];29659-29952;;;;AC074329;[63];5741-6034
;;IGHV1-48*01;;;;;;;;;;;;;C57BL/6;J558.48pg;BN000872;[28];1032546-1032850
;IGHV1-49;IGHV1-49*01;F;12 (58.0 cM);;;;;C57BL/6;;AC079181;[63];12663-12956;;;;AC074329;[63];22734-23027
;;IGHV1-49*01;;;;;;;;;;;;;C57BL/6;J558.49;BN000872;[28];1015550-1015854
;IGHV1-50;IGHV1-50*01;F;12 (58.0 cM);;;;;C57BL/6;;AC074329;[63];87257-87550;;C57BL/6;J558.50;BN000872;[28];951026-951330
;IGHV1-51;IGHV1-51*01;P;12 (58.0 cM);;;;;C57BL/6;;AC074329;[63];98884-99177;;C57BL/6;J558.51pg;BN000872;[28];939399-939709
;IGHV1-52;IGHV1-52*01;F;12 (58.0 cM);;;;;C57BL/6;;AC074329;[63];112996-113289;;C57BL/6;J558.52;BN000872;[28];925287-925591
;IGHV1-53;IGHV1-53*01;F;12 (58.0 cM);;;;;C57BL/6;;AC074329;[63];125912-126205;;C57BL/6;J558.53;BN000872;[28];915287-912675
;;IGHV1-53*01;;;;;;;;;;;;;;C3egc, IGHV1S4;L26852;[53];
;;IGHV1-53*01;;;;;;;;;;;;;;C35e, IGHV1S4;L26855;[53];
;;IGHV1-53*01;;;;;;;;;;;;;;C44e, IGHV1S4;L26859;[53];
;;IGHV1-53*01;;;;;;;;;;;;;;C45g, IGHV1S4;L26864;[53];
;;IGHV1-53*01;;;;;;;;;;;;;;V23, IGHV1S4;J00534;[7];
;;IGHV1-53*02;[F];12 (58.0 cM);;;;;C57BL/6;IGHV1S98, C46g;L27628;[53];;;;;;;
;;IGHV1-53*03;[F];12 (58.0 cM);;;;;C57BL/6;IGHV1S93, C22c;L26932;[53];;;;;;;
;;IGHV1-53*04;[F];12 (58.0 cM);;;;;C57BL/6;IGHV1S89, C15c;L26927;[53];;;;;;;
;IGHV1-54;IGHV1-54*01;F;12 (58.0 cM);;;;;C57BL/6;;AC074329;[63];161184-161477;;;;AC087166;[63];187865-188158
;;IGHV1-54*01;;;;;;;;;;;;;C57BL/6;J558.54;BN000872;[28];877110-877403
;;IGHV1-54*02;F;12 (58.0 cM);;;;;;IGHV1S23, MVAR2\10;X02064;[6];;;;;;;
;;IGHV1-54*03;[F];12 (58.0 cM);;;;;BALB/c;IGHV1S133, J558.i;AF304553;[23];;;;;;;
;IGHV1-55;IGHV1-55*01;F;12 (58.0 cM);;;;;C57BL/6;;AC074329;[63];175604-175897;;;;AC087166;[63];173445-173738
;;IGHV1-55*01;;;;;;;;;;;;;C57BL/6;J558.55;BN000872;[28];862679-862983
;;IGHV1-55*01;;;;;;;;;;;;;;IGHV1S69, C8g;L26865;[53];
;;IGHV1-55*01;;;;;;;;;;;;;;C16c;L26928;[53];
;;IGHV1-55*02;[F];12 (58.0 cM);;;;;BALB/c;IGHV1S79, B20c;L26877;[53];;;;;;;
;;IGHV1-55*03;[F];12 (58.0 cM);;;;;C57BL/6;IGHV1S97, C27c;L26952;[53];;;;;;;
;;IGHV1-55*04;[F];12 (58.0 cM);;;;;C57BL/6;IGHV1S91, C2c;L26930;[53];;;;;;;
;IGHV1-56;IGHV1-56*01;F;12 (58.0 cM);;;;;C57BL/6;;AC087166;[63];138735-139028;;;;;;
;;IGHV1-56*02;[F];12 (58.0 cM);;;;;BALB/c;IGHV1S131, J558.g;AF304551;[23];;;C57BL/6;J558.56;BN000872;[28];827972-828276
;IGHV1-57;IGHV1-57*01;P;12 (58.0 cM);;;;;C57BL/6;;AC087166;[63];113115-113406;;C57BL/6;J558.57pg;BN000872;[28];802352-802654
;IGHV1-58;IGHV1-58*01;F;12 (58.0 cM);;;;;C57BL/6;;AC087166;[63];69371-69664;;C57BL/6;J558.58;BN000872;[28];758608-758912
;;IGHV1-58*02;P;12 (58.0 cM);;;;;A/J;IGHV1S48, VH1.3;M34978;[49];;;;;;;
;IGHV1-59;IGHV1-59*01;F;12 (58.0 cM);;;;;C57BL/6;;AC087166;[63];46455-46748;;C57BL/6;J558.59;BN000872;[28];735692-735547
;IGHV1-60;IGHV1-60*01;P;12 (58.0 cM);;;;;C57BL/6;;AC087166;[63];37000-37299;;C57BL/6;J558.60pg;BN000872;[28];726237-726547
;IGHV1-61;IGHV1-61*01;F;12 (58.0 cM);;;;;C57BL/6;;AC087166;[63];22397-22690;;C57BL/6;V3, IGHV1S6;J00536;[7];
;;IGHV1-61*01;;;;;;;;;;;;;;J558.61;BN000872;[28];711634-711938
;IGHV1-62;IGHV1-62*01;P;12 (58.0 cM);;;;;C57BL/6;;AC087166;[63];9552-9844;;C57BL/6;J558.62pg;BN000872;[28];698789-699092
;IGHV1-62-1;IGHV1-62-1*01;F;12 (58.0 cM);;;;;C57BL/6;J558.63;BN000872;[28];684079-684383;;;;;;
;IGHV1-62-2;IGHV1-62-2*01;F;12 (58.0 cM);;;;;C57BL/6;J558.64;BN000872;[28];624350-624662;;;;;;
;IGHV1-62-3;IGHV1-62-3*01;ORF;12 (58.0 cM);;;;;C57BL/6;IGHV1S3, V145;J00533;[7];;;C57BL/6;C1egc;L26936;[53];
;;IGHV1-62-3*01;;;;;;;;;;;;;;J558.65;BN000872;[28];609768-610072
;;IGHV1-62-3*02;[F];12 (58.0 cM);;;;;C57BL/6;IGHV1S90, C19c;L26929;[53];;;;;;;
;IGHV1-63;IGHV1-63*01;F;12 (58.0 cM);;;;;C57BL/6;;AC073939;[63];165321-165614;;C57BL/6;J558.66;BN000872;[28];575141-575445
;;IGHV1-63*02;F;12 (58.0 cM);+;+;+;;MRL/lpr;IGHV1S60, GN1;D14633;[44];;;;;;;
;IGHV1-64;IGHV1-64*01;F;12 (58.0 cM);;;;;C57BL/6;;AC073939;[63];153417-153710;;C57BL/6;J558.67;BN000872;[28];563229-563533
;;IGHV1-64*01;;;;;;;;;;;;;;IGHV1S63, C44gc;L26863;[53];
;;IGHV1-64*02;[F];12 (58.0 cM);;;;;C57BL/6;IGHV1S63, C31e;L26853;[53];;;;;;;
;IGHV1-65;IGHV1-65*01;P;12 (58.0 cM);;;;;C57BL/6;;AC073939;[63];128908-129200;;C57BL/6;J558.68pg;BN000872;[28];538720-539022
;IGHV1-66;IGHV1-66*01;F;12 (58.0 cM);;;;;C57BL/6;;AC073939;[63];67852-68145;;C57BL/6;J558.69;BN000872;[28];477664-477968
;;IGHV1-66*01;;;;;;;;;;;;;;;AC163348;[79];179683-179976
;IGHV1-67;IGHV1-67*01;F;12 (58.0 cM);;;;;C57BL/6;;AC073939;[63];57022-57315;;C57BL/6;J558.70pg;BN000872;[28];466834-467138
;;IGHV1-67*01;;;;;;;;;;;;;;;AC163348;[79];168853-169146
;IGHV1-68;IGHV1-68*01;P;12 (58.0 cM);;;;;C57BL/6;;AC073939;[63];49632-49915;;C57BL/6;J558.71pg;BN000872;[28];459444-459737
;;IGHV1-68*01;;;;;;;;;;;;;;;AC163348;[79];161463-161744
;IGHV1-69;IGHV1-69*01;F;12 (58.0 cM);;;;;C57BL/6;;AC073939;[63];37801-38094;;C57BL/6;J558.72;BN000872;[28];447613-447917
;;IGHV1-69*01;;;;;;;;;;;;;;;AC163348;[79];149632-149925
;;IGHV1-69*02;F;12 (58.0 cM);+;+;;;BALB/c;IGHV1S13, VH124;X00160;[12];;;;;;;
;;IGHV1-69*03;[F];12 (58.0 cM);;;;;C57BL/6;IGHV1S64, C33eg;L26854;[53];;;C57BL/6J;CHS1.22;AF025444;[69];
;IGHV1-70;IGHV1-70*01;P;12 (58.0 cM);;;;;C57BL/6;;AC163348;[79];80908-81201;;C57BL/6;J558.73pg;BN000872;[28];378885-379189
;;IGHV1-70*01;;;;;;;;;;;;;;;AC160473;[80];complement(13293-13586)
;IGHV1-71;IGHV1-71*01;F;12 (58.0 cM);;;;;C57BL/6;;AC163348;[79];30584-30885;;C57BL/6;J558.74;BN000872;[28];328561-328873
;;IGHV1-71*01;;;;;;;;;;;;;;;AC160473;[80];complement(63609-63910)
;;IGHV1-71*02;F;12 (58.0 cM);;;;;;IGHV1S25, MVAR11;X02066;[6];;;;;;;
;IGHV1-72;IGHV1-72*01;F;12 (58.0 cM);;;;;C57BL/6;;AC163348;[79];14813-15106;;C57BL/6;V186-2, IGHV1S2;J00530;[7];
;;IGHV1-72*01;;;;;;;;;;;;;;V186-2;M60252;[64];
;;IGHV1-72*01;;;;;;;;;;;;;;J558.75;BN000872;[28];312790-313094
;;IGHV1-72*01;;;;;;;;;;;;;;;AC160473;[80];complement(79388-79681)
;;IGHV1-72*02;[F];12 (58.0 cM);;;;;C57BL/6;IGHV1S62, C22e;L26851;[53];;;;;;;
;;IGHV1-72*03;[F];12 (58.0 cM);;;;;BALB/c;IGHV1S71, B10c;L26868;[53];;;;;;;
;;IGHV1-72*04;F;12 (58.0 cM);+;+;;;C57BL/6;IGHV1S1, V186-1;J00532;[7];;;;;;;
;;IGHV1-72*05;[F];12 (58.0 cM);;;;;BALB/c;IGHV1S80, B21c;L26878;[53];;;;;;;
;IGHV1-73;IGHV1-73*01;P;12 (58.0 cM);;;;;C57BL/6;;AC160473;[80];complement(111997-112291);;C57BL/6;J558.76pg;BN000872;[28];281159-281464
;IGHV1-74;IGHV1-74*01;F;12 (58.0 cM);;;;;C57BL/6;;AC160473;[80];complement(124052-124345);;C57BL/6;J558.77;BN000872;[28];269103-269407
;;IGHV1-74*01;;;;;;;;;;;;;;IGHV1S94, C10gc;L26861;[53];
;;IGHV1-74*01;;;;;;;;;;;;;;C11g;L26862;[53];
;;IGHV1-74*01;;;;;;;;;;;;;;B23c;L26879;[53];
;;IGHV1-74*02;[F];12 (58.0 cM);;;;;C57BL/6;IGHV1S66, C38e;L26857;[53];;;;;;;
;;IGHV1-74*03;[F];12 (58.0 cM);;;;;C57BL/6;IGHV1S94, C23c;L26933;[53];;;;;;;
;;IGHV1-74*04;F;12 (58.0 cM);;;;;C57BL/6;IGHV1S7, V102;J00537;[7];;;;;;;
;IGHV1-75;IGHV1-75*01;F;12 (58.0 cM);;;;;C57BL/6;;AC160473;[80];complement(155354-155647);;C57BL/6;J558.78;BN000872;[28];237800-238104
;IGHV1-76;IGHV1-76*01;F;12 (58.0 cM);;;;;C57BL/6;;AC160473;[80];complement(169285-169578);;C57BL/6;J558.79;BN000872;[28];237800-238104
;;IGHV1-76*01;;;;;;;;;;;;;;;AC160990;[72];202780-203073
;IGHV1-77;IGHV1-77*01;F;12 (58.0 cM);;;;;C57BL/6;;AC160473;[80];complement(183271-183564);;C57BL/6;J558.80;BN000872;[28];209881-210185
;;IGHV1-77*01;;;;;;;;;;;;;;;AC160990;[72];188794-189087
;IGHV1-78;IGHV1-78*01;F;12 (58.0 cM);;;;;C57BL/6;;AC160473;[80];complement(190177-190470);;C57BL/6;J558.81;BN000872;[28];202975-203279
;;IGHV1-78*01;;;;;;;;;;;;;;;AC160990;[72];181888-182181
;IGHV1-79;IGHV1-79*01;P;12 (58.0 cM);;;;;C57BL/6;;AC160990;[72];162565-162858;;C57BL/6;J558.82pg;BN000872;[28];183652-183956
;IGHV1-80;IGHV1-80*01;F;12 (58.0 cM);;;;;C57BL/6;;AC160990;[72];138317-138610;;C57BL/6;J558.83;BN000872;[28];159649-159953
;IGHV1-81;IGHV1-81*01;F;12 (58.0 cM);;;;;C57BL/6;;AC160990;[72];130382-130675;;C57BL/6;J558.84;BN000872;[28];151712-152016
;IGHV1-82;IGHV1-82*01;F;12 (58.0 cM);;;;;C57BL/6;;AC160990;[72];98123-98416;;C57BL/6;J558.85;BN000872;[28];119462-119766
;IGHV1-83;IGHV1-83*01;P;12 (58.0 cM);;;;;C57BL/6;;AC160990;[72];86844-87137;;C57BL/6;J558.86;BN000872;[28];108191-108481
;IGHV1-84;IGHV1-84*01;F;12 (58.0 cM);;;;;C57BL/6;;AC160990;[72];69959-70252;;C57BL/6;J558.87;BN000872;[28];91292-91596
;;IGHV1-84*02;[F];12 (58.0 cM);;;;;BALB/c;IGHV1S125, F102;AF305910;[23];;;;;;;
;IGHV1-85;IGHV1-85*01;F;12 (58.0 cM);;;;;C57BL/6;;AC160990;[72];50633-50926;;;IGHV1S24, MVARG2;X02065;[6];
;;IGHV1-85*01;;;;;;;;;;;;;C57BL/6;J558.88;BN000872;[28];71966-72270
;IGHV1-86;IGHV1-86*01;P;12 (58.0 cM);;;;;C57BL/6;;AC160990;[72];41000-41295;;C57BL/6;J558.89pg;BN000872;[28];62333-62639
;IGHV1-87;IGHV1-87*01;F;12 (58.0 cM);;;;;;;NW_001033180;[83];;;;;;;
;IGHV1S5;IGHV1S5*01;F;12 (58.0 cM);;;;;C57BL/6;V6;J00535;[7];;;C57BL/6;C9gc;L26866;[53];
;IGHV1S9;IGHV1S9*01;P;12 (58.0 cM);;;;;BALB/c;V108B;J00511;[13];;;;;;;
;IGHV1S10;IGHV1S10*01;P;12 (58.0 cM);;;;;BALB/c;V104A;X06864;[5];;M31015;BALB/c;V104A;J00503;[22];
;;IGHV1S10*02;P;12 (58.0 cM);;;;;BALB/c;IGHV1S39, VAR104;M17574;[5];;;;;;;
;IGHV1S11;IGHV1S11*01;P;12 (58.0 cM);;;;;BALB/c;V111;J00513;[13];;;;;;;
;IGHV1S12;IGHV1S12*01;F;12 (58.0 cM);;;;;BALB/c;VH105;J00507;[13];;;;;;;
;IGHV1S14;IGHV1S14*01;F;12 (58.0 cM);;;;;BALB/c;VH104B;K00707;[12];;X00161;;;;;
;IGHV1S15;IGHV1S15*01;P;12 (58.0 cM);;;;;BALB/c;VH3;K00603;[37];;;;;;;
;IGHV1S16;IGHV1S16*01;P;12 (58.0 cM);;;;;BALB/c;VH33;K00604;[37];;;;;;;
;IGHV1S17;IGHV1S17*01;P;12 (58.0 cM);;;;;BALB/c;VH28;K00605;[37];;;;;;;
;IGHV1S18;IGHV1S18*01;P;12 (58.0 cM);;;;;BALB/c;VH5;K00606;[37];;;;;;;
;IGHV1S19;IGHV1S19*01;P;12 (58.0 cM);;;;;BALB/c;VH31;K00607;[37];;;;;;;
;IGHV1S20;IGHV1S20*01;F;12 (58.0 cM);+;+;+;;A/J;VH-Id-11;K02153;[60];;;;;;;
;;IGHV1S20*02;[F];12 (58.0 cM);+;+;+;;A/J;IGHV1S43, VhId(CR);X05746;[18];;;;;;;
;IGHV1S21;IGHV1S21*01;F;12 (58.0 cM);;;;;A/J;VH-Id-7;K02154;[60];;;A/J;VH-Id-14;K02155;[60];
;;IGHV1S21*02;[F];12 (58.0 cM);;;;;A/J;MH;X05745;[18];;;;;;;
;IGHV1S22;IGHV1S22*01;F;12 (58.0 cM);;;;;;MVAR 1;X02063;[6];;;BALB/c;J558.e;AF304549;[23];
;IGHV1S26;IGHV1S26*01;F;12 (58.0 cM);;;;;BALB/c;H30;X02458;[55];;;;;;;
;IGHV1S28;IGHV1S28*01;P;12 (58.0 cM);;;;;BALB/c;H24;X02460;[55];;;;;;;
;IGHV1S29;IGHV1S29*01;F;12 (58.0 cM);+;+;+;;BALB/c;H16;X02461;[55];;;;;;;
;;IGHV1S29*02;F;12 (58.0 cM);+;+;+;;BALB/c;IGHV1S8, V108A;J00488;[22];;;;;;;
;IGHV1S30;IGHV1S30*01;P;12 (58.0 cM);;+;;;BALB/c;H26-1;X02462;[55];;;;;;;
;;IGHV1S30*02;F;12 (58.0 cM);+;+;;;BALB/c;pHC103;D13201;[59];;;;;;;
;IGHV1S31;IGHV1S31*01;F;12 (58.0 cM);;;;;BALB/c;H8;X02463;[55];;;;;;;
;IGHV1S32;IGHV1S32*01;F;12 (58.0 cM);;;;;BALB/c;H9;X02464;[55];;;;;;;
;IGHV1S33;IGHV1S33*01;F;12 (58.0 cM);+;+;+;;BALB/c;H13-1;X02465;[55];;;;A1/A4;M13787;[75];
;IGHV1S34;IGHV1S34*01;F;12 (58.0 cM);+;+;;;BALB/c;H26-6;X02467;[55];;;;;;;
;IGHV1S35;IGHV1S35*01;F;12 (58.0 cM);;;;;BALB/c;pcDFL.1;M12376;[68];;;;;;;
;IGHV1S36;IGHV1S36*01;F;12 (58.0 cM);;;;;;B4;M13788;[75];;;;;;;
;;IGHV1S36*02;[F];12 (58.0 cM);;;;;BALB/c;IGHV1S129, J558.d;AF304548;[23];;;;;;;
;IGHV1S37;IGHV1S37*01;F;12 (58.0 cM);;;;;;A5;M13789;[75];;;;;;;
;IGHV1S40;IGHV1S40*01;F;12 (58.0 cM);;;;;BALB/c;VAR100;M17575;[5];;;;;;;
;IGHV1S41;IGHV1S41*01;F;12 (58.0 cM);+;;;;BALB/c;IGHV1S41, VAR32;X06868;[2];;;;;;;
;IGHV1S44;IGHV1S44*01;[F];12 (58.0 cM);;;;;I/St;IGHV1S44, L13;M19402;[31];;;;;;;
;IGHV1S45;IGHV1S45*01;F;12 (58.0 cM);+;;;;I/St;L15;M19403;[31];;;;;;;
;IGHV1S46;IGHV1S46*01;[F];12 (58.0 cM);;;;;I/St;L7.1;M20774;[31];;;;;;;
;IGHV1S47;IGHV1S47*01;ORF;12 (58.0 cM);;;;;A/J;VH15;M34977;[49];;;;;;;
;IGHV1S49;IGHV1S49*01;F;12 (58.0 cM);;;;;A/J;VH186;M34979;[49];;;;;;;
;IGHV1S50;IGHV1S50*01;F;12 (58.0 cM);;;;;A/J;VH83;M34980;[49];;;;;;;
;IGHV1S51;IGHV1S51*01;P;12 (58.0 cM);;;;;A/J;VH122B;M34981;[49];;;;;;;
;IGHV1S52;IGHV1S52*01;F;12 (58.0 cM);+;+;+;;A/J;VH1.8;M34982;[49];;;;;;;
;IGHV1S53;IGHV1S53*01;F;12 (58.0 cM);;;;;A/J;VH43X;M34983;[49];;;A/J;IGHV1S54, VH21;M34984;[49];
;;IGHV1S53*02;F;12 (58.0 cM);+;+;;;BALB/c;VHATAG-1;L14547;[52];;;BALB/c;H17;X02466;[55];
;;IGHV1S53*03;F;12 (58.0 cM);;;;;BALB/c;IGHV1S58, VHATAG-2;L14548;[52];;;BALB/c;J558.k;AF304555;[23];
;IGHV1S55;IGHV1S55*01;F;12 (58.0 cM);;;;;A/J;VH122T;M34985;[49];;;;;;;
;IGHV1S56;IGHV1S56*01;F;12 (58.0 cM);+;;;;A/J;VH43Y;M34987;[49];;;;;;;
;IGHV1S57;IGHV1S57*01;P;12 (58.0 cM);;;;;BALB/c;pHC102;D13200;[59];;;;;;;
;IGHV1S61;IGHV1S61*01;F;12 (58.0 cM);+;+;+;;MRL/lpr;GN2;D14634;[45];;;;;;;
;IGHV1S65;IGHV1S65*01;[F];12 (58.0 cM);;;;;C57BL/6;C36e;L26856;[53];;;;;;;
;;IGHV1S65*02;[P];12 (58.0 cM);;;;;BALB/c;IGHV1S76, B16c;L26873;[53];;;;;;;
;;IGHV1S65*03;[F];12 (58.0 cM);;;;;BALB/c;IGHV1S86, B7c;L26886;[53];;;;;;;
;IGHV1S67;IGHV1S67*01;[F];12 (58.0 cM);;;;;C57BL/6;C40c;L26858;[53];;;;;;;
;;IGHV1S67*02;[F];12 (58.0 cM);;;;;BALB/c;BHS2.18;AF025447;[69];;;;;;;
;IGHV1S68;IGHV1S68*01;[F];12 (58.0 cM);;;;;C57BL/6;C6e;L26860;[53];;;;;;;
;;IGHV1S68*02;[F];12 (58.0 cM);;;;;BALB/c;IGHV1S77, B16e;L26874;[53];;;BALB/c;B9c;L26887;[53];
;IGHV1S70;IGHV1S70*01;[F];12 (58.0 cM);;;;;BALB/c;B1c;L26867;[53];;;;;;;
;IGHV1S72;IGHV1S72*01;[F];12 (58.0 cM);;;;;BALB/c;B12c;L26869;[53];;;;;;;
;IGHV1S73;IGHV1S73*01;[F];12 (58.0 cM);;;;;BALB/c;B13c;L26870;[53];;;;;;;
;IGHV1S74;IGHV1S74*01;[P];12 (58.0 cM);;;;;BALB/c;B13e;L26871;[53];;;;;;;
;IGHV1S75;IGHV1S75*01;[F];12 (58.0 cM);;;;;BALB/c;B14e;L26872;[53];;;BALB/c;B2c;L26876;[53];
;;IGHV1S75*01;;;;;;;;;;;;;;B5e;L26884;[53];
;;IGHV1S75*02;[F];12 (58.0 cM);;;;;BALB/c;IGHV1S85, B6c;L26885;[53];;;;;;;
;IGHV1S78;IGHV1S78*01;[F];12 (58.0 cM);;;;;BALB/c;B18c;L26875;[53];;;;;;;
;IGHV1S81;IGHV1S81*01;[F];12 (58.0 cM);;;;;BALB/c;B25c;L26880;[53];;;;;;;
;;IGHV1S81*02;[F];12 (58.0 cM);;;;;BALB/c;IGHV1S128, J558.c;AF304547;[23];;;;;;;
;IGHV1S82;IGHV1S82*01;[F];12 (58.0 cM);;;;;BALB/c;B26c;L26881;[53];;;;;;;
;IGHV1S83;IGHV1S83*01;[F];12 (58.0 cM);;;;;BALB/c;B3e;L26882;[53];;;;;;;
;IGHV1S84;IGHV1S84*01;[P];12 (58.0 cM);;;;;BALB/c;B4c;L26883;[53];;;;;;;
;IGHV1S87;IGHV1S87*01;[F];12 (58.0 cM);;;;;C57BL/6;C11c;L26925;[53];;;;;;;
;IGHV1S88;IGHV1S88*01;[P];12 (58.0 cM);;;;;C57BL/6;C14c;L26926;[53];;;;;;;
;IGHV1S92;IGHV1S92*01;[F];12 (58.0 cM);;;;;C57BL/6;C20c;L26931;[53];;;;;;;
;IGHV1S95;IGHV1S95*01;[F];12 (58.0 cM);;;;;C57BL/6;C25c;L26934;[53];;;;;;;
;IGHV1S96;IGHV1S96*01;[F];12 (58.0 cM);;;;;C57BL/6;C26c;L26935;[53];;;;;;;
;IGHV1S100;IGHV1S100*01;[F];12 (58.0 cM);;;;;C57BL/6;C57C27;L33934;[8];;;C57BL/6;C57G6;L33939;[8];
;IGHV1S101;IGHV1S101*01;[P];12 (58.0 cM);;;;;C57BL/6;C57G15;L33936;[8];;;;;;;
;;IGHV1S101*02;[P];12 (58.0 cM);;;;;C57BL/6;C57G18;L33950;[8];;;;;;;
;IGHV1S103;IGHV1S103*01;[F];12 (58.0 cM);;;;;C57BL/6;C57C2;L33942;[8];;;;;;;
;IGHV1S107;IGHV1S107*01;[F];12 (58.0 cM);;;;;C57BL/6;C57G5;L33946;[8];;;;;;;
;IGHV1S108;IGHV1S108*01;[F];12 (58.0 cM);;;;;C57BL/6;C57G9;L33947;[8];;;;;;;
;IGHV1S110;IGHV1S110*01;[P];12 (58.0 cM);;;;;C57BL/6;C57G22;L33951;[8];;;;;;;
;IGHV1S111;IGHV1S111*01;[F];12 (58.0 cM);;;;;BALB/c;BALB11;L33952;[8];;;BALB/c;IGHV1S114;L33955;[8];
;IGHV1S112;IGHV1S112*01;[P];12 (58.0 cM);;;;;BALB/c;BALB13;L33953;[8];;;BALB/c;BALB58;L33956;[8];
;;IGHV1S112*02;[F];12 (58.0 cM);;;;;BALB/c;IGHV1S117, BALB71;L33959;[8];;;;;;;
;IGHV1S113;IGHV1S113*01;[F];12 (58.0 cM);;;;;BALB/c;BALB17;L33954;[8];;;;;;;
;;IGHV1S113*02;[F];12 (58.0 cM);;;;;BALB/c;IGHV1S115, BALB6;L33957;[8];;;;;;;
;IGHV1S118;IGHV1S118*01;[F];12 (58.0 cM);;;;;BALB/c;BALB8;L33960;[8];;;;;;;
;IGHV1S120;IGHV1S120*01;[F];12 (58.0 cM);;;;;BALB/c;BHS2.2;AF025443;[69];;;;;;;
;;IGHV1S120*02;[F];12 (58.0 cM);;;;;BALB/c;IGHV1S123, BHS2.23;AF025448;[69];;;;;;;
;IGHV1S121;IGHV1S121*01;[F];12 (58.0 cM);;;;;BALB/c;BHS2.19;AF025445;[69];;;;;;;
;IGHV1S122;IGHV1S122*01;[F];12 (58.0 cM);;;;;BALB/c;BHS2.9;AF025446;[69];;;;;;;
;IGHV1S124;IGHV1S124*01;[P];12 (58.0 cM);;;;;BALB/c;BHS2.7;AF025449;[69];;;;;;;
;IGHV1S126;IGHV1S126*01;[F];12 (58.0 cM);;;;;BALB/c;J558.a;AF304545;[23];;;;;;;
;IGHV1S127;IGHV1S127*01;[F];12 (58.0 cM);;;;;BALB/c;J558.b;AF304546;[23];;;;;;;
;IGHV1S130;IGHV1S130*01;[F];12 (58.0 cM);;;;;BALB/c;J558.f;AF304550;[23];;;BALB/c;BHS2.14;AF049607;[42];
;IGHV1S132;IGHV1S132*01;[F];12 (58.0 cM);;;;;BALB/c;J558.h;AF304552;[23];;;;;;;
;IGHV1S134;IGHV1S134*01;[F];12 (58.0 cM);;;;;BALB/c;J558.j;AF304554;[23];;;;;;;
;IGHV1S135;IGHV1S135*01;[F];12 (58.0 cM);;;;;BALB/c;J558.1;AF304556;[23];;;;;;;
;IGHV1S136;IGHV1S136*01;[F];12 (58.0 cM);;;;;BALB/c;J558.m;AF304557;[23];;;;;;;
;IGHV1S137;IGHV1S137*01;[F];12 (58.0 cM);;;;;BALB/c;IGHV1S137, J558.n;AF304558;[23];;;;;;;
IGHV2;IGHV2-1;IGHV2-1*01;P;12 (58.0 cM);;;;;C57BL/6;;AC090887;[63];complement(32201-32494);;C57BL/6;Q52.1pg;BN000872;[28];2496705-2497015
;;IGHV2-1*02;P;12 (58.0 cM);;;;;129/Sv;;AJ851868;[51];1047776-1048071;;;;;;
;IGHV2-2;IGHV2-2*01;F;12 (58.0 cM);;;;;C57BL/6;;AC090887;[63];complement(46221-46513);;C57BL/6;Q52.2;BN000872;[28];2482686-2482987
;;IGHV2-2*02;F;12 (58.0 cM);;;;;129/Sv;musIGHV183;AJ851868;[51];1033754-1034046;;BALB/c;OX2, IGHV2S5;X01436;[21];
;;IGHV2-2*02;;;;;;;;;;;;;;;M21165;[36];
;;IGHV2-2*02;;;;;;;;;;;;;;;M21166;[36];
;;IGHV2-2*03;F;12 (58.0 cM);+;+;;;BALB/c;IGHV2S2, VH101;J00502;[29];;;BALB/c;VH101;M36690;[26];
;IGHV2-2-1;IGHV2-2-1*01;P;12 (58.0 cM);;;;;129/Sv;musIGHV144;AJ851868;[51];821838-822130;;;;;;
;IGHV2-2-2;IGHV2-2-2*01;F;12 (58.0 cM);;;;;129/Sv;musIGHV173;AJ851868;[51];565106-565398;;;;;;
;IGHV2-3;IGHV2-3*01;F;12 (58.0 cM);;;;;C57BL/6;;AC090887;[63];complement(69138-69430);;C57BL/6;Q52.3;BN000872;[28];2459769-2460072
;;IGHV2-3*01;;;;;;;;;;;;;129/Sv;musIGHV190;AJ851868;[51];1010793-1011085
;IGHV2-3-1;IGHV2-3-1*01;F;12 (58.0 cM);;;;;129/Sv;musIGHV136;AJ851868;[51];764425-764717;;;;;;
;IGHV2-4;IGHV2-4*01;F;12 (58.0 cM);;;;;C57BL/6;;AC090887;[63];complement(111245-111537);;C57BL/6;Q52.5;BN000872;[28];2417662-2417965
;;IGHV2-4*02;F;12 (58.0 cM);;;;;129/Sv;musIGHV179;AJ851868;[51];968711-969003;;;;;;
;IGHV2-4-1;IGHV2-4-1*01;F;12 (58.0 cM);;;;;129/Sv;musIGHV124;AJ851868;[51];787959-788251;;;;;;
;IGHV2-5;IGHV2-5*01;F;12 (58.0 cM);;;;;C57BL/6;;AC090887;[63];complement(143436-143728);;C57BL/6;Q52.7;BN000872;[28];2385471-2387174
;;IGHV2-5*01;;;;;;;;;;;;;;;AC160985;[78];22667-22959
;;IGHV2-5*01;;;;;;;;;;;;;129/Sv;musIGHV201;AJ851868;[51];916311-916603
;IGHV2-5-1;IGHV2-5-1*01;F;12 (58.0 cM);;;;;129/Sv;musIGHV159;AJ851868;[51];715517-715809;;;;;;
;IGHV2-6;IGHV2-6*01;F;12 (58.0 cM);;;;;C57BL/6;;CAAA01078923;[63];5653-5945;;;;;;
;;IGHV2-6*02;F;12 (58.0 cM);;;;;129/Sv;musIGHV132;AJ851868;[51];885012-885304;;;;;;
;;IGHV2-6*03;F;12 (58.0 cM);;;;;C57BL/6;Q52.8;BN000872;[28];2354179-2354482;;C57BL/6;;AC160985;[78];53959-54251
;IGHV2-6-1;IGHV2-6-1*01;F;12 (58.0 cM);;;;;129/Sv;musIGHV146;AJ851868;[51];854274-854566;;;;;;
;IGHV2-6-2;IGHV2-6-2*01;F;12 (58.0 cM);;;;;129/Sv;musIGHV162;AJ851868;[51];747982-748274;;;;;;
;IGHV2-6-3;IGHV2-6-3*01;F;12 (58.0 cM);;;;;129/Sv;musIGHV164;AJ851868;[51];672560-672849;;;;;;
;IGHV2-6-4;IGHV2-6-4*01;F;12 (58.0 cM);;;;;129/Sv;musIGHV175;AJ851868;[51];586956-587248;;;;;;
;IGHV2-6-5;IGHV2-6-5*01;F;12 (58.0 cM);;;;;129/Sv;musIGHV174;AJ851868;[51];552419-552712;;;;;;
;IGHV2-6-6;IGHV2-6-6*01;F;12 (58.0 cM);;;;;129/Sv;musIGHV133;AJ851868;[51];535840-536132;;;;;;
;IGHV2-6-7;IGHV2-6-7*01;F;12 (58.0 cM);;;;;129/Sv;musIGHV134;AJ851868;[51];494373-494676;;;;;;
;;IGHV2-6-7*02;F;12 (58.0 cM);+;+;;;;IGHV2S1, PJ14;V00767;[54];;;;;;;
;IGHV2-6-8;IGHV2-6-8*01;F;12 (58.0 cM);;;;;C57BL/6;Q52.10;BN000872;[28];2274708-2275011;;C57BL/6;;AC160985;[78];133427-133719
;IGHV2-7;IGHV2-7*01;F;12 (58.0 cM);;;;;C57BL/6;;CAAA01073483;[63];19354-19646;;C57BL/6;Q52.11;BN000872;[28];2263532-2263834
;;IGHV2-7*01;;;;;;;;;;;;;;;AC160985;[78];144603-144895
;;IGHV2-7*02;P;12 (58.0 cM);;;;;129/Sv;;AJ851868;[51];475083-475217 (part5');;;;;;
;;IGHV2-7*02;;;;;;;;;;;482458-482621 (part3');;;;;;
;IGHV2-8;IGHV2-8*01;P;12 (58.0 cM);;;;;C57BL/6;;AC079273;[63];64032-64330;;C57BL/6;Q52.12pg;BN000872;[28];2193498-2193794
;;IGHV2-8*02;P;12 (58.0 cM);;;;;129/Sv;;AJ851868;[51];407243-407533;;;;;;
;IGHV2-9;IGHV2-9*01;F;12 (58.0 cM);;;;;C57BL/6;;AC079273;[63];65768-66059;;C57BL/6;Q52.13;BN000872;[28];2191750-2192053
;;IGHV2-9*02;F;12 (58.0 cM);+;+;;;129/Sv;musIGHV137;AJ851868;[51];405504-405796;;BALB/c;VOx-1, IGHV2S4;U53526;[73];
;IGHV2-9-1;IGHV2-9-1*01;F;12 (58.0 cM);;;;;C57BL/6;;AC160985;[78];107139-107431;;C57BL/6;Q52.9;BN000872;[28];2300995-2301298
;IGHV2-9-2;IGHV2-9-2*01;F;12 (58.0 cM);;;;;129/Sv;musIGHV171;AJ851868;[51];770242-770534;;;;;;
;IGHV2S3;IGHV2S3*01;F;12 (58.0 cM);;;;;NFS;Q5SH.100;M27021;[32];;;;;;;
IGHV3;IGHV3-1;IGHV3-1*01;F;12 (58.0 cM);;;;;C57BL/6;;AC073563;[63];193242-193537;;C57BL/6;36-60.1;BN000872;[28];2106458-2106764
;;IGHV3-1*01;;;;;;;;;;;;;;;AC079273;[63];151061-151354
;;IGHV3-1*02;F;12 (58.0 cM);;;;;129/Sv;musIGHV138;AJ851868;[51];314932-315225;;;;;;
;IGHV3-2;IGHV3-2*01;P;12 (58.0 cM);;;;;C57BL/6;;AC073563;[63];123788-124082;;C57BL/6;36-60.2;BN000872;[28];2037004-2037309
;;IGHV3-2*02;F;12 (58.0 cM);;;;;129/Sv;musIGHV126;AJ851868;[51];252920-253213;;BALB/c;IGHV3S2, SB32;M12435;[15];
;IGHV3-3;IGHV3-3*01;F;12 (58.0 cM);;;;;C57BL/6;;AC073589;[63];92449-92744;;C57BL/6;36-60.3;BN000872;[28];1874367-1874673
;;IGHV3-3*02;P;12 (58.0 cM);;;;;129/Sv;musIGHV143;AJ851868;[51];12959-13254;;129/Sv;;AJ972403;[51];23577-23872
;;IGHV3-3*03;F;12 (58.0 cM);;;;;BALB/c;IGHV3S4;D13203;[59];;;;;;;
;IGHV3-4;IGHV3-4*01;F;12 (58.0 cM);;;;;C57BL/6;;AC073590;[63];complement(19554-19852);;C57BL/6;36-60.4;BN000872;[28];1817186-1817495
;;IGHV3-4*01;;;;;;;;;;;19554-19852;;;;AC073589;[63];35268-35566
;;IGHV3-4*02;F;12 (58.0 cM);;;;;129/Sv;;AJ972403;[51];63447-63745;;;;;;
;IGHV3-5;IGHV3-5*01;F;12 (58.0 cM);;;;;C57BL/6;;AC073590;[63];complement(28589-28887);;C57BL/6;36-60.5;BN000872;[28];1808151-1808460
;;IGHV3-5*01;;;;;;;;;;;28589-28887;;;;AC073589;[63];26233-26531
;;IGHV3-5*02;F;12 (58.0 cM);+;+;+;;129/Sv;;AJ972403;[51];72462-72760;;BALB/b;VH3A1, IGHV3S3;M61217;[48];
;IGHV3-6;IGHV3-6*01;F;12 (58.0 cM);;;;;C57BL/6;;AC073590;[63];complement(54090-54385);;C57BL/6;36-60.6;BN000872;[28];1782652-1782958
;;IGHV3-6*01;;;;;;;;;;;54090-54385;;;;AC073589;[63];736-1031
;;IGHV3-6*02;F;12 (58.0 cM);;;;;129/Sv;;AJ972403;[51];91066-94361;;;;AJ972404;[51];complement(360-655)
;;IGHV3-6*03;(F);12 (58.0 cM);+;+;;;BALB/c;IGHV3S6, 37.1.1;AJ223544;[1];;;;;;;
;IGHV3-7;IGHV3-7*01;P;12 (58.0 cM);;;;;C57BL/6;;AC073590;[63];complement(80123-80418);;C57BL/6;36-60.7pg;BN000872;[28];1756619-1756925
;;IGHV3-7*02;P;12 (58.0 cM);;;;;129/Sv;;AJ972403;[51];120098-120393;;129/Sv;;AJ972404;[51];complement(26392-26687)
;IGHV3-8;IGHV3-8*01;F;12 (58.0 cM);;;;;C57BL/6;;AC073590;[63];complement(88313-88605);;C57BL/6;36-60.8;BN000872;[28];1748432-1748735
;;IGHV3-8*01;;;;;;;;;;;88315-88605;;C57BL;IGHV3S5, VH36-60;AF171065;[40];
;;IGHV3-8*02;F;12 (58.0 cM);;;;;129/Sv;;AJ972403;[51];127596-127899;;129/Sv;;AJ972404;[51];complement(33890-34182)
;IGHV3S1;IGHV3S1*01;F;12 (58.0 cM);+;+;+;;A/J;IGHV3S1, SA-5.1;K01569;[41];;;A/J;SA-5.1;K02791;[20];
;;IGHV3S1*02;F;12 (58.0 cM);+;+;+;;BALB/c;IGHV3S1, 1210.7 (cloneSB-2.1);K02790;[20];;;;;;;
;IGHV3S7;IGHV3S7*01;(F);12 (58.0 cM);+;+;;;C57BL/6;IGHV3S7, 42.7C11.2;AJ223545;[1];;;;;;;
IGHV4;IGHV4-1;IGHV4-1*01;F;12 (58.0 cM);;;;;C57BL/6;;AC079273;[63];134955-135248;;C57BL/6;X24.1pg;BN000872;[28];2122561-2122865
;;IGHV4-1*02;F;12 (58.0 cM);;;;;129/Sv;musIGHV142;AJ851868;[51];334879-335174;;BALB/c;VH441, IGHV4S1;V00774;[43];
;IGHV4-2;IGHV4-2*01;P;12 (58.0 cM);;;;;C57BL/6;;AC073563;[63];144446-144741;;C57BL/6;X24.2;BN000872;[28];2057662-2057966
;;IGHV4-2*02;F;12 (58.0 cM);+;+;+;;129/Sv;musIGHV149;AJ851868;[51];272931-273226;;BALB/c;IGHV4S2, VH55;X01437;[25];
IGHV5;IGHV5-1;IGHV5-1*01;P;12 (58.0 cM);;;;;C57BL/6;;AC090887;[63];complement(30881-31176);;C57BL/6;7183.1pg;BN000872;[28];2498023-2498327
;;IGHV5-1*02;P;12 (58.0 cM);;;;;129/Sv;musIGHV182;AJ851868;[51];1049088-1049383;;129/Sv;VHE4-psi (7183.8), IGHV5S7;AF290964;[71];
;;IGHV5-1*02;;;;;;;;;;;;;BALB/c;IGHV5S7;K02889;[76];
;IGHV5-2;IGHV5-2*01;F;12 (58.0 cM);;;;;C57BL/6;;AC090887;[63];complement(36458-36753);;C57BL/6;7183.2;BN000872;[28];2492446-2492750
;;IGHV5-2*01;;;;;;;;;;;;;129/Sv;musIGHV185;AJ851868;[51];1043516-1043811
;;IGHV5-2*02;F;12 (58.0 cM);;;;;BALB/c;IGHV5S1, VH81X (7183.1);X01113;[76];;;;;;;
;;IGHV5-2*03;[F];12 (58.0 cM);;;;;C57BL/6;IGHV5S1, VH7183.1b;AF120460;[35];;;;;;;
;IGHV5-3;IGHV5-3*01;P;12 (58.0 cM);;;;;C57BL/6;;AC090887;[63];complement(47921-48185);;C57BL/6;7183.3pg;BN000872;[28];2481014-2481291
;;IGHV5-3*01;;;;;;;;;;;;;129/Sv;musIGHV187;AJ851868;[51];1032072-1032365
;IGHV5-4;IGHV5-4*01;F;12 (58.0 cM);;;;;C57BL/6;;AC090887;[63];complement(55400-55695);;C57BL/6;7183.4;BN000872;[28];2473504-2473808
;;IGHV5-4*02;F;12 (58.0 cM);;;;;129/Sv;musIGHV181;AJ851868;[51];1024532-1024827;;129/Sv;VHD6.96(7183.2), IGHV5S2;AF290969;[71];
;;IGHV5-4*03;[F];12 (58.0 cM);;;;;C57BL/6;IGHV5S19, VH7183.21b;AF120461;[35];;;;;;;
;IGHV5-5;IGHV5-5*01;P;12 (58.0 cM);;;;;C57BL/6;;AC090887;[63];complement(70947-71214);;C57BL/6;7183.6pg;BN000872;[28];2457969-2458262
;;IGHV5-5*02;P;12 (58.0 cM);;;;;129/Sv;musIGHV180;AJ851868;[51];1009047-1009340;;;;;;
;IGHV5-5-1;IGHV5-5-1*01;P;12 (58.0 cM);;;;;129/Sv;musIGHV426;AJ851868;[51];762772-763053;;;;;;
;IGHV5-6;IGHV5-6*01;F;12 (58.0 cM);;;;;C57BL/6;;AC090887;[63];complement(83460-83755);;C57BL/6;7183.7;BN000872;[28];2445444-2445748
;;IGHV5-6*01;;;;;;;;;;;;;129/Sv;VH3:3.39 (7183.7), IGHV5S6;AF290959;[71];
;;IGHV5-6*01;;;;;;;;;;;;;;musIGHV192;AJ851868;[51];996479-996775
;;IGHV5-6*02;[F];12 (58.0 cM);;;;;C57BL/6;IGHV5S6, VH7183.7b;AF120474;[35];;;;;;;
;;IGHV5-6*03;[F];12 (58.0 cM);;;;;C57BL/6;IGHV5S23, VH7183.27b;AF120466;[35];;;;;;;
;IGHV5-6-1;IGHV5-6-1*01;F;12 (58.0 cM);;;;;129/Sv;musIGHV192;AJ851868;[51];941789-942084;;;;;;
;IGHV5-6-2;IGHV5-6-2*01;F;12 (58.0 cM);;;;;129/Sv;musIGHV163;AJ851868;[51];756122-756418;;129/Sv;IGHV5S10;AF290962;[71];
;;IGHV5-6-2*02;F;12 (58.0 cM);;;;;BALB/c;VH7183.10;X67408;[9];;;;;;;
;IGHV5-6-3;IGHV5-6-3*01;F;12 (58.0 cM);;;;;129/Sv;musIGHV165;AJ851868;[51];679323-679618;;BALB/c;68-5N;U04230;[11];
;;IGHV5-6-3*02;F;12 (58.0 cM);+;+;+;;129/Sv;IGHV5S15, 68-5N (7183.16);AF290966;[71];;;;;;;
;IGHV5-6-4;IGHV5-6-4*01;F;12 (58.0 cM);;;;;129/Sv;musIGHV178;AJ851868;[51];644016-644311;;BALB/c;IGHV5S8, VH10-19;X59817;[57];
;;IGHV5-6-4*02;F;12 (58.0 cM);+;;;;BALB/c;IGHV5S17, 69-1 (7183.18);U04227;[11];;;;;;;
;IGHV5-6-5;IGHV5-6-5*01;F;12 (58.0 cM);;;;;129/Sv;musIGHV176;AJ851868;[51];595231-595523;;;;;;
;IGHV5-6-6;IGHV5-6-6*01;F;12 (58.0 cM);;;;;129/Sv;musIGHV167;AJ851868;[51];514664-514957;;;;;;
;IGHV5-7;IGHV5-7*01;P;12 (58.0 cM);;;;;C57BL/6;;AC090887;[63];complement(92640-92935);;C57BL/6;PG.1;BN000872;[28];2436264-2436563
;;IGHV5-7*01;;;;;;;;;;;;;129/Sv;musIGHV193;AJ851868;[51];987299-987592
;IGHV5-7-1;IGHV5-7-1*01;P;12 (58.0 cM);;;;;129/Sv;musIGHV193;AJ851868;[51];932608-932901;;;;;;
;IGHV5-7-2;IGHV5-7-2*01;P;12 (58.0 cM);;;;;129/Sv;musIGHV422;AJ851868;[51];688271-688567;;;;;;
;IGHV5-7-3;IGHV5-7-3*01;P;12 (58.0 cM);;;;;129/Sv;musIGHV418;AJ851868;[51];635029-635325;;;;;;
;IGHV5-7-4;IGHV5-7-4*01;P;12 (58.0 cM);;;;;129/Sv;musIGHV417;AJ851868;[51];611279-611578;;;;;;
;IGHV5-7-5;IGHV5-7-5*01;P;12 (58.0 cM);;;;;129/Sv;musIGHV413;AJ851868;[51];554499-554795;;;;;;
;IGHV5-7-6;IGHV5-7-6*01;P;12 (58.0 cM);;;;;C57BL/6;7183.15;BN000872;[28];2325424-2325722;;C57BL/6;;AC160985;[78];82715-83013
;IGHV5-8;IGHV5-8*01;P;12 (58.0 cM);;;;;C57BL/6;;AC090887;[63];complement(112921-113197);;C57BL/6;7183.8pg;BN000872;[28];2436264-2436563
;;IGHV5-8*01;;;;;;;;;;;;;129/Sv;musIGHV197;AJ851868;[51];967707-967298
;IGHV5-8-1;IGHV5-8-1*01;P;12 (58.0 cM);;;;;129/Sv;musIGHV428;AJ851868;[51];820154-820445;;;;;;
;IGHV5-8-2;IGHV5-8-2*01;P;12 (58.0 cM);;;;;129/Sv;musIGHV123;AJ851868;[51];785960-786251;;;;;;
;IGHV5-8-3;IGHV5-8-3*01;P;12 (58.0 cM);;;;;129/Sv;musIGHV414;AJ851868;[51];563458-563749;;;;;;
;IGHV5-9;IGHV5-9*01;F;12 (58.0 cM);;;;;C57BL/6;;AC090887;[63];complement(119723-120018);;C57BL/6;7183.9;BN000872;[28];2409181-2409485
;;IGHV5-9*02;F;12 (58.0 cM);;;;;129/Sv;musIGHV131;AJ851868;[51];960245-960540;;129/Sv;7183.14, IGHV5S14;AF290968;[71];
;;IGHV5-9*02;;;;;;;;;;;;;BALB/c;VH7183.14;X67412;[9];
;;IGHV5-9*03;F;12 (58.0 cM);+;+;+;;BALB/c;IGHV5S3, VH283(7183.3);X00163;[81];;;;;;;
;;IGHV5-9*04;[F];12 (58.0 cM);;;;;C57BL/6;IGHV5S3, VH7183.3b;AF120472;[35];;;;;;;
;IGHV5-9-1;IGHV5-9-1*01;F;12 (58.0 cM);;;;;129/Sv;musIGHV147;AJ851868;[51];862415-862708;;;;;;
;;IGHV5-9-1*02;F;12 (58.0 cM);;;;;C57BL/6;7183.14;BN000872;[28];2334735-2335039;;C57BL/6;;AC160985;[78];73400-73695
;IGHV5-9-2;IGHV5-9-2*01;F;12 (58.0 cM);;;;;129/Sv;musIGHV145;AJ851868;[51];845537-845832;;;;;;
;IGHV5-9-3;IGHV5-9-3*01;F;12 (58.0 cM);;;;;129/Sv;musIGHV135;AJ851868;[51];805213-805508;;;;;;
;IGHV5-9-4;IGHV5-9-4*01;F;12 (58.0 cM);;;;;129/Sv;musIGHV122;AJ851868;[51];778352-778647;;129/Sv;IGHV5S16, 98-3G (7183.17);AF290961;[71];
;;IGHV5-9-4*01;;;;;;;;;;;;;BALB/c;98-3G;U04232;[11];
;IGHV5-9-5;IGHV5-9-5*01;F;12 (58.0 cM);;;;;129/Sv;musIGHV161;AJ851868;[51];739246-739541;;;;;;
;IGHV5-10;IGHV5-10*01;P;12 (58.0 cM);;;;;C57BL/6;;AC090887;[63];complement(127627-127922);;C57BL/6;7183.10pg;BN000872;[28];2401277-2401575
;;IGHV5-10*01;;;;;;;;;;;;;;;AC160985;[78];6858-7153
;;IGHV5-10*01;;;;;;;;;;;;;129/Sv;musIGHV199;AJ851868;[51];952333-952626
;IGHV5-10-1;IGHV5-10-1*01;P;12 (58.0 cM);;;;;129/Sv;musIGHV429;AJ851868;[51];837649-837949;;;;;;
;IGHV5-10-2;IGHV5-10-2*01;P;12 (58.0 cM);;;;;129/Sv;musIGHV199;AJ851868;[51];731338-731631;;;;;;
;IGHV5-11;IGHV5-11*01;P;12 (58.0 cM);;;;;C57BL/6;;AC090887;[63];complement(145183-145447);;C57BL/6;7183.11pg;BN000872;[28];2383752-2384029
;;IGHV5-11*01;;;;;;;;;;;;;;;AC160985;[78];24414-24690
;;IGHV5-11*01;;;;;;;;;;;;;129/Sv;musIGHV202;AJ851868;[51];914573-914863
;IGHV5-11-1;IGHV5-11-1*01;P;12 (58.0 cM);;;;;129/Sv;musIGHV202;AJ851868;[51];713793-714075;;;;;;
;IGHV5-11-2;IGHV5-11-2*01;P;12 (58.0 cM);;;;;129/Sv;musIGHV420;AJ851868;[51];666224-666517;;;;;;
;IGHV5-12;IGHV5-12*01;F;12 (58.0 cM);;;;;C57BL/6;;AC090887;[63];complement(160078-160373);;C57BL/6;7183.12;BN000872;[28];2368721-2369025
;;IGHV5-12*01;;;;;;;;;;;;;;;AC160985;[78];39413-39708
;;IGHV5-12*01;;;;;;;;;;;;;;VH7183.5b, IGHV5S5;AF120473;[35];
;;IGHV5-12*02;F;12 (58.0 cM);;;;;129/Sv;musIGHV148;AJ851868;[51];899557-899852;;BALB/c;IGHV5S5, VH50.1 (7183.5);X03400;[25];
;;IGHV5-12*02;;;;;;;;;;;;;129/Sv;50.1;AF290970;[71];
;;IGHV5-12*03;[F];12 (58.0 cM);;;;;C57BL/6;IGHV5S22, VH7183.26b;AF120465;[35];;;;;;;
;IGHV5-12-1;IGHV5-12-1*01;F;12 (58.0 cM);;;;;129/Sv;musIGHV160;AJ851868;[51];698825-699120;;;;;;
;IGHV5-12-2;IGHV5-12-2*01;F;12 (58.0 cM);;;;;129/Sv;musIGHV177;AJ851868;[51];618131-618426;;;;;;
;;IGHV5-12-2*02;F;12 (58.0 cM);;;;;129/Sv;IGHV5S13, 7183.13;AF290963;[71];;;BALB/c;VH7183.13;X67411;[9];
;IGHV5-12-3;IGHV5-12-3*01;P;12 (58.0 cM);;;;;129/Sv;musIGHV172;AJ851868;[51];560425-560719;;;;;;
;IGHV5-12-4;IGHV5-12-4*01;F;12 (58.0 cM);;;;;C57BL/6;7183.16;BN000872;[28];2308593-2308897;;C57BL/6;;AC160985;[78];99538-99833
;IGHV5-13;IGHV5-13*01;P;12 (58.0 cM);;;;;C57BL/6;;CAAA01078923;[63];7939-8087;;C57BL/6;;AC160985;[78];24414-24690
;;IGHV5-13*02;P;12 (58.0 cM);;;;;129/Sv;musIGHV416;AJ851868;[51];589199-589493;;;;;;
;;IGHV5-13*03;P;12 (58.0 cM);;;;;C57BL/6;PG.2;BN000872;[28];2356255-2356544;;;;;;
;IGHV5-13-1;IGHV5-13-1*01;P;12 (58.0 cM);;;;;129/Sv;musIGHV411;AJ851868;[51];496467-496757;;;;;;
;IGHV5-15;IGHV5-15*01;F;12 (58.0 cM);;;;;C57BL/6;;AC079273;[63];13319-13612;;C57BL/6;7183.18;BN000872;[28];2244197-2244503
;;IGHV5-15*01;;;;;;;;;;;;;;;AC160985;[78];163935-164230
;;IGHV5-15*02;F;12 (58.0 cM);;;;;129/Sv;musIGHV166;AJ851868;[51];455690-455985;;;;;;
;;IGHV5-15*03;[F];12 (58.0 cM);+;+;;;BALB/c;IGHV5S11, VH7183.11;X67409;[9];;;;;;;
;;IGHV5-15*04;[F];12 (58.0 cM);;;;;C57BL/6;IGHV5S11, VH7183.11b;AF120459;[35];;;;;;;
;;IGHV5-15*05;F;12 (58.0 cM);;;;;;;CAAA01073483;;17-312;;;;;;
;IGHV5-16;IGHV5-16*01;F;12 (58.0 cM);;;;;C57BL/6;;AC079273;[63];25199-25492;;C57BL/6;7183.19;BN000872;[28];2232317-2232621
;;IGHV5-16*01;;;;;;;;;;;;;;;AC160985;[78];175815-176110
;;IGHV5-16*02;[F];12 (58.0 cM);;;;;C57BL/6;IGHV5S26, VH7183.32b;AF120471;[35];;;;;;;
;IGHV5-17;IGHV5-17*01;F;12 (58.0 cM);;;;;C57BL/6;;AC079273;[63];45820-46113;;C57BL/6;7183.2;BN000872;[28];2211696-2212000
;;IGHV5-17*01;;;;;;;;;;;;;;;AC160985;[78];196438-196731
;;IGHV5-17*01;;;;;;;;;;;;;;IGHV5S20, VH7183.22b;AF120462;[35];
;;IGHV5-17*02;F;12 (58.0 cM);;;;;129/Sv;musIGHV139;AJ851868;[51];430902-431195;;129/Sv;61-1P(7183.19), IGHV5S18;AF290972;[71];
;;IGHV5-17*02;;;;;;;;;;;;;BALB/c;61-1P;U04229;[11];
;;IGHV5-17*03;[F];12 (58.0 cM);;;;;C57BL/6;VH7183.31b, IGHV5S25;AF120470;[35];;;;;;;
;IGHV5-18;IGHV5-18*01;P;12 (58.0 cM);;;;;C57BL/6;;AC079273;[63];62438-62733;;C57BL/6;7183.21pg;BN000872;[28];2195074-2195377
;;IGHV5-18*02;P;12 (58.0 cM);;;;;129/Sv;;AJ851868;[51];408830-409122;;;;;;
;IGHV5-19;IGHV5-19*01;P;12 (58.0 cM);;;;;C57BL/6;;AC079273;[63];71434-71730;;C57BL/6;PG.7;BN000872;[28];2186090-2186386
;;IGHV5-19*02;P;12 (58.0 cM);;;;;129/Sv;musIGHV424;AJ851868;[51];400105-400398;;;;;;
;IGHV5-21;IGHV5-21*01;P;12 (58.0 cM);;;;;C57BL/6;;AC073590;[63];complement(85968-86263);;C57BL/6;PG.14;BN000872;[28];1750782-1751078
;;IGHV5-21*02;P;12 (58.0 cM);;;;;129/Sv;;AJ972403;[51];125384-125554;;129/Sv;;AJ972404;[51];complement(31678-31848)
;IGHV5S4;IGHV5S4*01;F;12 (58.0 cM);+;+;;;BALB/c;VH37.1 (7183.4);X03399;[25];;;;;;;
;;IGHV5S4*02;F;12 (58.0 cM);;;;;129/Sv;37.1;AF290967;[71];;;;;;;
;IGHV5S9;IGHV5S9*01;F;12 (58.0 cM);;;;;129/Sv;7183.9;AF290971;[71];;;BALB/c;VH7183.9;X67407;[9];
;;IGHV5S9*01;;;;;;;;;;;;;;76-1BG;U04231;[11];
;IGHV5S12;IGHV5S12*01;[F];12 (58.0 cM);+;+;+;;BALB/c;57-1M (7183.12);U04228;[11];;;BALB/c;VH7183.12;X67410;[9];
;IGHV5S21;IGHV5S21*01;[F];12 (58.0 cM);;;;;C57BL/6;VH7183.23b;AF120463;[35];;;;;;;
;IGHV5S24;IGHV5S24*01;[F];12 (58.0 cM);;;;;C57BL/6;VH7183.30b;AF120469;[35];;;;;;;
IGHV6;IGHV6-1;IGHV6-1*01;P;12 (58.0 cM);;;;;C57BL/6;;AC090887;[63];complement(61414-61707);;C57BL/6;7183.5;BN000872;[28];2467500-2467782
;;IGHV6-1*02;P;12 (58.0 cM);;;;;129/Sv;musIGHV189;AJ851868;[51];1018519-1018812;;;;;;
;IGHV6-1-1;IGHV6-1-1*01;P;12 (58.0 cM);;;;;129/Sv;musIGHV427;AJ851868;[51];772304-772598;;;;;;
;IGHV6-2;IGHV6-2*01;P;12 (58.0 cM);;;;;C57BL/6;;AC073563;[63];68204-68498;;C57BL/6;PG.10;BN000872;[28];1981431-1981615
;;IGHV6-2*02;P;12 (58.0 cM);;;;;129/Sv;musIGHV407;AJ851868;[51];206944-207234;;;;;;
;IGHV6-3;IGHV6-3*01;F;12 (58.0 cM);;;;;C57BL/6;;AC073590;[63];complement(157651-157949);;C57BL/6;J606.1;BN000872;[28];1679088-1679397
;;IGHV6-3*02;F;12 (58.0 cM);;;;;129/Sv;;AJ972404;[51];complement(90404-90702);;;;;;
;;IGHV6-3*03;F;12 (58.0 cM);;;;;BALB/c;IGHV6S1, 22.1;X03398;[25];;;;;;;
;IGHV6-4;IGHV6-4*01;F;12 (58.0 cM);;;;;C57BL/6;;AC073561;[63];1987-2286;;C57BL/6;J606.2;BN000872;[28];1664325-1664635
;;IGHV6-4*01;;;;;;;;;;;;;;;AC073590;[63];172413-172712
;;IGHV6-4*02;ORF;12 (58.0 cM);;;;;129/Sv;;AJ972404;[51];complement(106233-106532);;;;;;
;IGHV6-5;IGHV6-5*01;F;12 (58.0 cM);;;;;C57BL/6;;AC073561;[63];12109-12408;;C57BL/6;J606.1;BN000872;[28];1679088-1679397
;;IGHV6-5*01;;;;;;;;;;;;;;;AC073590;[63];182535-182834
;;IGHV6-5*02;ORF;12 (58.0 cM);;;;;129/Sv;;AJ972404;[51];complement(115902-116201);;;;;;
;IGHV6-6;IGHV6-6*01;F;12 (58.0 cM);;;;;C57BL/6;;AC073561;[63];30302-30601;;C57BL/6;J606.4;BN000872;[28];1636009-1636319
;;IGHV6-6*02;F;12 (58.0 cM);;;;;129/Sv;;AJ972404;[51];complement(133286-133585);;;;;;
;IGHV6-7;IGHV6-7*01;F;12 (58.0 cM);;;;;C57BL/6;;AC073561;[63];51138-51437;;C57BL/6;J606.5;BN000872;[28];1615173-1615483
;;IGHV6-7*02;F;12 (58.0 cM);;;;;129/Sv;;AJ972404;[51];complement(149200-149499);;;;;;
;IGHV6S2;IGHV6S2*01;[F];12 (58.0 cM);;;;;BALB/c;V3;K00692;[30];;;;;;;
;IGHV6S3;IGHV6S3*01;[F];12 (58.0 cM);;;;;BALB/c;V6;K00693;[30];;;;;;;
;IGHV6S4;IGHV6S4*01;[F];12 (58.0 cM);;;;;BALB/c;IGHV6S4, VH76;K00694;[30];;;;;;;
IGHV7;IGHV7-1;IGHV7-1*01;P;12 (58.0 cM);;;;;C57BL/6;;AC079273;[63];83085-83384;;C57BL/6;S107.1;BN000872;[28];2174425-2174739
;;IGHV7-1*02;F;12 (58.0 cM);;;;;129/Sv;musIGHV168;AJ851868;[51];388422-388727;;BALB/c;IGHV7S1, V1;V00758;[16];
;;IGHV7-1*02;;;;;;;;;;;;;;;J00538;;
;;IGHV7-1*02;;;;;;;;;;;;;;;M16723;[62];
;;IGHV7-1*02;;;;;;;;;;;;;CLA-2/Cn;IGHV7S1, V1;X17402;[17];
;;IGHV7-1*03;F;12 (58.0 cM);;;;;C57BL/10;IGHV7S1, V1;X03253;[46];;;;;;;
;IGHV7-2;IGHV7-2*01;F;12 (58.0 cM);;;;;C57BL/6;;AC079273;[63];98702-99001;;C57BL/6;S107.2;BN000872;[28];2158808-2159116
;;IGHV7-2*01;;;;;;;;;;;;;C57BL/10;IGHV7S3, V3;X03254;[46];
;;IGHV7-2*02;P;12 (58.0 cM);;;;;129/Sv;musIGHV140;AJ851868;[51];372666-372976;;BALB/c;V3, IGHV7S2;J00500;[27];
;;IGHV7-2*02;;;;;;;;;;;;;;IGHV7S2, V3;J00524;[14];
;;IGHV7-2*02;;;;;;;;;;;;;;;M16724;[62];
;IGHV7-3;IGHV7-3*01;F;12 (58.0 cM);;;;;C57BL/6;;AC073563;[63];4402-4705;;C57BL/6;S107.3;BN000872;[28];1917618-1917928
;;IGHV7-3*01;;;;;;;;;;;;;;;AC073589;[63];135700-136003
;;IGHV7-3*02;F;12 (58.0 cM);;;;;129/Sv;musIGHV158;AJ851868;[63];73268-73571;;BALB/c;V11, IGHV7S3;J00525;[14];
;;IGHV7-3*02;;;;;;;;;;;;;;V11;M16725;[62];
;;IGHV7-3*03;F;12 (58.0 cM);+;+;;;C57BL/10;IGHV7S3, V11;X03256;[46];;;;;;;
;;IGHV7-3*04;F;12 (58.0 cM);+;+;;;NZB;IGHV7S3, V11;M20457;[4];;;NZW;V11;M20458;[4];
;IGHV7-4;IGHV7-4*01;F;12 (58.0 cM);;;;;C57BL/6;;AC073589;[63];66090-66395;;C57BL/6;S107.4;BN000872;[28];1848008-1848318
;;IGHV7-4*02;F;12 (58.0 cM);;;;;129/Sv;;AJ972403;[51];47209-47514;;;;;;
;;IGHV7-4*03;F;12 (58.0 cM);;;;;BALB/c;IGHV7S4,V13;M16726;[62];;;BALB/c;IGHV7S4, V13;J00526;[14];
;;IGHV7-4*04;F;12 (58.0 cM);;;;;C57BL/10;IGHV7S4,V13;X03255;[46];;;;;;;
IGHV8;IGHV8-1;IGHV8-1*01;P;12 (58.0 cM);;;;;C57BL/6;;AC073590;[63];complement(98735-99025);;C57BL/6;PG.15;BN000872;[28];1738026-1738306
;;IGHV8-1*02;P;12 (58.0 cM);;;;;129/Sv;;AJ972404;[51];complement(37241-37531);;;;;;
;IGHV8-2;IGHV8-2*01;ORF;12 (58.0 cM);;;;;C57BL/6;;AC073561;[63];57802-58101;;C57BL/6;3609.1;BN000872;[28];1608523-1608819
;IGHV8-3;IGHV8-3*01;P;12 (58.0 cM);;;;;C57BL/6;;AC079181;[63];64467-64761;;C57BL/6;3609.2pg;BN000872;[28];1067365-1067659
;IGHV8-4;IGHV8-4*01;ORF;12 (58.0 cM);;;;;C57BL/6;;AC079181;[63];43860-44160;;C57BL/6;3609.3;BN000872;[28];1046747-1047051
;IGHV8-5;IGHV8-5*01;F;12 (58.0 cM);;;;;C57BL/6;;AC074329;[63];35069-35369;;C57BL/6;3609.4;BN000872;[28];1003207-1003518
;;IGHV8-5*01;;;;;;;;;;;;;;;AC079181;[63];319-619
;;IGHV8-5*02;[F];12 (58.0 cM);;;;;C57BL/6;IGHV8S5, CB17H-10;U23020;[77];;;;;;;
;IGHV8-6;IGHV8-6*01;F;12 (58.0 cM);;;;;C57BL/6;;AC074329;[63];133286-133586;;C57BL/6;3609.5;BN000872;[28];904990-905301
;IGHV8-7;IGHV8-7*01;P;12 (58.0 cM);;;;;C57BL/6;;AC087166;[63];123398-123691;;C57BL/6;3609.6pg;BN000872;[28];812649-812941
;IGHV8-8;IGHV8-8*01;F;12 (58.0 cM);;;;;C57BL/6;;AC087166;[63];87468-87768;;C57BL/6;3609.7;BN000872;[28];776705-777016
;;IGHV8-8*02;[F];12 (58.0 cM);;;;;C57BL/6;IGHV8S7,CB17H-3;U23022;[77];;;;;;;
;IGHV8-8-1;IGHV8-8-1*01;ORF;12 (58.0 cM);;;;;C57BL/6;3609.8pg;BN000872;[28];666359-666661;;;;;;
;IGHV8-9;IGHV8-9*01;ORF;12 (58.0 cM);;;;;C57BL/6;;AC073939;[63];192608-192908;;C57BL/6;3609.9;BN000872;[28];602428-602739
;;IGHV8-9*02;[P];12 (58.0 cM);;;;;C57BL/6;IGHV8S10,CB17H-9;U23025;[77];;;;;;;
;;IGHV8-9*03;[F];12 (58.0 cM);;;;;C57BL/6;IGHV8S8, CB17H-6;U23023;[77];;;;;;;
;IGHV8-10;IGHV8-10*01;P;12 (58.0 cM);;;;;C57BL/6;;AC073939;[63];141615-141915;;C57BL/6;3609.10pg;BN000872;[28];551427-551738
;IGHV8-11;IGHV8-11*01;F;12 (58.0 cM);;;;;C57BL/6;;AC073939;[63];93806-94106;;C57BL/6;;AC163348;[79];205637-205937
;;IGHV8-11*01;;;;;;;;;;;;;;3609.11;BN000872;[28];503618-503929
;IGHV8-12;IGHV8-12*01;F;12 (58.0 cM);;;;;C57BL/6;;AC073939;[63];13010-13310;;C57BL/6;CB17H-1, IGHV8S4;U23019;[77];
;;IGHV8-12*01;;;;;;;;;;;;;;;AC163348;[79];124845-125145
;;IGHV8-12*01;;;;;;;;;;;;;;3609.12;BN000872;[28];422822-423133
;IGHV8-13;IGHV8-13*01;P;12 (58.0 cM);;;;;C57BL/6;;AC163348;[79];7455-7755;;C57BL/6;;AC160473;[80];complement(86739-87039)
;;IGHV8-13*01;;;;;;;;;;;;;;3609.13pg;BN000872;[28];305432-305743
;IGHV8-14;IGHV8-14*01;P;12 (58.0 cM);;;;;C57BL/6;;AC160473;[63];complement(129831-130131);;C57BL/6;3609.14pg;BN000872;[28];263317-263628
;IGHV8-15;IGHV8-15*01;P;12 (58.0 cM);;;;;C57BL/6;;AC160473;[63];complement(165413-165711);;C57BL/6;;AC160990;[72];206647-206945
;;IGHV8-15*01;;;;;;;;;;;;;;3609.15pg;BN000872;[28];227735-228044
;IGHV8-16;IGHV8-16*01;P;12 (58.0 cM);;;;;C57BL/6;;AC160473;[63];complement(179405-179703);;C57BL/6;;AC160990;[72];192655-192953
;;IGHV8-16*01;;;;;;;;;;;;;;3609.16pg;BN000872;[28];213742-214051
;IGHV8S1;IGHV8S1*01;P;12 (58.0 cM);+;;;;BALB/c;V31;X03302;[74];;;;VMU-3.1;X03303;[74];
;IGHV8S2;IGHV8S2*01;P;12 (58.0 cM);;;;;;Pkp66;U14945;[3];;;;;;;
;IGHV8S6;IGHV8S6*01;[P];12 (58.0 cM);;;;;C57BL/6;CB17H-2;U23021;[77];;;;;;;
;IGHV8S9;IGHV8S9*01;[F];12 (58.0 cM);;;;;C57BL/6;CB17H-8;U23024;[77];;;;;;;
IGHV9;IGHV9-1;IGHV9-1*01;F;12 (58.0 cM);;;;;C57BL/6;;AC073563;[63];63664-63957;;;;AC073589;[63];194962-195255
;;IGHV9-1*01;;;;;;;;;;;;;C57BL/6;VGAM3.8-1;BN000872;[28];1976880-1977184
;;IGHV9-1*02;F;12 (58.0 cM);;;;;129/Sv;musIGHV151;AJ851868;[63];202425-202718;;BALB.K;IGHV9S3, VGK1B;L14363;[47];
;;IGHV9-1*03;F;12 (58.0 cM);+;+;+;;BALB/c;IGHV9S3, 251;Z15022;[65];;;BALB.K;VGK1A;L14362;[47];
;;IGHV9-1*03;;;;;;;;;;;;;BALB/c;VMS9;;[61];
;;IGHV9-1*04;F;12 (58.0 cM);;;;;BALB/c;IGHV9S1, 161;Z15020;[65];;;;;;;
;IGHV9-2;IGHV9-2*01;F;12 (58.0 cM);;;;;C57BL/6;;AC073563;[63];48591-48884;;;;AC073589;[63];179889-180182
;;IGHV9-2*01;;;;;;;;;;;;;C57BL/6;VGAM3.8-2;BN000872;[28];1961807-1962111
;;IGHV9-2*02;F;12 (58.0 cM);;;;;129/Sv;musIGHV152;AJ851868;[51];185169-185462;;BALB/c;IGHV9S2, 141;Z15021;[65];
;;IGHV9-2*02;;;;;;;;;;;;;;VMS1;;[61];
;;IGHV9-2*02;;;;;;;;;;;;;BALB.K;VGK3;L14365;[47];
;IGHV9-2-1;IGHV9-2-1*01;F;12 (58.0 cM);;;;;129/Sv;musIGHV157;AJ851868;[51];92637-92930;;BALB/c;IGHV9S4, 281;Z15023;[65];
;;IGHV9-2-1*01;;;;;;;;;;;;;;VFM1;;[61];
;;IGHV9-2-1*01;;;;;;;;;;;;;BALB.K;VGK7;L14369;[47];
;IGHV9-3;IGHV9-3*01;F;12 (58.0 cM);;;;;C57BL/6;;AC073563;[63];16900-17193;;C57BL/6;;AC073589;[63];148198-148491
;;IGHV9-3*01;;;;;;;;;;;;;;VGAM3.8-3;BN000872;[28];19330116-1930420
;;IGHV9-3*02;F;12 (58.0 cM);;;;;129/Sv;musIGHV155;AJ851868;[51];146596-146889;;;;;;
;;IGHV9-3*03;F;12 (58.0 cM);+;+;+;;BALB.K;IGHV9S6, VGK4;L14366;[47];;;BALB/c;VMS2;;[61];
;IGHV9-3-1;IGHV9-3-1*01;F;12 (58.0 cM);;;;;129/Sv;musIGHV156;AJ851868;[51];122148-122441;;;;;;
;IGHV9-4;IGHV9-4*01;F;12 (58.0 cM);;;;;C57BL/6;;AC073590;[63];complement(65900-66193);;C57BL/6;VGAM3.8-4;BN000872;[28];1770844-1771148
;;IGHV9-4*02;F;12 (58.0 cM);;;;;129/Sv;;AJ972403;[51];105877-106170;;;;AJ972404;[51];complement(12171-12464)
;;IGHV9-4*03;F;12 (58.0 cM);;;;;BALB.K;IGHV9S5, VGK2;L14364;[47];;;;;;;
;IGHV9S7;IGHV9S7*01;F;12 (58.0 cM);;;;;BALB.K;VGK5;L14367;[47];;;;;;;
;IGHV9S8;IGHV9S8*01;F;12 (58.0 cM);;;;;BALB.K;VGK6;L14368;[47];;;;;;;
IGHV10;IGHV10-1;IGHV10-1*01;F;12 (58.0 cM);;;;;C57BL/6;;AC073561;[63];74517-74818;;C57BL/10;B12 (VH10.2b), IGHV10S2;AF064443;[70];
;;IGHV10-1*01;;;;;;;;;;;;;C57BL/6;VH10.1;BN000872;[28];1591792-1592104
;;IGHV10-1*02;F;12 (58.0 cM);+;+;;;BALB/c;IGHV10S2, C8 (VH10.2a);AF064445;[70];;;;;;;
;IGHV10-2;IGHV10-2*01;P;12 (58.0 cM);;;;;C57BL/6;;AC073561;[63];91515-91812;;C57BL/6;VH10.2pg;BN000872;[28];1574806-1575106
;IGHV10-3;IGHV10-3*01;F;12 (58.0 cM);;;;;C57BL/6;;AC073561;[63];118954-119254;;;;AC090843;[63];complement(26065-26366)
;;IGHV10-3*01;;;;;;;;;;;;;C57BL/6;VH10.3;BN000872;[28];1547356-1547668
;;IGHV10-3*02;F;12 (58.0 cM);+;+;;;C57BL/10;IGHV10S1, B4 (VH10.1b);AF064442;[70];;;;;;;
;;IGHV10-3*03;F;12 (58.0 cM);+;+;;;BALB/c;IGHV10S1, C9.5 (VH10.1a);AF064444;[70];;;;;;;
;IGHV10-4;IGHV10-4*01;P;12 (58.0 cM);;;;;C57BL/6;;AC073561;[63];142770-143068;;;;AC090843;[63];49886-50181
;IGHV10S3;IGHV10S3*01;F;12 (58.0 cM);+;+;;;BALB/c;C6 (VH10.3a);AF064446;[70];;;;;;;
;IGHV10S4;IGHV10S4*01;(F);12 (58.0 cM);+;+;+;;MRL/lpr;MRL-DNA4;M21470;[33];;;MRL/lpr;0401-13;;[10];
;IGHV10S5;IGHV10S5*01;(P);12 (58.0 cM);;+;;;MRL/lpr;MRL-RF24BG;X16801;[34];;;MRL/lpr;0401-4;;[21];
IGHV11;IGHV11-1;IGHV11-1*01;F;12 (58.0 cM);;;;;C57BL/6;;AC073563;[63];175711-176006;;;;AC079273;[63];168550-168845
;;IGHV11-1*01;;;;;;;;;;;;;C57BL/6;VH11.1;BN000872;[28];2088927-2089233
;;IGHV11-1*02;F;12 (58.0 cM);;;;;129/Sv;musIGHV127;AJ851868;[51];298364-298658;;;;;;
;IGHV11-2;IGHV11-2*01;F;12 (58.0 cM);;;;;C57BL/6;;AC073563;[63];109349-109644;;C57BL/6;VH11.2;BN000872;[28];2022565-2022871
;;IGHV11-2*02;F;12 (58.0 cM);;;;;129/Sv;musIGHV153;AJ851868;[51];238135-238430;;BALB/c;CP8 (clone pCP12), IGHV11S1;M35502;[50];
;;IGHV11-2*02;;;;;;;;;;;;;;;Y00743;[50];
IGHV12;IGHV12-1;IGHV12-1*01;P;12 (58.0 cM);;;;;C57BL/6;;AC073563;[63];50322-50626;;C57BL/6;PG.11;BN000872;[28];1963538-1963853
;;IGHV12-1*01;;;;;;;;;;;;;;;AC073589;[63];181620-181924
;;IGHV12-1*02;P;12 (58.0 cM);;;;;129/Sv;musIGHV405;AJ851868;[51];190024-190328;;;;;;
;IGHV12-1-1;IGHV12-1-1*01;F;12 (58.0 cM);;;;;129/Sv;musIGHV402;AJ851868;[51];135718-136022;;;;;;
;IGHV12-1-2;IGHV12-1-2*01;P;12 (58.0 cM);;;;;129/Sv;musIGHV404;AJ851868;[51];94389-94693;;;;;;
;IGHV12-2;IGHV12-2*01;P;12 (58.0 cM);;;;;C57BL/6;;AC073589;[63];161346-161650;;;;AC073563;[63];30048-30352
;;IGHV12-2*01;;;;;;;;;;;;;C57BL/6;PG.12;BN000872;[28];1943266-1943571
;;IGHV12-2*02;P;12 (58.0 cM);;;;;129/Sv;musIGHV406;AJ851868;[51];166717-167318;;;;;;
;IGHV12-2-1;IGHV12-2-1*01;ORF;12 (58.0 cM);;;;;129/Sv;musIGHV401;AJ851868;[51];109773-110077;;;;;;
;IGHV12-3;IGHV12-3*01;F;12 (58.0 cM);;;;;C57BL/6;;AC073590;[63];complement(132459-132758);;C57BL/6;VH12.1;BN000872;[28];1704279-1704589
;;IGHV12-3*02;F;12 (58.0 cM);;;;;129/Sv;;AJ972404;[51];complement(67535-67834);;;IGHV12S1;M22439;[24];
;IGHV12S2;IGHV12S2*01;(P);12 (58.0 cM);;;;;;IGHV12S2,16-A;M26465;[38];;;;;;;
IGHV13;IGHV13-1;IGHV13-1*01;P;12 (58.0 cM);;;;;C57BL/6;;AC073589;[63];21277-21580;;;;AC073590;[63];complement(33540-33843)
;;IGHV13-1*01;;;;;;;;;;;;;C57BL/6;3609N.1pg;BN000872;[28];1803195-1803505
;;IGHV13-1*02;ORF;12 (58.0 cM);;;;;129/Sv;;AJ972403;[51];77460-77763;;;;;;
;IGHV13-2;IGHV13-2*01;F;12 (58.0 cM);;;;;C57BL/6;;AC073590;[63];complement(123698-123999);;C57BL/6;3609N.2;BN000872;[28];1713038-1713348
;;IGHV13-2*02;F;12 (58.0 cM);;;;;129/Sv;;AJ972404;[51];complement(58809-59110);;;;;;
;;IGHV13-2*03;(F);12 (58.0 cM);;;;;NZB;IGHV13S1, 3609N;X55935;[67];;;;;;;
IGHV14;IGHV14-1;IGHV14-1*01;F;12 (58.0 cM);;;;;C57BL/6;;AC079273;[63];118624-118917;;C57BL/6;SM7.1;BN000872;[28];2138892-2139196
;;IGHV14-1*02;F;12 (58.0 cM);;;;;129/Sv;musIGHV141;AJ851868;[51];356703-356999;;BALB/c;H4a-3, IGHV14S2;X03572;[56];
;IGHV14-2;IGHV14-2*01;F;12 (58.0 cM);;;;;C57BL/6;;AC073563;[63];163123-163416;;C57BL/6;SM7.2;BN000872;[28];2076339-2076643
;;IGHV14-2*02;P;12 (58.0 cM);;;;;129/Sv;musIGHV150;AJ851868;[51];289001-289294;;;;;;
;IGHV14-3;IGHV14-3*01;F;12 (58.0 cM);;;;;C57BL/6;;AC073563;[63];97747-98040;;C57BL/6;SM7.3;BN000872;[28];2010963-2011267
;;IGHV14-3*02;F;12 (58.0 cM);;;;;129/Sv;musIGHV125;AJ851868;[51];226531-226844;;BALB/c;H10, IGHV14S1;X03571;[56];
;IGHV14-4;IGHV14-4*01;F;12 (58.0 cM);;;;;C57BL/6;;AC073589;[63];112452-112745;;C57BL/6;SM7.4;BN000872;[28];1894384-1894674
;;IGHV14-4*02;F;12 (58.0 cM);;;;;129/Sv;musIGHV154;AJ851868;[51];50721-51014;;BALB/c;H2b-3, IGHV14S3;X03573;[56];
;IGHV14S4;IGHV14S4*01;(F);12 (58.0 cM);;;;;MRL/lpr;IGHV14S4,SM7-13;X55934;[67];;;;;;;
IGHV15;IGHV15-1;IGHV15-1*01;P;12 (58.0 cM);;;;;C57BL/6;;AC073589;[63];130868-131158;;C57BL/6;VH15.1;BN00872;[28];1912797-1913087
;;IGHV15-1*02;P;12 (58.0 cM);;;;;129/Sv;;AJ851868;[51];68433-68723;;;;;;
;IGHV15-2;IGHV15-2*01;F;12 (58.0 cM);;;;;C57BL/6;;AC090843;[63];complement(67203-67499);;;;AC073561;[63];160090-160386
;;IGHV15-2*01;;;;;;;;;;;;;C57BL/6;VH15.1;BN000872;[28];1506223-1506530
;;IGHV15-2*02;(F);12 (58.0 cM);;;;;BALB/c;IGHV15S1,VH15A;U39293;[39];;;;;;;
IGHV16;IGHV16-1;IGHV16-1*01;ORF;12 (58.0 cM);;;;;C57BL/6;;AC073563;[63];88759-89057;;C57BL/6;VH16.1;BN000872;[28];2001975-2002284
;;IGHV16-1*01;;;;;;;;;;;;;;;AC073589;[63];220058-220356
