SeqName,SeqNum,GroupNum,TemplateCount,TreeChildCount,H-Seq,H-RefSeq,H-OverhangSeq5,H-OverhangSeq3,H-Functional,H-CDR1_AminoAcid,H-CDR2_AminoAcid,H-CDR3_AminoAcid,H-V_GeneName,H-D_GeneName,H-J_GeneName,H-CDR1_Start,H-CDR1_End,H-CDR1_Length,H-CDR2_Start,H-CDR2_End,H-CDR2_Length,H-CDR3_Start,H-CDR3_End,H-CDR3_Length,H-Length_V,H-Length_Nvd,H-Length_D,H-Length_Ndj,H-Length_J,H-SHM_V,H-SHM_Nvd,H-SHM_D,H-SHM_Ndj,H-SHM_J,H-V_Deletion3,H-D_Deletion5,H-D_Deletion3,H-J_Deletion5,H-V_MapNum,H-D_MapNum,H-J_MapNum,H-V_Align,H-D_Align,H-J_Align
Seq081_Grp081_IGHV1-76*01_IGHD2-5*01_IGHJ2*01_Len(290|7|3|4|48)_Del(4|13|1|0),81,81,1,,CAGGTCCAGCTGAAGCAGTCTGGGGCTGAGCTGGTGAGGCCTGGGGCTTCAGTGAAGCTGTCCTGCAAGGCTTCTGGCTACACTTTCACTGACTACTATATAAACTGGGTGAAGCAGAGGCCTGGACAGGGACTTGAGTGGATTGCAAGGATTTATCCTGGAAGTGGTAATACTTACTACAATGAGAAGTTCAAGGGCAAGGCCACACTGACTGCAGAAAAATCCTCCAGCACTGCCTACATGCAGCTCAGCAGCCTGACATCTGAGGACTCTGCTGTCTATTTCTGTGCCCGACCCCTACTCGACTACTTTGACTACTGGGGCCAAGGCACCACTCTCACAGTCTCCTCAG,CAGGTCCAGCTGAAGCAGTCTGGGGCTGAGCTGGTGAGGCCTGGGGCTTCAGTGAAGCTGTCCTGCAAGGCTTCTGGCTACACTTTCACTGACTACTATATAAACTGGGTGAAGCAGAGGCCTGGACAGGGACTTGAGTGGATTGCAAGGATTTATCCTGGAAGTGGTAATACTTACTACAATGAGAAGTTCAAGGGCAAGGCCACACTGACTGCAGAAAAATCCTCCAGCACTGCCTACATGCAGCTCAGCAGCCTGACATCTGAGGACTCTGCTGTCTATTTCTGTGCCCGACCCCTACTCGACTACTTTGACTACTGGGGCCAAGGCACCACTCTCACAGTCTCCTCAG,,,Y,,,CARPLLDYFDYW,IGHV1-76*01,IGHD2-10*01|IGHD2-11*02|IGHD2-14*01|IGHD2-5*01|IGHD2-6*01|IGHD2-9*01,IGHJ2*01,,,,,,,286,321,12,290,6,6,2,48,0,0,0,0,0,4,0,11,0,93,[11 17 23 31 33 39],4,,,
Seq082_Grp082_IGHV1-76*01_IGHD2-5*01_IGHJ2*01_Len(290|7|3|4|48)_Del(4|13|1|0),82,82,1,,CAGGTCCAGCTGAAGCAGTCTGGGGCTGAGCTGGTGAGGCCTGGGGCTTCAGTGAAGCTGTTCTGCAAGGCTTCTGGCTACACTTTCACTGACTACTATATAAATTGGGTGAAGCAGAGGCCTGGACAGGGACTTGAGTGGATTGCAAGGATTTATCCTGGAAGTGGTAATACTTACTACAATGAGAGGTTCAAGGGCAAGGCCACACTGACTGCAGAAAAATCCTCCAGCACTGCCTACATGCAGCTCAGCGGCCTGACATCTGAGGACTCTTCTGTCTATTTCTGTGCCCGACCCCTACTCGACTACTTTGACTACTGGGGCCAAGGCACCGTTCTCACAGTCTCCTCAG,CAGGTCCAGCTGAAGCAGTCTGGGGCTGAGCTGGTGAGGCCTGGGGCTTCAGTGAAGCTGTCCTGCAAGGCTTCTGGCTACACTTTCACTGACTACTATATAAACTGGGTGAAGCAGAGGCCTGGACAGGGACTTGAGTGGATTGCAAGGATTTATCCTGGAAGTGGTAATACTTACTACAATGAGAAGTTCAAGGGCAAGGCCACACTGACTGCAGAAAAATCCTCCAGCACTGCCTACATGCAGCTCAGCAGCCTGACATCTGAGGACTCTGCTGTCTATTTCTGTGCCCGACCCCTACTCGACTACTTTGACTACTGGGGCCAAGGCACCACTCTCACAGTCTCCTCAG,,,Y,,,CARPLLDYFDYW,IGHV1-76*01,IGHD2-10*01|IGHD2-11*02|IGHD2-14*01|IGHD2-5*01|IGHD2-6*01|IGHD2-9*01,IGHJ2*01|IGHJ2*02,,,,,,,286,321,12,290,6,6,2,48,5,0,0,0,2,4,0,11,0,93,[11 17 23 31 33 39],[4 5],,,
Seq083_Grp083_IGHV1-76*01_IGHD2-5*01_IGHJ2*01_Len(290|7|3|4|48)_Del(4|13|1|0),83,83,1,,CAGGTCCAGCTGAAGCAGTCTGGGGCTGAGCTGGTGAGGCCTGGGGCTTCAGTGAAGCTGTTCTGCAAGGCTTCTGGCTACACTTTTACTGACTACTATATAAATTGGGTGAAGCAGAGCCCTGGACAGGGACTTGAGTGGATTGCAAGGATTTATCCTGGAGGTGGTAATACTTACTACAATGAGAGGTTCAAGGTCAAGGCCACACTGACTGCAGAAAAATCCTCCAGCACTGCCTACATGCAGCTCAGCGGCCTGACATCTGAGGACTCTTCTGTCTATTTCTGTGCCCGACCCCTACTCGAGTACTTTGGCTACTGGGGCCAACGCACCGTTCTCACAGTCTCCTCAG,CAGGTCCAGCTGAAGCAGTCTGGGGCTGAGCTGGTGAGGCCTGGGGCTTCAGTGAAGCTGTCCTGCAAGGCTTCTGGCTACACTTTCACTGACTACTATATAAACTGGGTGAAGCAGAGGCCTGGACAGGGACTTGAGTGGATTGCAAGGATTTATCCTGGAAGTGGTAATACTTACTACAATGAGAAGTTCAAGGGCAAGGCCACACTGACTGCAGAAAAATCCTCCAGCACTGCCTACATGCAGCTCAGCAGCCTGACATCTGAGGACTCTGCTGTCTATTTCTGTGCCCGACCCCTACTCGAGTACTTTGACTACTGGGGCCAAGGCACCAGTCTCACAGTCTCCTCAG,,,Y,,,CARPLLEYFGYW,IGHV1-76*01,IGHD2-10*01|IGHD2-11*02|IGHD2-14*01|IGHD2-5*01|IGHD2-6*01|IGHD2-9*01,IGHJ2*03,,,,,,,286,321,12,290,6,6,4,46,9,0,0,0,4,4,0,11,0,93,[11 17 23 31 33 39],6,,,
Seq084_Grp084_IGHV1-76*01_IGHD2-5*01_IGHJ2*01_Len(290|7|3|4|48)_Del(4|13|1|0),84,84,1,,CAGGTCCAGCTGAAGCAGTCTGGGGCTGAGCTTGTGAGGCCTGGGGCTTCAGTGAAGCTGTTCTGCAAGGCTTCTGGCTACACTTGTGCTGACTACTATATAAGTTGGGTGAAGCAGAGCCCTGGACAGGGACTTGAGTGGATTGCAAGGATTTATCCTGGAGGTGGTAATACTTACTACAATGAGAGGTTCAAAGTCAAGGCCACACTGACTGCAGAAAAATCCTCCAGCACTGCCTACATGCAGCTGAGCGGCCTGACATCTGAGGACTCTTCTGTCTATTTCTGTGCCCGACCCCTACTCGAGTACCTTGGCTACTGGGGCCAACGCACCGTTCTCACAGTCTCCTCAG,CAGGTCCAGCTGAAGCAGTCTGGGGCTGAGCTGGTGAGGCCTGGGGCTTCAGTGAAGCTGTCCTGCAAGGCTTCTGGCTACACTTTCACTGACTACTATATAAACTGGGTGAAGCAGAGGCCTGGACAGGGACTTGAGTGGATTGCAAGGATTTATCCTGGAAGTGGTAATACTTACTACAATGAGAAGTTCAAGGGCAAGGCCACACTGACTGCAGAAAAATCCTCCAGCACTGCCTACATGCAGCTCAGCAGCCTGACATCTGAGGACTCTGCTGTCTATTTCTGTGCCCGACCCCTACTCGAGTACTTTGACTACTGGGGCCAAGGCACCAGTCTCACAGTCTCCTCAG,,,Y,,,CARPLLEYLGYW,IGHV1-76*01,IGHD2-10*01|IGHD2-11*02|IGHD2-14*01|IGHD2-5*01|IGHD2-6*01|IGHD2-9*01,IGHJ2*03,,,,,,,286,321,12,290,6,6,4,46,15,0,0,0,5,4,0,11,0,93,[11 17 23 31 33 39],6,,,
Seq085_Grp085_IGHV1-76*01_IGHD2-5*01_IGHJ2*01_Len(290|7|3|4|48)_Del(4|13|1|0),85,85,1,,CAGGTCCAGCTGAAGCAGTCTGGGGCTGAGCTGGTGAGGCCTGGGGCTTCAGTGAAGCTGTCCTGCAAGGCTTCTGGCTACACTTTCACTGACTACTATATAAACTGGGTGAAGCAGAGGCCTGGACAGGGACTTGAGTGGATTGCAAGGCTTTATCCTGGAAGTGGTAATACTTACTACAATGAGAAGTTCAAGGGCAAGGCCACACTGACTGCAGAAAAATTCTGCAGCGCTGCCTACATGCAGCTCAGCAGCCCGACATCTGAGGACTCTGCTGTCTATTTCTGTGCCCGACCCCTTCTCGACTATTTTGACTACTGGGGCCAAGGCACCACTCTCACAGTCTCCTCAG,CAGGTCCAGCTGAAGCAGTCTGGGGCTGAGCTGGTGAGGCCTGGGGCTTCAGTGAAGCTGTCCTGCAAGGCTTCTGGCTACACTTTCACTGACTACTATATAAACTGGGTGAAGCAGAGGCCTGGACAGGGACTTGAGTGGATTGCAAGGATTTATCCTGGAAGTGGTAATACTTACTACAATGAGAAGTTCAAGGGCAAGGCCACACTGACTGCAGAAAAATCCTCCAGCACTGCCTACATGCAGCTCAGCAGCCTGACATCTGAGGACTCTGCTGTCTATTTCTGTGCCCTACCACTTCTCGACTACTTTGACTACTGGGGCCAAGGCACCACTCTCACAGTCTCCTCAG,,,Y,,,CARPLLDYFDYW,IGHV1-76*01,rIGHD1-3*01,IGHJ2*01,,,,,,,286,321,12,290,1,9,4,48,5,0,2,0,1,4,4,10,0,93,8,4,,,
Seq086_Grp086_IGHV1-76*01_IGHD2-5*01_IGHJ2*01_Len(290|7|3|4|48)_Del(4|13|1|0),86,86,1,,CAGGTCCAGCTGAAGCAGTCTGGGGCTGAGCTGGTGAGGCCTGGGGCTTCAGTGAAGCTGTCCTGCAAGGCTTCTGGCTACACTTTCACTGACTACTATATATACTGGGTGAAGCAGAGGCCTGGACGGGGACTTGAGTGGATTGCAAGGCTTTATCCTGGAAGTGGTAATACTTACTACAATGAGAAGTTTAAGGGCAAGGCCACACTGACTGCAGAAAAATTCTGCAGCGCTGCCTACATGCAGCTCAGCAGCCCGATATCTGAGGACTCAGCTGTCTATTTCTGTGCCCGACCCCTTGTCGACTATTTTGACTACTGGGGCCAAGGCACCACTCTCACAGTCTCCTCAG,CAGGTCCAGCTGAAGCAGTCTGGGGCTGAGCTGGTGAGGCCTGGGGCTTCAGTGAAGCTGTCCTGCAAGGCTTCTGGCTACACTTTCACTGACTACTATATAAACTGGGTGAAGCAGAGGCCTGGACAGGGACTTGAGTGGATTGCAAGGATTTATCCTGGAAGTGGTAATACTTACTACAATGAGAAGTTCAAGGGCAAGGCCACACTGACTGCAGAAAAATCCTCCAGCACTGCCTACATGCAGCTCAGCAGCCTGACATCTGAGGACTCTGCTGTCTATTTCTGTGCCCTACCACTTGTCGACTACTTTGACTACTGGGGCCAAGGCACCACTCTCACAGTCTCCTCAG,,,Y,,,CARPLVDYFDYW,IGHV1-76*01,rIGHD1-3*01,IGHJ2*01,,,,,,,286,321,12,290,1,9,4,48,10,0,2,0,1,4,4,10,0,93,8,4,,,
Seq087_Grp087_IGHV1-76*01_IGHD2-5*01_IGHJ2*01_Len(290|7|3|4|48)_Del(4|13|1|0),87,87,1,,CAGGTCCAGCCGAAGCAGTCTGGGGCTGAGCTTGTGAGGCCTGGGGCTTTAGTGAAGCTGTCCTGCAAGGCTTCTGGCTACACTTTCACTAACTACTATATATCCTGGGTGAAGCAGAGGCCTGGACGGGGACTTGAGTGGATTGCAAGGCTTTATCCTGGAAGTGGTAATACTTACTACAATGAGAAGTTTAAGGGCAGGGCCACACTGACTGCAGAAAAATTCTGCAGCGCTGCCTACATGCAGCTCAGCAGCCCGATATCTGAGGACTCAGCTGTCTATTTCTGTGCCCGACCCCTTGTCGACTATTTTGACTACTGGGGCCAAGGGACCACTCTCACAGTCTCCTCAG,CAGGTCCAGCTGAAGCAGTCTGGGGCTGAGCTGGTGAGGCCTGGGGCTTCAGTGAAGCTGTCCTGCAAGGCTTCTGGCTACACTTTCACTGACTACTATATAAACTGGGTGAAGCAGAGGCCTGGACAGGGACTTGAGTGGATTGCAAGGATTTATCCTGGAAGTGGTAATACTTACTACAATGAGAAGTTCAAGGGCAAGGCCACACTGACTGCAGAAAAATCCTCCAGCACTGCCTACATGCAGCTCAGCAGCCTGACATCTGAGGACTCTGCTGTCTATTTCTGTGCCCGAGCCCTTGTCGACTACTTTGACTACTGGGGCCAAGGCACCACTCTCACAGTCTCCTCAG,,,Y,,,CARPLVDYFDYW,IGHV1-76*01,rIGHD3-2*01,IGHJ2*01,,,,,,,286,321,12,290,0,6,8,48,16,0,1,0,2,4,5,5,0,93,46,4,,,
Seq088_Grp088_IGHV1-76*01_IGHD2-5*01_IGHJ2*01_Len(290|7|3|4|48)_Del(4|13|1|0),88,88,1,,CAGGTCCAGCTGAAGCAGTCTGGGGCTGAGCTGGTGAGGCCTGGGGCTTCAGTGAAGCTGTTCTGCAAGGCTTCTGGCTACACTTTTACTGACTACTATATAAATTGGGTGATGCAGAGCCCTGGACAGGGACTTGAGTGGATTGCAAGGATTTATCCTGGCGGTGGTAATACTTACTACAATGAGAGGTTCAAGGTCAAGGCCACACTGACTGCAGAAAAATCCTCCAGCACTGCCTACATGCAGCTCAGCGGCCTGAGATCTGAGGACTCTTCTGTCTATTTCTGTGCCCGACCCCTACTCGAGTACTTTGGCTACTGGGGCGAACGCACCGTTCTCACAGTCTTCTCAG,CAGGTCCAGCTGAAGCAGTCTGGGGCTGAGCTGGTGAGGCCTGGGGCTTCAGTGAAGCTGTCCTGCAAGGCTTCTGGCTACACTTTCACTGACTACTATATAAACTGGGTGAAGCAGAGGCCTGGACAGGGACTTGAGTGGATTGCAAGGATTTATCCTGGAAGTGGTAATACTTACTACAATGAGAAGTTCAAGGGCAAGGCCACACTGACTGCAGAAAAATCCTCCAGCACTGCCTACATGCAGCTCAGCAGCCTGACATCTGAGGACTCTGCTGTCTATTTCTGTGCCCGACCCCTACTCGAGTACTTTGACTACTGGGGCCAAGGCACCAGTCTCACAGTCTCCTCAG,,,Y,,,CARPLLEYFGYW,IGHV1-76*01,IGHD2-10*01|IGHD2-11*02|IGHD2-14*01|IGHD2-5*01|IGHD2-6*01|IGHD2-9*01,IGHJ2*03,,,,,,,286,321,12,290,6,6,4,46,12,0,0,0,6,4,0,11,0,93,[11 17 23 31 33 39],6,,,
Seq089_Grp089_IGHV1-76*01_IGHD2-5*01_IGHJ2*01_Len(290|7|3|4|48)_Del(4|13|1|0),89,89,1,,CAGGTCCAGCTGAAGCAGTCTGGGGCTGAGCTGGTGAGGCCTGGGGCTTCAGTGAAGCTGTTCTGCAAGGCTTCTGGCTACACTTTAACTGCCTACTATATAAATTGGGTGATGCAGAGCCCTGGACAGGGACTTGAGTGGATTGCAAGGATTTATCCTGGCGGTGGTAATACTTACTACAATGAGAGGTTCAAGGTCAAGGCCACACTGACTGCAGAAAAATCCTCCAGCACTGCCTACATGCAGCTCAGCGGCCTGAGATCTGAGGACTCTTCTGTCTATTTCTGTGCCCGATCCCTACTCGAGTACTTTGGCTACTGGGGCGAGCGCACCGGTCTCACAATCTTTTCAG,CAGGTCCAGCTGAAGCAGTCTGGGGCTGAGCTGGTGAGGCCTGGGGCTTCAGTGAAGCTGTCCTGCAAGGCTTCTGGCTACACTTTCACTGACTACTATATAAACTGGGTGAAGCAGAGGCCTGGACAGGGACTTGAGTGGATTGCAAGGATTTATCCTGGAAGTGGTAATACTTACTACAATGAGAAGTTCAAGGGCAAGGCCACACTGACTGCAGAAAAATCCTCCAGCACTGCCTACATGCAGCTCAGCAGCCTGACATCTGAGGACTCTGCTGTCTATTTCTGTGCCCGATCCCTACTCGAGTACTTTGACTACTGGGGCCAAGGCACCAGTCTCACAGTCTCCTCAG,,,Y,,,CARSLLEYFGYW,IGHV1-76*01,IGHD2-10*01|IGHD2-11*02|IGHD2-14*01|IGHD2-5*01|IGHD2-6*01|IGHD2-9*01,IGHJ2*03,,,,,,,286,321,12,290,6,6,4,46,13,0,0,0,8,4,0,11,0,93,[11 17 23 31 33 39],6,,,
Seq090_Grp090_IGHV1-76*01_IGHD2-5*01_IGHJ2*01_Len(290|7|3|4|48)_Del(4|13|1|0),90,90,1,,CAGGTCCAGCTGAAGCAGTCTGGGGCTGAGCTGGTGAGGCCTGGGGCTTCAGTGAAGCTGTTCTGCAGGGCTTCTGGCTACACTTTAACTGCCTACTATATAAATTGGGTGATGCAGAGCACTGGACAGGGACTTGAGTGGATTGCAAGGATTTATCCTGGCGGTGGTAATACTTACTACAATGAGAGGTTCAAGGTCAAGGCCACACTGACTCCAGAAAAATCCTCCAGCACTGCCTTCATGCAGCTCAGCGGCCTGAGATCTGAGGACTCTTCTGTCTATTTCTGTGCCCGATCCCTACACGAGTACTTTGGCTGCTGGGGCGAGCGCATCGGTCTCACAATCTTTTCAG,CAGGTCCAGCTGAAGCAGTCTGGGGCTGAGCTGGTGAGGCCTGGGGCTTCAGTGAAGCTGTCCTGCAAGGCTTCTGGCTACACTTTCACTGACTACTATATAAACTGGGTGAAGCAGAGGCCTGGACAGGGACTTGAGTGGATTGCAAGGATTTATCCTGGAAGTGGTAATACTTACTACAATGAGAAGTTCAAGGGCAAGGCCACACTGACTGCAGAAAAATCCTCCAGCACTGCCTACATGCAGCTCAGCAGCCTGACATCTGAGGACTCTGCTGTCTATTTCTGTGCCCGATACCTACACGAGTACTTTGACTACTGGGGCCAAGGCACCAGTCTCACAGTCTCCTCAG,,,Y,,,CARSLHEYFGCW,IGHV1-76*01,IGHD5-2*01|IGHD5-3*01|IGHD5-4*01|IGHD5-6*01,IGHJ2*03,,,,,,,286,321,12,290,3,8,5,46,17,0,1,0,10,4,2,0,0,93,[57 59 61 65],6,,,
Seq041_Grp041_IGHV1-31*01_rIGHD2-7*01_IGHJ4*01_Len(293|0|3|6|53)_Del(1|1|13|1),41,41,1,,GAGGTTCAGCTGCAGCAGTCTGGACCTGAGCTGGTGAAGCCTGGGGCTTCAGTGAAGATATCCTGCAAGGCTTCTGGTTACTCATTCACTGGCTACTACATGCACTGGGTGAAGCAGAGCCATGGAAATATCCTCGATTGGATTGGATATATTTATCCTTACAATGGTGTTTCTAGCTACAACCAGAAATTCAAGGGCAAGGCCACATTGACTGTAGACAAGTCCTCTAGCACAGCCTACATGGAGCTCCGCAGCCTGACATCTGAGGACTCTGCAGTCTATTACTGTGCAAGTCGGAGGTGTTACTATGCTATGGACTACTGGGGTCAAGGAACCTCAGTCACCGTCTCCTCAG,GAGGTTCAGCTGCAGCAGTCTGGACCTGAGCTGGTGAAGCCTGGGGCTTCAGTGAAGATATCCTGCAAGGCTTCTGGTTACTCATTCACTGGCTACTACATGCACTGGGTGAAGCAGAGCCATGGAAATATCCTCGATTGGATTGGATATATTTATCCTTACAATGGTGTTTCTAGCTACAACCAGAAATTCAAGGGCAAGGCCACATTGACTGTAGACAAGTCCTCTAGCACAGCCTACATGGAGCTCCGCAGCCTGACATCTGAGGACTCTGCAGTCTATTACTGTGCAAGTCGTAGGTGTTACTATGCTATGGACTACTGGGGTCAAGGAACCTCAGTCACCGTCTCCTCAG,,,Y,,,CASRRCYYAMDYW,IGHV1-31*01,rIGHD5-1*01|rIGHD5-2*01|rIGHD5-3*01|rIGHD5-4*01|rIGHD5-5*01|rIGHD5-6*01,IGHJ4*01,,,,,,,286,324,13,293,2,6,1,53,0,0,1,0,0,1,0,4,1,24,[56 58 60 62 64 66],9,,,
Seq042_Grp042_IGHV1-31*01_rIGHD2-7*01_IGHJ4*01_Len(293|0|3|6|53)_Del(1|1|13|1),42,42,1,,GAGGTTCAGCTGCAGCAGTCTGGACCTGAGCTGGTGAAGCCTAGGGCTTCAGTGAAGATATCCTGTAAGGCTTCTGGTTACTCATTCACTGGCTACTACATGCACTGGGTGAAGCAGAGCCATGGAAATATCCTCGATTGGATTGGATATATTTATCCTTACAATGGTGTTTCTAGCTACAGCCAGAAATTCAAGGGCAAGGCCACATTGACTGTAGACAAGTCCTCTAGCACAGCCTACATGGAGCTCCGCAGCCGGACATCTGAGGACTCTGCAGTCTATTACTGTGCCAGTCGGGGGTGTTACTATGCTATGGACTACTGGGGTCAAGGAACTTCAGTCACCGTCTCCTCAG,GAGGTTCAGCTGCAGCAGTCTGGACCTGAGCTGGTGAAGCCTGGGGCTTCAGTGAAGATATCCTGCAAGGCTTCTGGTTACTCATTCACTGGCTACTACATGCACTGGGTGAAGCAGAGCCATGGAAATATCCTCGATTGGATTGGATATATTTATCCTTACAATGGTGTTTCTAGCTACAACCAGAAATTCAAGGGCAAGGCCACATTGACTGTAGACAAGTCCTCTAGCACAGCCTACATGGAGCTCCGCAGCCTGACATCTGAGGACTCTGCAGTCTATTACTGTGCAAGTCGGGGGTGTTACTATGCTATGGACTACTGGGGTCAAGGAACCTCAGTCACCGTCTCCTCAG,,,Y,,,CASRGCYYAMDYW,IGHV1-31*01,IGHD3-2*01,IGHJ4*01,,,,,,,286,324,13,293,0,5,4,53,5,0,0,0,1,1,7,4,1,24,45,9,,,
Seq043_Grp043_IGHV1-31*01_rIGHD2-7*01_IGHJ4*01_Len(293|0|3|6|53)_Del(1|1|13|1),43,43,1,,GAGGTTCAGCTGCAGCAGTCTGGACCTGAGCTGGTCAAGCCTAGGGCTTCAGTGAAGATATCCTGTAAGGCTTCTGGTTACTCATCCACTGGCTACTACATGCACTGGGTGAAGCAGAGCCATGGAAATATCCTCGATTGGATTGGATATATTTGTCCTTACGATGGTGTTTCTAGCTACAGCCAGAAATTCAAGGGCAAGGCCGCATTGACTGTAGACAAGTCCTCTAGCAGAGCCTACATGGAGCTCCGCAGCCGGACATCTGAGGACTCTGCAGTCTATTACTGTGCCAGTCGGGGGTGTTACTATGCTATGGACTACTGGGGTCAAGGAACTTCAGTCACCGTCTCCTCAG,GAGGTTCAGCTGCAGCAGTCTGGACCTGAGCTGGTGAAGCCTGGGGCTTCAGTGAAGATATCCTGCAAGGCTTCTGGTTACTCATTCACTGGCTACTACATGCACTGGGTGAAGCAGAGCCATGGAAATATCCTCGATTGGATTGGATATATTTATCCTTACAATGGTGTTTCTAGCTACAACCAGAAATTCAAGGGCAAGGCCACATTGACTGTAGACAAGTCCTCTAGCACAGCCTACATGGAGCTCCGCAGCCTGACATCTGAGGACTCTGCAGTCTATTACTGTGCAAGTCGGGGGTGTTACTATGCTATGGACTACTGGGGTCAAGGAACCTCAGTCACCGTCTCCTCAG,,,Y,,,CASRGCYYAMDYW,IGHV1-31*01,IGHD3-2*01,IGHJ4*01,,,,,,,286,324,13,293,0,5,4,53,11,0,0,0,1,1,7,4,1,24,45,9,,,
Seq044_Grp044_IGHV1-31*01_rIGHD2-7*01_IGHJ4*01_Len(293|0|3|6|53)_Del(1|1|13|1),44,44,1,,GAGGTTCAGCTGCAGCAGTCTGGACCTGAGCTGGTCAAGCCTAGGGCTTCAGTGAAGATATCCTGTAAGGCTTCTGGTGACTCATCCACTGGCTACTACATGCACTGGGTGAAGCGGAGCCATGGAAATATCCTCGATTGGATTGGGTATATTTGTCCTTACGATGGTGTTTCTAGCTACAGCCAGAAATTCAAGGGCAAGGCCGCATTGACTGTGGACAAGTCCTCTAGCAGAGCCTACGTGGAGCTCCGCAGCCGGACATCTGAGGACTCTGCAGTCTATTACTGTGCCAGCCGGGGGAGTTACTATGCTATGGACTACTGGGGTCAAGGAACTTCAGTCACCGTCTCCTCAG,GAGGTTCAGCTGCAGCAGTCTGGACCTGAGCTGGTGAAGCCTGGGGCTTCAGTGAAGATATCCTGCAAGGCTTCTGGTTACTCATTCACTGGCTACTACATGCACTGGGTGAAGCAGAGCCATGGAAATATCCTCGATTGGATTGGATATATTTATCCTTACAATGGTGTTTCTAGCTACAACCAGAAATTCAAGGGCAAGGCCACATTGACTGTAGACAAGTCCTCTAGCACAGCCTACATGGAGCTCCGCAGCCTGACATCTGAGGACTCTGCAGTCTATTACTGTGCAAGCCGGGGGAGTTACTATGCTATGGACTACTGGGGTCAAGGAACCTCAGTCACCGTCTCCTCAG,,,Y,,,CASRGSYYAMDYW,IGHV1-31*01,IGHD3-2*01,IGHJ4*01,,,,,,,286,324,13,293,1,4,4,53,16,0,0,0,1,1,8,4,1,24,45,9,,,
Seq045_Grp045_IGHV1-31*01_rIGHD2-7*01_IGHJ4*01_Len(293|0|3|6|53)_Del(1|1|13|1),45,45,1,,GAGGTTCACCTGCAGCAGTCTGGACCTGAGCTGGTCAAGCCTAGGGCTTCAGTGAAGATATCCTGTAAGGCTTCTGGTTACTCATCCACTGGCTACTACATGCGCAGGGTGAAGCAGAGCCATGGAAATATCCTCAATTGGATTGGATATATTTGTCCTTACAATGGTGTTTCTAGCTACAGCCAGAAATTCAAGGGCAGGGCCGCATTGACTGTAGACAAGTCCTCTAGCAGAGCCTACATGGAGCTCCGCGGCCGGACATCTGAGGACTCTGCAGTCTATTACTGTGCCAGTCGGGGGTGTTACTATGCTATGGACTACTGGGGTCAAGGAACTTCAGTCACCGTCTCCTCAG,GAGGTTCAGCTGCAGCAGTCTGGACCTGAGCTGGTGAAGCCTGGGGCTTCAGTGAAGATATCCTGCAAGGCTTCTGGTTACTCATTCACTGGCTACTACATGCACTGGGTGAAGCAGAGCCATGGAAATATCCTCGATTGGATTGGATATATTTATCCTTACAATGGTGTTTCTAGCTACAACCAGAAATTCAAGGGCAAGGCCACATTGACTGTAGACAAGTCCTCTAGCACAGCCTACATGGAGCTCCGCAGCCTGACATCTGAGGACTCTGCAGTCTATTACTGTGCAAGTCGGGGGTGTTACTATGCTATGGACTACTGGGGTCAAGGAACCTCAGTCACCGTCTCCTCAG,,,Y,,,CASRGCYYAMDYW,IGHV1-31*01,IGHD3-2*01,IGHJ4*01,,,,,,,286,324,13,293,0,5,4,53,16,0,0,0,1,1,7,4,1,24,45,9,,,
Seq046_Grp046_IGHV1-31*01_rIGHD2-7*01_IGHJ4*01_Len(293|0|3|6|53)_Del(1|1|13|1),46,46,1,,CAGGTTCACCTGCAGCAGTCTGGACCTGAGCTGGTCAAGCCTAGGGCTTCAGTGAAGATATCCTGTAAGGCTTCTGGTTACTCATCCACTGGCTACTACATGCGCAGGGTGAAGCAGAGCCTTGGAAATATCCTCAACTGGATTGGACATATTTGTCCTTACAATGGTGTTTCTAGCTATAGCCAGAAATTCAAGGGCAGGGCCGCATTGACTGTAGACAAGTCCTCTAGCAGTGCCTACATGGAGCTCCGCGGCCGGACATCTGAGGACTCTGCAGTCTATTACTGTGCCAGTCGGGGGTGTTACTATGCTATCGACTACTGGGGTCAAGGAACTTCAGTCACCGTCTCCTCAG,GAGGTTCAGCTGCAGCAGTCTGGACCTGAGCTGGTGAAGCCTGGGGCTTCAGTGAAGATATCCTGCAAGGCTTCTGGTTACTCATTCACTGGCTACTACATGCACTGGGTGAAGCAGAGCCATGGAAATATCCTCGATTGGATTGGATATATTTATCCTTACAATGGTGTTTCTAGCTACAACCAGAAATTCAAGGGCAAGGCCACATTGACTGTAGACAAGTCCTCTAGCACAGCCTACATGGAGCTCCGCAGCCTGACATCTGAGGACTCTGCAGTCTATTACTGTGCAAGTCGGGGGTGTTACTATGCTATGGACTACTGGGGTCAAGGAACCTCAGTCACCGTCTCCTCAG,,,Y,,,CASRGCYYAIDYW,IGHV1-31*01,IGHD3-2*01,IGHJ4*01,,,,,,,286,324,13,293,0,5,4,53,22,0,0,0,2,1,7,4,1,24,45,9,,,
Seq047_Grp047_IGHV1-31*01_rIGHD2-7*01_IGHJ4*01_Len(293|0|3|6|53)_Del(1|1|13|1),47,47,1,,CAGTTTCACCTGCAGCAGTCTGGACCTGAGCTGGTCAAGCCTAGGGCTTCTGTGAAGATATCCTGTAAGGCTTCTGGTTACTCATCCACTGGCTACTACATGCGCAGGGTGAAGCAGAGCCTTGGAAGTATCCTCAACTGGATTGGACATGTTTGTCCTTACAATGGTGTTTCTAGCTATAGCCAGAAATTCAAGGGCAGGGCCGCATTGACTGTAGACAAGTCCTCTAGCAGTGCCTACATGGAGCTCCGCTGCCGGACATCTGAGGACTCTGCGGTCTATTACTGTGCCAGTCGGGGGTGTTACTATGCTATCGACAACTGGGGTCAAGGAACTTCAGTCACCGTCTCCTCAG,GAGGTTCAGCTGCAGCAGTCTGGACCTGAGCTGGTGAAGCCTGGGGCTTCAGTGAAGATATCCTGCAAGGCTTCTGGTTACTCATTCACTGGCTACTACATGCACTGGGTGAAGCAGAGCCATGGAAATATCCTCGATTGGATTGGATATATTTATCCTTACAATGGTGTTTCTAGCTACAACCAGAAATTCAAGGGCAAGGCCACATTGACTGTAGACAAGTCCTCTAGCACAGCCTACATGGAGCTCCGCAGCCTGACATCTGAGGACTCTGCAGTCTATTACTGTGCAAGTCGGGGGTGTTACTATGCTATGGACTACTGGGGTCAAGGAACCTCAGTCACCGTCTCCTCAG,,,Y,,,CASRGCYYAIDNW,IGHV1-31*01,IGHD3-2*01,IGHJ4*01,,,,,,,286,324,13,293,0,5,4,53,27,0,0,0,3,1,7,4,1,24,45,9,,,
Seq048_Grp048_IGHV1-31*01_rIGHD2-7*01_IGHJ4*01_Len(293|0|3|6|53)_Del(1|1|13|1),48,48,1,,CAGTTTCACCTGCAGCAGTCTGGACCTGAGCTGGTCAAGCCTAGGGCTTCTGTGAAGATATCCTGTAAGGCTTCTGGTTACTCATCCACTGGCTACTACATGCGCAGGGTGAAGCAGAGCCTTGGAAGTATCCTCAACTGGATTGGACATGTTTGTACTTTCAATGGTGTTTCTTGCTACAGCAAGAAATTCAAGGGCAGGGCCGCATTGATTGTAGACAAGTCCTCTAGCAGTGCCTACATGGAGCTCCGCTGCCGGACATCTGAGGACTCTGCGGTCTATTACTGTGCCAATCGGGGGTGTTACTATGCTATCGACAACTGGGGTCAAGGAACTTCAGTCACCGTCTCCTCAG,GAGGTTCAGCTGCAGCAGTCTGGACCTGAGCTGGTGAAGCCTGGGGCTTCAGTGAAGATATCCTGCAAGGCTTCTGGTTACTCATTCACTGGCTACTACATGCACTGGGTGAAGCAGAGCCATGGAAATATCCTCGATTGGATTGGATATATTTATCCTTACAATGGTGTTTCTAGCTACAACCAGAAATTCAAGGGCAAGGCCACATTGACTGTAGACAAGTCCTCTAGCACAGCCTACATGGAGCTCCGCAGCCTGACATCTGAGGACTCTGCAGTCTATTACTGTGCAAATCGGGGGTGTTACTATGCTATGGACTACTGGGGTCAAGGAACCTCAGTCACCGTCTCCTCAG,,,Y,,,CANRGCYYAIDNW,IGHV1-31*01,IGHD3-2*01,IGHJ4*01,,,,,,,286,324,13,292,1,5,4,53,31,0,0,0,3,2,7,4,1,24,45,9,,,
Seq049_Grp049_IGHV1-31*01_rIGHD2-7*01_IGHJ4*01_Len(293|0|3|6|53)_Del(1|1|13|1),49,49,1,,CAGTTTCATCTGCAGCAGTCTGGACCTGAGCTGATCAAGCCTAGGGCTTCTGAGAAGATATCCAGTAAGGCTTCTGGTTACTCATCCACTGGCTACTACATGCGCAGGGTGAAGCAGAGCCTTGGAAGTATCCTCAACTGGATTGGACATGTTTGTGCTTTCAATGGTGTTTCTTGCTACAGCAAGAAATTCAAGGGCAGGGCCGCATTGATTGTAGATAAGTCCTCTAGCAGTGCCTACATGGAGCTCCGCTGCCGGACATCTGAGGACTCTGCGGTCTATTACTGTGCCAATCGGGGGTGTTACTATGCTATCGAGAACTGGGGTCAAGGAACTTCAGTCACCGTCTCCTCAG,GAGGTTCAGCTGCAGCAGTCTGGACCTGAGCTGGTGAAGCCTGGGGCTTCAGTGAAGATATCCTGCAAGGCTTCTGGTTACTCATTCACTGGCTACTACATGCACTGGGTGAAGCAGAGCCATGGAAATATCCTCGATTGGATTGGATATATTTATCCTTACAATGGTGTTTCTAGCTACAACCAGAAATTCAAGGGCAAGGCCACATTGACTGTAGACAAGTCCTCTAGCACAGCCTACATGGAGCTCCGCAGCCTGACATCTGAGGACTCTGCAGTCTATTACTGTGCAAATCGGGGGTGTTACTATGCTATGGACTACTGGGGTCAAGGAACCTCAGTCACCGTCTCCTCAG,,,Y,,,CANRGCYYAIENW,IGHV1-31*01,IGHD3-2*01,IGHJ4*01,,,,,,,286,324,13,292,1,5,4,53,35,0,0,0,4,2,7,4,1,24,45,9,,,
Seq050_Grp050_IGHV1-31*01_rIGHD2-7*01_IGHJ4*01_Len(293|0|3|6|53)_Del(1|1|13|1),50,50,1,,CAGTTTCATCTGCAGCAGTCTGGACCTGAGCTGATCAAGCCTAGGGCTTCTGAGAAGATATCCAGTAAGGCTTCTGGTTACTCATCCACTGGCTACTACATGCGCAGGGTGAAGCAGAGCCTTGGAAGTATCCTCAACTGGATTGGACATGTTTGTGCTTTCAATGGTGTTTCTTGCTGCAGCAAGAAATTCAAGGGCCGGGCCGCATTGATTGTAGATAAGTCCTCTAGCAGTGCCTACAAGGAGCTCCGCTGCCGGACATCTAAGGACTCTGCGGTCTATTACTGTGCCAATCAGGGGCGTTACTATGCTATCGAGAACTGGGGTCAAGGAACTTCAGTCTCCGTCTCCTCAG,GAGGTTCAGCTGCAGCAGTCTGGACCTGAGCTGGTGAAGCCTGGGGCTTCAGTGAAGATATCCTGCAAGGCTTCTGGTTACTCATTCACTGGCTACTACATGCACTGGGTGAAGCAGAGCCATGGAAATATCCTCGATTGGATTGGATATATTTATCCTTACAATGGTGTTTCTAGCTACAACCAGAAATTCAAGGGCAAGGCCACATTGACTGTAGACAAGTCCTCTAGCACAGCCTACATGGAGCTCCGCAGCCTGACATCTGAGGACTCTGCAGTCTATTACTGTGCAAATCAGAGGCGTTACTATGCTATGGACTACTGGGGTCAAGGAACCTCAGTCACCGTCTCCTCAG,,,Y,,,CANQGRYYAIENW,IGHV1-31*01,rIGHD6-1*01|rIGHD6-1*02|rIGHD6-3*01|rIGHD6-4*01,IGHJ4*01,,,,,,,286,324,13,292,2,7,1,53,39,0,1,0,5,2,13,9,1,24,[68 70 76 78],9,,,
Seq061_Grp061_IGHV10-3*01_IGHD1-1*01_IGHJ2*01_Len(301|12|6|0|42)_Del(0|13|4|6),61,61,1,,GAGGTGCAGCTTGTTGAGTCTGGTGGAGGATTGGTGCAGCCTAAAGGATCATTGAAACTCTCATGTGCCGCCTCTGGTTTCACCTTCAATACCTATGCCATGCACTGGGTCCGCCAGGCTCCAGGAAAGGGTTTGGAATGGGTTGCTCGCATAAGAAGTAAAAGTAGTAATTATGCAACATATTATGCCGATTCAGTGAAAGACAGATTCACCATCTCCAGAGATGATTCACAAAGCATGCTCTATCTGCAAATGAACAACCTGAAAACTGAGGACACAGCCATGTATTACTGTGTGAGAGAGGGTGAAAGGATAGTAGTTGACTACTGGGGCCAAGGCACCACTCTCACAGTCTCCTCAG,GAGGTGCAGCTTGTTGAGTCTGGTGGAGGATTGGTGCAGCCTAAAGGATCATTGAAACTCTCATGTGCCGCCTCTGTTTTCACCTTCAATACCTATGCCATGCACTGGGTCCGCCAGGCTCCAGGAAAGGGTTTGGAATGGGTTGCTCGCATAAGAAGTAAAAGTAGTAATTATGCAACATATTATGCCGATTCAGTGAAAGACAGATTCACCATCTCCAGAGATGATTCACAAAGCATGCTCTATCTGCAAATGAACAACCTGAAAACTGAGGACACAGCCATGTATTACTGTGTGAGAGAGGGTGTAACCATAGTAGTTGACTACTGGGGCCAAGGCACCACTCTCACAGTCTCCTCAG,,,Y,,,CVREGERIVVDYW,IGHV10-3*02,rIGHD2-2*01|rIGHD2-4*01|rIGHD2-7*01|rIGHD2-9*01|rIGHD2-9*02,IGHJ2*01,,,,,,,292,330,13,302,4,13,0,42,1,0,3,0,0,0,3,1,6,110,[26 30 36 40 42],4,,,
Seq062_Grp062_IGHV10-3*01_IGHD1-1*01_IGHJ2*01_Len(301|12|6|0|42)_Del(0|13|4|6),62,62,1,,GAGGTGCAGCTTGTTGAGTCTGGTGCGGGTTGGGTGCACCCTAAAGGATCATTGAAACTCTCATGTGCCGCCTCTGGTTTCACCTTCAATACCTATGCCATGCAATGGGTCCGCCAGGCTCCAGGAAAGGGTTTGGAATGGGTTGCTCGCATAAGAAGTAAAAGTAGTAATTATGCAACATATTATGCCGATTCAGTGAAAGACAGATTCACCATCTCCAGAGATGATTCACAAAGCATGCTCTATCTACAAATGAACAACCTGAAAACTGAGGACACAGCCATGTATTACTGTGTGAGAGAGGGTGAAAGGATAGTAGTTGACTACTGGGGCCAAGGCACCACTCTCACAGTCTCCTCAG,GAGGTGCAGCTTGTTGAGTCTGGTGGAGGATTGGTGCAGCCTAAAGGATCATTGAAACTCTCATGTGCCGCCTCTGTTTTCACCTTCAATACCTATGCCATGCACTGGGTCCGCCAGGCTCCAGGAAAGGGTTTGGAATGGGTTGCTCGCATAAGAAGTAAAAGTAGTAATTATGCAACATATTATGCCGATTCAGTGAAAGACAGATTCACCATCTCCAGAGATGATTCACAAAGCATGCTCTATCTGCAAATGAACAACCTGAAAACTGAGGACACAGCCATGTATTACTGTGTGAGAGAGGGTGTAACCATAGTAGTTGACTACTGGGGCCAAGGCACCACTCTCACAGTCTCCTCAG,,,Y,,,CVREGERIVVDYW,IGHV10-3*02,rIGHD2-2*01|rIGHD2-4*01|rIGHD2-7*01|rIGHD2-9*01|rIGHD2-9*02,IGHJ2*01,,,,,,,292,330,13,302,4,13,0,42,8,0,3,0,0,0,3,1,6,110,[26 30 36 40 42],4,,,
Seq063_Grp063_IGHV10-3*01_IGHD1-1*01_IGHJ2*01_Len(301|12|6|0|42)_Del(0|13|4|6),63,63,1,,GAGGTGCAGCTTGTTGAGTCTGGTGCAGGTTGGGTGCACCCTAAAGGATCATTGAAACTCCCATGTGCCGCGTCTGATTTCACCTTCAATACCTATGCCATGGAATGGGTCCGCCAGGCTCCAGGAAAGGGTTTGGAATGGGTTGCTCGCATAAGAAGTAAAAGTAGTAATTATGCAACATATTATGCCGATTCAGTGAAAGACAGATTCACCATCTCCAGAGATGATTCACAAAGCATGCTCTATCTACAAATAAACAACCTGAAAACTGAGGACACAGCCATGTATTACTGTGTGAGAGAGGGTGAAAGGATAGTAGTTGACTACTGGGACCAAGGCACCACTCTCACAGTCTCCTCAG,GAGGTGCAGCTTGTTGAGTCTGGTGGAGGATTGGTGCAGCCTAAAGGATCATTGAAACTCTCATGTGCCGCCTCTGTTTTCACCTTCAATACCTATGCCATGCACTGGGTCCGCCAGGCTCCAGGAAAGGGTTTGGAATGGGTTGCTCGCATAAGAAGTAAAAGTAGTAATTATGCAACATATTATGCCGATTCAGTGAAAGACAGATTCACCATCTCCAGAGATGATTCACAAAGCATGCTCTATCTGCAAATGAACAACCTGAAAACTGAGGACACAGCCATGTATTACTGTGTGAGAGAGGGTGTAACCATAGTAGTTGACTACTGGGGCCAAGGCACCACTCTCACAGTCTCCTCAG,,,Y,,,CVREGERIVVDYW,IGHV10-3*02,rIGHD2-2*01|rIGHD2-4*01|rIGHD2-7*01|rIGHD2-9*01|rIGHD2-9*02,IGHJ2*01,,,,,,,292,330,13,302,4,13,0,42,11,0,3,0,1,0,3,1,6,110,[26 30 36 40 42],4,,,
Seq064_Grp064_IGHV10-3*01_IGHD1-1*01_IGHJ2*01_Len(301|12|6|0|42)_Del(0|13|4|6),64,64,1,,GAGATGCAGCCTGTTCAGTCTGGTGCAGGTTGGGTGCACCCTAAAGGATCATTGAAACTCCCATGTGCCGCGTCCGATTTCACCTTCAATACCTATGCCATGGAATGGGTCCGCCAGGCTCCAGGAAAGGGTTTGGAATGGGTTGCTCGCATAAGAAGTAAAAGTAGTAATTATGCAACATATTATGCCGATTCAGTGAAAGACAGATTCACCATCTCCAGAGACGATTCACAAAGCATGCTCTATCTACAAATAAACAACCTGGAAACTGAGGACACAGCCATGTATTACTGTGTGAGAGAGGGTGAAAGGATAGTAGTTGACTACTGGGACCAAGGCACCACTCTCACAGTCTCCTCGG,GAGGTGCAGCTTGTTGAGTCTGGTGGAGGATTGGTGCAGCCTAAAGGATCATTGAAACTCTCATGTGCCGCCTCTGTTTTCACCTTCAATACCTATGCCATGCACTGGGTCCGCCAGGCTCCAGGAAAGGGTTTGGAATGGGTTGCTCGCATAAGAAGTAAAAGTAGTAATTATGCAACATATTATGCCGATTCAGTGAAAGACAGATTCACCATCTCCAGAGATGATTCACAAAGCATGCTCTATCTGCAAATGAACAACCTGAAAACTGAGGACACAGCCATGTATTACTGTGTGAGAGAGGGTGTAACCATAGTAGTTGACTACTGGGGCCAAGGCACCACTCTCACAGTCTCCTCAG,,,Y,,,CVREGERIVVDYW,IGHV10-3*02,rIGHD2-2*01|rIGHD2-4*01|rIGHD2-7*01|rIGHD2-9*01|rIGHD2-9*02,IGHJ2*01,,,,,,,292,330,13,302,4,13,0,42,17,0,3,0,2,0,3,1,6,110,[26 30 36 40 42],4,,,
Seq065_Grp065_IGHV10-3*01_IGHD1-1*01_IGHJ2*01_Len(301|12|6|0|42)_Del(0|13|4|6),65,65,1,,GAGGTGCAGCTTGTTGAGTCTGGTGCAGCTTGGGTGCATCCTAAAGAATCATTGAAACTCCCATGTGCCGCGTCTGATTTCACCTTCAATACCTATGCCATGGGATGGGTCCGCCAGGCTCCAGGAAAGGGTTTGGAATGGGTTGCTCTCATAAGAAGTAAAAGTAGTAATTATGCAACATATTATGCCGATTCAGTGAAAGACAGATTCACCATCTCCAGAGATGATTCACAAAGCATGCTCTATCTACAAATAAACAACCTGAAAACTAAGGACACAGCCATGTATTACTGTGTGAGAGAGGGTGAAAGGATAATAGTTGACTACTGGGACCAAGGCACCACTCTCACAGTCTCCTCAG,GAGGTGCAGCTTGTTGAGTCTGGTGGAGGATTGGTGCAGCCTAAAGGATCATTGAAACTCTCATGTGCCGCCTCTGTTTTCACCTTCAATACCTATGCCATGCACTGGGTCCGCCAGGCTCCAGGAAAGGGTTTGGAATGGGTTGCTCGCATAAGAAGTAAAAGTAGTAATTATGCAACATATTATGCCGATTCAGTGAAAGACAGATTCACCATCTCCAGAGATGATTCACAAAGCATGCTCTATCTGCAAATGAACAACCTGAAAACTGAGGACACAGCCATGTATTACTGTGTGAGAGAGGGTGAAAGGATCATAGTTGACTACTGGGGCCAAGGCACCACTCTCACAGTCTCCTCAG,,,Y,,,CVREGERIIVDYW,IGHV10-3*02,rIGHD2-4*01|rIGHD2-9*02,IGHJ2*01,,,,,,,292,330,13,302,10,7,0,42,16,0,1,0,1,0,6,4,6,110,[30 42],4,,,
Seq066_Grp066_IGHV10-3*01_IGHD1-1*01_IGHJ2*01_Len(301|12|6|0|42)_Del(0|13|4|6),66,66,1,,GAGGTGCAGCTTGTTGAGTCTGGTGCAGCTTGGGTGCACCCTAAAGAATCATTGAAACTTCCATGTGCCGCGTCTGATTTCACCTTCAATACCTATGCCATGGGATGGGTCCGCCAGGCTCCAGGACAGGCTTTGGAATGGGTTGCTCTCATAAGAAGTAAAAGCAGTAATTACGCAACATATTATGCCGATTCAGTGAAAGACAGATTCACCATCTCCGGAGATGATTCACAAAGCATGCTCTATCTACAAATAAACAACCTGAAAACTAAGGACACAGCCATGTATTACTGTGTGAGAGAGGGTGAAAGGATAATAGTTGACTACTGGGACCAAGGCACCACTCTCACAGTCTCCTCAG,GAGGTGCAGCTTGTTGAGTCTGGTGGAGGATTGGTGCAGCCTAAAGGATCATTGAAACTCTCATGTGCCGCCTCTGTTTTCACCTTCAATACCTATGCCATGCACTGGGTCCGCCAGGCTCCAGGAAAGGGTTTGGAATGGGTTGCTCGCATAAGAAGTAAAAGTAGTAATTATGCAACATATTATGCCGATTCAGTGAAAGACAGATTCACCATCTCCAGAGATGATTCACAAAGCATGCTCTATCTGCAAATGAACAACCTGAAAACTGAGGACACAGCCATGTATTACTGTGTGAGAGAGGGTGAAAGGATCATAGTTGACTACTGGGGCCAAGGCACCACTCTCACAGTCTCCTCAG,,,Y,,,CVREGERIIVDYW,IGHV10-3*02,rIGHD2-4*01|rIGHD2-9*02,IGHJ2*01,,,,,,,292,330,13,302,10,7,0,42,22,0,1,0,1,0,6,4,6,110,[30 42],4,,,
Seq067_Grp067_IGHV10-3*01_IGHD1-1*01_IGHJ2*01_Len(301|12|6|0|42)_Del(0|13|4|6),67,67,1,,GAGGTGCAGCTTGTTGAGTCTGGTGCAGCTTGGGTGCACCCTAAAGAATCATTGAAACTGCTATGTGCCGCGTCTGATTTCACCTTCAATACCTATGCCATGGGATGGGTCCGCCAGGCTCCAGGACAGGCTTTGGAATGGGTTGGTCTCATAAGAAGTAAAAGCAGTAGTTACGCAACATATTGTGCCGATTCAGTGAAAGACAGATTCACCGTCTCCGGAGATGATTCACAAAGCATGCTCTATCTACAAATAAACAACCTGAAAACTAAGGACACAGCCATGTATTACTGTGTGAGAGAGGGTGAAATGATAATAGTTGACTACTGGGACCAAGGCACCACTCTCACAGTCTCCTCAG,GAGGTGCAGCTTGTTGAGTCTGGTGGAGGATTGGTGCAGCCTAAAGGATCATTGAAACTCTCATGTGCCGCCTCTGTTTTCACCTTCAATACCTATGCCATGCACTGGGTCCGCCAGGCTCCAGGAAAGGGTTTGGAATGGGTTGCTCGCATAAGAAGTAAAAGTAGTAATTATGCAACATATTATGCCGATTCAGTGAAAGACAGATTCACCATCTCCAGAGATGATTCACAAAGCATGCTCTATCTGCAAATGAACAACCTGAAAACTGAGGACACAGCCATGTATTACTGTGTGAGAGAGGGTGTAATCATAGTAGTTGACTACTGGGGCCAAGGCACCACTCTCACAGTCTCCTCAG,,,Y,,,CVREGEMIIVDYW,IGHV10-3*02,rIGHD2-4*01|rIGHD2-9*02,IGHJ2*01,,,,,,,292,330,13,302,4,13,0,42,27,0,3,0,1,0,3,1,6,110,[30 42],4,,,
Seq068_Grp068_IGHV10-3*01_IGHD1-1*01_IGHJ2*01_Len(301|12|6|0|42)_Del(0|13|4|6),68,68,1,,GAGGTGCAGCTTGTTGAGTCTGGTGGAGGATTGGTGCAGCCTAAAGGATCATTGAAACTCTCATGTGCCGCCTCTGGTTTCACCTTCGATACCTATGCCATGCACTGGGTCCGCCAGGCTCCAGGAAAAGGTTTGGAATGGGTTGCTCGCATAAGAAGTAAAAGTAGTATTTATGCAACATATTATGCCGATTCAGTGAAAGACAGATTCACCATTTCCAGAGATGATTCACAAAGCATGCTCTATCTGCAAATGAACAACCTGAAACCTGAGGACACAGCCATGTATTACTGTGTGAGAGAGGGTGAAAGGATAGTAGTTGACTACTGGGGCCAAGGCGCCACTCTCACATTCTCCTCAG,GAGGTGCAGCTTGTTGAGTCTGGTGGAGGATTGGTGCAGCCTAAAGGATCATTGAAACTCTCATGTGCCGCCTCTGTTTTCACCTTCAATACCTATGCCATGCACTGGGTCCGCCAGGCTCCAGGAAAGGGTTTGGAATGGGTTGCTCGCATAAGAAGTAAAAGTAGTAATTATGCAACATATTATGCCGATTCAGTGAAAGACAGATTCACCATCTCCAGAGATGATTCACAAAGCATGCTCTATCTGCAAATGAACAACCTGAAAACTGAGGACACAGCCATGTATTACTGTGTGAGAGAGGGTGTAACCATAGTAGTTGACTACTGGGGCCAAGGCACCACTCTCACAGTCTCCTCAG,,,Y,,,CVREGERIVVDYW,IGHV10-3*02,rIGHD2-2*01|rIGHD2-4*01|rIGHD2-7*01|rIGHD2-9*01|rIGHD2-9*02,IGHJ2*01,,,,,,,292,330,13,302,4,13,0,42,6,0,3,0,2,0,3,1,6,110,[26 30 36 40 42],4,,,
Seq069_Grp069_IGHV10-3*01_IGHD1-1*01_IGHJ2*01_Len(301|12|6|0|42)_Del(0|13|4|6),69,69,1,,GAGGTGCAACTTGTTGAGTCTGGTGCAGGATTGGTGCAGCCTAAAGGATCATTGAAACTCTCATGTGCCGCCTCTGGTTTCACCTTCGATACCTATGCCATGCACTGGGTCCGCCTGGCTCCAGGAAAAGGCTTGGAATGGGTTGCTCGCATAAGAAGTAAAAGTAGTATTTATGCAACATATTATGCCGATTCAGTGAAAGACAGATTCACCATTTCCAGAGATGATTCACAAAGCATGCTCCATCTGCAAATGAACAACCTGAATCCTGAGGACACAGCCATGTATTACTGTGTGAGAGAGGGTGAAAGGATAGTAGTTGACTACTGGGGCCAAGGCCCCACTCTCACATTCTCCTCAG,GAGGTGCAGCTTGTTGAGTCTGGTGGAGGATTGGTGCAGCCTAAAGGATCATTGAAACTCTCATGTGCCGCCTCTGGTTTCACCTTCAATACCTATGCCATGCACTGGGTCCGCCAGGCTCCAGGAAAGGGTTTGGAATGGGTTGCTCGCATAAGAAGTAAAAGTAGTAATTATGCAACATATTATGCCGATTCAGTGAAAGACAGATTCACCATCTCCAGAGATGATTCACAAAGCATGCTCTATCTGCAAATGAACAACCTGAAAACTGAGGACACAGCCATGTATTACTGTGTGAGAGAGGGTGTAACCATAGTAGTTGACTACTGGGGCCAAGGCACCACTCTCACAGTCTCCTCAG,,,Y,,,CVREGERIVVDYW,IGHV10-3*01,rIGHD2-2*01|rIGHD2-4*01|rIGHD2-7*01|rIGHD2-9*01|rIGHD2-9*02,IGHJ2*01,,,,,,,292,330,13,301,5,13,0,42,11,0,3,0,2,0,3,1,6,109,[26 30 36 40 42],4,,,
Seq070_Grp070_IGHV10-3*01_IGHD1-1*01_IGHJ2*01_Len(301|12|6|0|42)_Del(0|13|4|6),70,70,1,,GAGGTGCAACTTGTTGAGTCTGGTGCAGGATTAGTGCAGCCTAAAGGATCATTGAAACTCTCATGTGCCGCCTCTGGTTTCACCTTCGATACCTATGCCATGCACTGGGTCCGCCTGGCTCCAGGAAAAGGCTTGGAATGGGTTGCTCGCATAAGAGGTAAAAGTAGTATTTATGCAACATATTATGCAGATTCAGTGAAAAACAGATTCACCATTTCCAGAGATGATTCACAAAGCGTACTCCATCTGCAAATGAACAACCTGAATCCTGAGGACACAGCCATGTGTTACTGTGTGAGAGAGGGTGAAAGGATAGTAGTTGACTACTGGGGCCAAGGCCCCACTCTCACATTCTCCTCAG,GAGGTGCAGCTTGTTGAGTCTGGTGGAGGATTGGTGCAGCCTAAAGGATCATTGAAACTCTCATGTGCCGCCTCTGGTTTCACCTTCAATACCTATGCCATGCACTGGGTCCGCCAGGCTCCAGGAAAGGGTTTGGAATGGGTTGCTCGCATAAGAAGTAAAAGTAGTAATTATGCAACATATTATGCCGATTCAGTGAAAGACAGATTCACCATCTCCAGAGATGATTCACAAAGCATGCTCTATCTGCAAATGAACAACCTGAAAACTGAGGACACAGCCATGTATTACTGTGTGAGAGAGGGTGTAACCATAGTAGTTGACTACTGGGGCCAAGGCACCACTCTCACAGTCTCCTCAG,,,Y,,,CVREGERIVVDYW,IGHV10-3*01,rIGHD2-2*01|rIGHD2-4*01|rIGHD2-7*01|rIGHD2-9*01|rIGHD2-9*02,IGHJ2*01,,,,,,,292,330,13,301,5,13,0,42,18,0,3,0,2,0,3,1,6,109,[26 30 36 40 42],4,,,
Seq071_Grp071_IGHV7-3*01_IGHD3-1*01_IGHJ2*01_Len(303|6|5|6|44)_Del(1|5|7|4),71,71,1,,GAGGTGAAGCTGGTGGAGTCTGGAGGAGGCTTGGTACAGCCTGGGGGTTCTCTGAGTCTCTCCTGTGCAGCTTCTGGATTCACCTTCACTGATTACTACATGAGCTGGGTCCGCCAGCCTCCAGGGAAGGCACTTGAGTGGTTGGGTTTTATTAGAAACAAAGCTAATGGTTACACAACAGAGTACAGTGCATCTGTGAAGGGTCGGTTCACCATCTCCAGAGATAATTCCCAAAGCATCCTCTATCTTCAAATGAATGCCCTGAGAGCTGAGGACAGTGCCACTTATTACTGTGCAAGATATGGGGGTAGCTCGGGAGACTTTGACTACTGGGGCCAAGGCACCACTCTCACAGTCTCCTCAG,GAGGTGAAGCTGGTGGAGTCTGGAGGAGGCTTGGTACAGCCTGGGGGTTCTCTGAGTCTCTCCTGTGCAGCTTCTGGATTCACCTTCACTGATTACTACATGAGCTGGGTCCGCCAGCCTCCAGGGAAGGCACTTGAGTGGTTGGGTTTTATTAGAAACAAAGCTAATGGTTACACAACAGAGTACAGTGCATCTGTGAAGGGTCGGTTCACCATCTCCAGAGATAATTCCCAAAGCATCCTCTATCTTCAAATGAATGCCCTGAGAGCTGAGGACAGTGCCACTTATTACTGTGCAAGATATGGGGGTAGCTCGGGAGACTTTGACTACTGGGGCCAAGGCACCACTCTCACAGTCTCCTCAG,,,Y,,,CARYGGSSGDFDYW,IGHV7-3*01,IGHD3-2*01,IGHJ2*01,,,,,,,292,333,14,303,6,8,2,45,0,0,0,0,0,1,4,4,3,363,45,4,,,
Seq072_Grp072_IGHV7-3*01_IGHD3-1*01_IGHJ2*01_Len(303|6|5|6|44)_Del(1|5|7|4),72,72,1,,GAGGTGAAGCTGGTGGAGTCAGGAGGAGGCTTGGTACAGCCCAGGGGTTCTCTGAGTCTCTCCTGTGCAGCTTCTGGATTCACCTTCACTGATTACTACATGAGCTGGGTCCGCCAGCCTCCAGGGAAGGCACTTGAGTGGTTGGGTTTTATTAGAAACAAAGCTAATGGTTACACAACAGAGTACAGTGCATCTGTGAAGGGTCGGTTCACCATCTCCAGAGATAATTCCCAAAGCATCCTCTATCTTCAAATGAATGCTCTAAGAGCTGAGGACAGTGCCTCTTATTACTGTGCAAGATATGGGGGTAGCTCGGGAGACTTTGACTACTGGGGCCAAGGCACCACTCTTACAGTCTCCTCAG,GAGGTGAAGCTGGTGGAGTCTGGAGGAGGCTTGGTACAGCCTGGGGGTTCTCTGAGTCTCTCCTGTGCAGCTTCTGGATTCACCTTCACTGATTACTACATGAGCTGGGTCCGCCAGCCTCCAGGGAAGGCACTTGAGTGGTTGGGTTTTATTAGAAACAAAGCTAATGGTTACACAACAGAGTACAGTGCATCTGTGAAGGGTCGGTTCACCATCTCCAGAGATAATTCCCAAAGCATCCTCTATCTTCAAATGAATGCCCTGAGAGCTGAGGACAGTGCCACTTATTACTGTGCAAGATATGGGGGTAGCTCGGGAGACTTTGACTACTGGGGCCAAGGCACCACTCTCACAGTCTCCTCAG,,,Y,,,CARYGGSSGDFDYW,IGHV7-3*01,IGHD3-2*01,IGHJ2*01,,,,,,,292,333,14,303,6,8,2,45,6,0,0,0,1,1,4,4,3,363,45,4,,,
Seq073_Grp073_IGHV7-3*01_IGHD3-1*01_IGHJ2*01_Len(303|6|5|6|44)_Del(1|5|7|4),73,73,1,,GAGGTGAAGCTGGTGGAGTCAGGAGGAGGCTTGGTACAGCCCAGGGGTTCTCTGAGTCTCTCCTGTGCAGCTTCTGGATTCACCTTCACTGATTACCACATGAGCTGGGTCCGCCAGCCTCCAGGGAAGGCACTTGAGTGGTTGGGTTTTATTAGAAACAAAGCTAATGATTACACAACAGAGTACAGTGCGTCTGTGAAGGGTCGGTTCCCCATCTCCAGAGATAATTCCCAAAGCATCCTCTATCTTCAAATGAATGCTCTAAGAGCTGAGGACAGTGCCTCTTGTTACTGTGCAAGTTATGGGGGTAGCTCGGGAGACTTTAACTACTGGGGCCAAGGCACCACTCTTACAGTCTCCTCAG,GAGGTGAAGCTGGTGGAGTCTGGAGGAGGCTTGGTACAGCCTGGGGGTTCTCTGAGTCTCTCCTGTGCAGCTTCTGGATTCACCTTCACTGATTACTACATGAGCTGGGTCCGCCAGCCTCCAGGGAAGGCACTTGAGTGGTTGGGTTTTATTAGAAACAAAGCTAATGGTTACACAACAGAGTACAGTGCATCTGTGAAGGGTCGGTTCACCATCTCCAGAGATAATTCCCAAAGCATCCTCTATCTTCAAATGAATGCCCTGAGAGCTGAGGACAGTGCCACTTATTACTGTGCAAGATATGGTGGTAGCTCGGGAGACTTTGACTACTGGGGCCAAGGCACCACTCTCACAGTCTCCTCAG,,,Y,,,CASYGGSSGDFNYW,IGHV7-3*01,IGHD1-1*02,IGHJ2*01,,,,,,,292,333,14,303,0,10,6,45,12,0,1,0,2,1,11,2,3,363,3,4,,,
Seq074_Grp074_IGHV7-3*01_IGHD3-1*01_IGHJ2*01_Len(303|6|5|6|44)_Del(1|5|7|4),74,74,1,,GAGGTGAAGCTGGTGGAGTCAGGAGGAGGCTCGGTACAGCCCAGGGGTTCTCTGAGTCTCTCCTGTGCAGCTTCTGGATTCACCTTCACTGATTACCACATGAGCTGGGTCCGCCAGCCTCCAGGGAAGGCACTTGAGTGGTTGTGTTTTATTAGAGACAAAGCTAATGATTACACAACCGAGTACAGTGCGTCTGTGAAGGGTCGGTTCCCCCTCTCCAGAGATAATTCCCAGAGCATCCTCTATCTTCAAATGAATGCTCTAAGAGCAGAGGACAGTGCCTCTTGTTACTGTGCAAGTTATGGGGGTAGCTCGGGAGACTTTAACTACTGGGGCCAAGGCACCACTCTTACAGTCTCCTCAG,GAGGTGAAGCTGGTGGAGTCTGGAGGAGGCTTGGTACAGCCTGGGGGTTCTCTGAGTCTCTCCTGTGCAGCTTCTGGATTCACCTTCACTGATTACTACATGAGCTGGGTCCGCCAGCCTCCAGGGAAGGCACTTGAGTGGTTGGGTTTTATTAGAAACAAAGCTAATGGTTACACAACAGAGTACAGTGCATCTGTGAAGGGTCGGTTCACCATCTCCAGAGATAATTCCCAAAGCATCCTCTATCTTCAAATGAATGCCCTGAGAGCTGAGGACAGTGCCACTTATTACTGTGCAAGATATGGTGGTAGCTCGGGAGACTTTGACTACTGGGGCCAAGGCACCACTCTCACAGTCTCCTCAG,,,Y,,,CASYGGSSGDFNYW,IGHV7-3*01,IGHD1-1*02,IGHJ2*01,,,,,,,292,333,14,303,0,10,6,45,19,0,1,0,2,1,11,2,3,363,3,4,,,
Seq075_Grp075_IGHV7-3*01_IGHD3-1*01_IGHJ2*01_Len(303|6|5|6|44)_Del(1|5|7|4),75,75,1,,GAGGTGAAGCTGGTGGAGTCAGGAGGAGGCTCGGTACAGCCCAGGGGTTCTCTGAGTCTCTCCTGTGCAGCTTCTGGATTCACCTTCACTGATTACCACATGAGCTGGGTCCGCCAGCCTCCAGGGAAGGCACTTGAGTGGTTGTGTTTTATTAGAGACAAAGCTAATGATTACACAACCGAGTACAGTGCGTCTATGAAGGGTCGGTTCCTCCTCTCCAGAGATAATTCCCAGAGCATCCTCTATCCTCAAATGAATGCTCTAAGAGCAGGGGACAGTGCCTCTTGTTACTGTGCAAGTTATAGGGGTAGCTCGGAAGACTTTAACTACTGGGGCCAAGGCACCACTCTTACAGTGTCCTCAG,GAGGTGAAGCTGGTGGAGTCTGGAGGAGGCTTGGTACAGCCTGGGGGTTCTCTGAGTCTCTCCTGTGCAGCTTCTGGATTCACCTTCACTGATTACTACATGAGCTGGGTCCGCCAGCCTCCAGGGAAGGCACTTGAGTGGTTGGGTTTTATTAGAAACAAAGCTAATGGTTACACAACAGAGTACAGTGCATCTGTGAAGGGTCGGTTCACCATCTCCAGAGATAATTCCCAAAGCATCCTCTATCTTCAAATGAATGCCCTGAGAGCTGAGGACAGTGCCACTTATTACTGTGCAAGATATAGTGGTAGCTCGGAAGACTTTGACTACTGGGGCCAAGGCACCACTCTCACAGTCTCCTCAG,,,Y,,,CASYRGSSEDFNYW,IGHV7-3*01,IGHD1-3*01,IGHJ2*01,,,,,,,292,333,14,304,0,10,5,45,23,0,1,0,3,0,12,1,3,363,7,4,,,
Seq076_Grp076_IGHV7-3*01_IGHD3-1*01_IGHJ2*01_Len(303|6|5|6|44)_Del(1|5|7|4),76,76,1,,GAGGTGAAGCTGGTGGAGTCAGGAGGAGGCTCGGTACAGCCCAGGTGTTCTCTGAGTCTTTCCTGTGCAGCTTTTGGATTCACCTTCACTGATTTCCACATGAGCTGGGTCCGCCCGCCTCCAGGGAAGGCACTTGAGTGGTTGTGTTTTATTAGAGACAAAGCTAATGATTACACAACCGAGTACAGTGCGTCTATGAAGGGTCGGTTCCTCCTCTCCAGAGATAATTCCCAGAGCATCCTCTATCCTCAAATGAATGCTCTAAGAGCAGGGGACAGTGTCTCTTGTTACTGTGCAAGTTATAGGGGTAGCTCGGAAGAGTTTAACTACTGGGGCCAAGGCACCACTCTTACAGTGTCCTCAG,GAGGTGAAGCTGGTGGAGTCTGGAGGAGGCTTGGTACAGCCTGGGGGTTCTCTGAGTCTCTCCTGTGCAGCTTCTGGATTCACCTTCACTGATTACTACATGAGCTGGGTCCGCCAGCCTCCAGGGAAGGCACTTGAGTGGTTGGGTTTTATTAGAAACAAAGCTAATGGTTACACAACAGAGTACAGTGCATCTGTGAAGGGTCGGTTCACCATCTCCAGAGATAATTCCCAAAGCATCCTCTATCTTCAAATGAATGCCCTGAGAGCTGAGGACAGTGCCACTTATTACTGTGCAAGATATAGTGGTAGCTCGGAAGACTTTGACTACTGGGGCCAAGGCACCACTCTCACAGTCTCCTCAG,,,Y,,,CASYRGSSEEFNYW,IGHV7-3*01,IGHD1-3*01,IGHJ2*01,,,,,,,292,333,14,304,0,10,5,45,29,0,1,0,4,0,12,1,3,363,7,4,,,
Seq077_Grp077_IGHV7-3*01_IGHD3-1*01_IGHJ2*01_Len(303|6|5|6|44)_Del(1|5|7|4),77,77,1,,GAGGTGATGCTGGTGGAGTCAGGAGGAGGCTCGGTACAGCCCAGGTGTTGTCTGAGTCTTTCCTGTGCAGCTTTTGGATTCACCTTCACTGATTTCCACATGAGCTGGGTCCGCCCGCCTCCAGGGAAGGCACTTGAGTGGTTGTGTTTTATTAGAGACAAAGCTAATGATTACACAACCGAGTACAGTGCGTTTATGAAGGGACGGTTCCTCTTCTCTAGAGATAATTCCCAGAGCATCCTCTATCCTCAAATGAATGCTCTAAGAGCAGGGGACAGTGTCTCTTGTTACTGTGCAAGTTATAGGGCTAGCTCGGAAGAGTTTAACTACTGGGGCCAAGGCACCACTCTTACAGTGTCCTCAG,GAGGTGAAGCTGGTGGAGTCTGGAGGAGGCTTGGTACAGCCTGGGGGTTCTCTGAGTCTCTCCTGTGCAGCTTCTGGATTCACCTTCACTGATTACTACATGAGCTGGGTCCGCCAGCCTCCAGGGAAGGCACTTGAGTGGTTGGGTTTTATTAGAAACAAAGCTAATGGTTACACAACAGAGTACAGTGCATCTGTGAAGGGTCGGTTCACCATCTCCAGAGATAATTCCCAAAGCATCCTCTATCTTCAAATGAATGCCCTGAGAGCTGAGGACAGTGCCACTTATTACTGTGCAAGATATAGGGCTAGCTCGGAAGACTTTGACTACTGGGGCCAAGGCACCACTCTCACAGTCTCCTCAG,,,Y,,,CASYRASSEEFNYW,IGHV7-3*01,rIGHD6-1*01|rIGHD6-1*02|rIGHD6-3*01|rIGHD6-4*01,IGHJ2*01,,,,,,,292,333,14,304,1,8,6,45,34,0,0,0,4,0,17,4,3,363,[68 70 76 78],4,,,
Seq078_Grp078_IGHV7-3*01_IGHD3-1*01_IGHJ2*01_Len(303|6|5|6|44)_Del(1|5|7|4),78,78,1,,GAGGTGAAGCTGGTGGAGTCAGAAGGAGGCTTGGTACAGCCCAGGGGTTCTCTGAGTCTCTCCTGTGCAGCTTCTGGGTTCACCTTCACTGATTACCACATGAGCTGGGTCCGCCAGTCTCCAGGGAAGGCACTTGAGTGGTTGGGTTTTATTAGAAACAAAGCTAATGATTACACAACAGAGTACGGTGCGTCTGTGAAGGGTCGGTTCCCCATCTCCAGAGATAATTCCCAAAGCATCCTCTATCTTCAAATGAATGCTCTAAGAGCTGAGGACAGTGCCTCTTGTTACTGCGCAAGTTATGGGGGTTGCTCTGGAGACTTTAACTACTGGGGCCAAGGCACCACTCTTACAGTCTCCTCAG,GAGGTGAAGCTGGTGGAGTCTGGAGGAGGCTTGGTACAGCCTGGGGGTTCTCTGAGTCTCTCCTGTGCAGCTTCTGGATTCACCTTCACTGATTACTACATGAGCTGGGTCCGCCAGCCTCCAGGGAAGGCACTTGAGTGGTTGGGTTTTATTAGAAACAAAGCTAATGGTTACACAACAGAGTACAGTGCATCTGTGAAGGGTCGGTTCACCATCTCCAGAGATAATTCCCAAAGCATCCTCTATCTTCAAATGAATGCCCTGAGAGCTGAGGACAGTGCCACTTATTACTGTGCAAGATATGGGGGTTGCTCTGCAGACTTTGACTACTGGGGCCAAGGCACCACTCTCACAGTCTCCTCAG,,,Y,,,CASYGGCSGDFNYW,IGHV7-3*01,IGHD6-2*02,IGHJ2*01,,,,,,,292,333,14,303,8,8,0,45,17,0,1,0,2,1,11,8,3,363,73,4,,,
Seq079_Grp079_IGHV7-3*01_IGHD3-1*01_IGHJ2*01_Len(303|6|5|6|44)_Del(1|5|7|4),79,79,1,,GAGGTGAAGCTGGCGGAGTCAGAGGGAGGCTTGGTACAGCTCAGGGGTTCTCTGAGTCTCTCCTGTGCAGCTTCTGGGTTCACCTTCACTGATTACCACATGAGCTGGGTCCGCCAGTCTCCAGGGAAGGCACTTGGGTGGTTGGGTTTTATTAGAAGCAAAGCTAATGATTACACAACAGAGTACGGTGTGTCTGTGAAGGGTCGGTTCCCCATCTCCAGAGATAATTCCCAAAGCATCCTCTATCTTCAAATGAATGCTCTAAGAGCTGAGGACAGTGCCTCTTGTTACTGTGCAAGTTATGGGGGTTGCTCTGGAGACTTTAACTACTGGGGCCAAGGCACCACTCTTACAGTCTCCTCAG,GAGGTGAAGCTGGTGGAGTCTGGAGGAGGCTTGGTACAGCCTGGGGGTTCTCTGAGTCTCTCCTGTGCAGCTTCTGGATTCACCTTCACTGATTACTACATGAGCTGGGTCCGCCAGCCTCCAGGGAAGGCACTTGAGTGGTTGGGTTTTATTAGAAACAAAGCTAATGGTTACACAACAGAGTACAGTGCATCTGTGAAGGGTCGGTTCACCATCTCCAGAGATAATTCCCAAAGCATCCTCTATCTTCAAATGAATGCCCTGAGAGCTGAGGACAGTGCCACTTATTACTGTGCAAGATATGGGGGTTGCTCTGCAGACTTTGACTACTGGGGCCAAGGCACCACTCTCACAGTCTCCTCAG,,,Y,,,CASYGGCSGDFNYW,IGHV7-3*01,IGHD6-2*02,IGHJ2*01,,,,,,,292,333,14,303,8,8,0,45,22,0,1,0,2,1,11,8,3,363,73,4,,,
Seq080_Grp080_IGHV7-3*01_IGHD3-1*01_IGHJ2*01_Len(303|6|5|6|44)_Del(1|5|7|4),80,80,1,,GAGGTGAAGCTGGCGGAGTCAGAGGGAGGCTTGGTACAGCCCAGGGGTTCTCTGAGTCTCTCCTGTGCTGTTTCTGGGTTCACCTCCACTGATTACCACATGAGCTGGGTCCGCCAGTCTCCAGCGAAGGCACTTGGGTGGTTGGGTTTTATTAGAAGCAAAGCTAATGATTACACAACAGAGTACGGTGTGTCTGTGAAGGGTCGGTTCCCCATCTCCAGAGATAATTCCCAAAGCATCCTCTATCTTCAAATGAATGCTCTAAGAGCTGAGGACAGTGCCTCTTGTTACTGTGCAAGTTATGGGGATTGCTCTGGAGACTTTAACTACTGGGGCCAAAGCACCACTCTTACAGTCTCCTCAG,GAGGTGAAGCTGGTGGAGTCTGGAGGAGGCTTGGTACAGCCTGGGGGTTCTCTGAGTCTCTCCTGTGCAGCTTCTGGATTCACCTTCACTGATTACTACATGAGCTGGGTCCGCCAGCCTCCAGGGAAGGCACTTGAGTGGTTGGGTTTTATTAGAAACAAAGCTAATGGTTACACAACAGAGTACAGTGCATCTGTGAAGGGTCGGTTCACCATCTCCAGAGATAATTCCCAAAGCATCCTCTATCTTCAAATGAATGCCCTGAGAGCTGAGGACAGTGCCACTTATTACTGTGCAAGATATGGGGATTGCTCTGCAGACTTTGACTACTGGGGCCAAGGCACCACTCTCACAGTCTCCTCAG,,,Y,,,CASYGDCSGDFNYW,IGHV7-3*01,IGHD6-2*02,IGHJ2*01,,,,,,,292,333,14,303,8,8,0,45,25,0,1,0,3,1,11,8,3,363,73,4,,,
Seq091_Grp091_IGHV1-55*01_rIGHD3-2*02_IGHJ3*01_Len(294|3|12|1|48)_Del(0|2|2|0),91,91,1,,CAGGTCCAACTGCAGCAGCCTGGGGCTGAGCTTGTGAAGCCTGGGGCTTCAGTGAAGATGTCCTGCAAGGCTTCTGGCTACACCTTCACCAGCTACTGGATAACCTGGGTGAAGCAGAGGCCTGGACAAGGCCTTGAGTGGATTGGAGATATTTATCCTGGTAGTGGTAGTACTAACTACAATGAGAAGTTCAAGAGCAAGGCCACACTGACTGTAGACACATCCTCCAGCACAGCCTACATGCAGCTCAGCAGCCTGACATCTGAGGACTCTGCGGTCTATTACTGTGCAAGAGGAAGCCTGAGCTGTACCTGGTTTGCTTACTGGGGCCAAGGGACTCTGGTCACTGTCTCTGCAG,CAGGTCCAACTGCAGCAGCCTGGGGCTGAGCTTGTGAAGCCTGGGGCTTCAGTGAAGATGTCCTGCAAGGCTTCTGGCTACACCTTCACCAGCTACTGGATAACCTGGGTGAAGCAGAGGCCTGGACAAGGCCTTGAGTGGATTGGAGATATTTATCCTGGTAGTGGTAGTACTAACTACAATGAGAAGTTCAAGAGCAAGGCCACACTGACTGTAGACACATCCTCCAGCACAGCCTACATGCAGCTCAGCAGCCTGACATCTGAGGACTCTGCGGTCTATTACTGTGCAAGAGGTAGCCTGAGCTGTACCTGGTTTGCTTACTGGGGCCAAGGGACTCTGGTCACTGTCTCTGCAG,,,Y,,,CARGSLSCTWFAYW,IGHV1-55*01,rIGHD3-2*02,IGHJ3*01,,,,,,,286,327,14,294,1,14,1,48,0,0,1,0,0,0,0,2,0,55,48,7,,,
Seq092_Grp092_IGHV1-55*01_rIGHD3-2*02_IGHJ3*01_Len(294|3|12|1|48)_Del(0|2|2|0),92,92,1,,CAGGTCCAACTGCAGCAGCCTGGGGCTGAGCTTGTGGAGCCTGGGGCTTCAGTGAAGATGTCCTGCAAGGCTTCTGGCTACACCTTCACCAGCTACTGGACAACCTGGGTGAAGCAGAGGCCTGGACAAGGCCTTGAGTGGATTGGAGATATTTATCCTGGTAGTGGTAGTACTCACTACAATGAGAAGTTCAAGAGCAAGGCCACACGGACTGTAGACACATCCTCCAGCACAGCCTACATGCAGCTCAGCAGCCGGACATCTGAGGACTCTGCGGTCTATTACTGTGCAAGTGGAAGCCTGAGCTGTACCTGGTTTGCTTACTGGGGCCAAGGGACTCTGGTCACTGTCTCTACAG,CAGGTCCAACTGCAGCAGCCTGGGGCTGAGCTTGTGAAGCCTGGGGCTTCAGTGAAGATGTCCTGCAAGGCTTCTGGCTACACCTTCACCAGCTACTGGATAACCTGGGTGAAGCAGAGGCCTGGACAAGGCCTTGAGTGGATTGGAGATATTTATCCTGGTAGTGGTAGTACTAACTACAATGAGAAGTTCAAGAGCAAGGCCACACTGACTGTAGACACATCCTCCAGCACAGCCTACATGCAGCTCAGCAGCCTGACATCTGAGGACTCTGCGGTCTATTACTGTGCAAGTGGTAGCCTGAGCTGTACCTGGTTTGCTTACTGGGGCCAAGGGACTCTGGTCACTGTCTCTGCAG,,,Y,,,CASGSLSCTWFAYW,IGHV1-55*01,rIGHD3-2*02,IGHJ3*01,,,,,,,286,327,14,293,2,14,1,48,5,0,1,0,1,1,0,2,0,55,48,7,,,
Seq093_Grp093_IGHV1-55*01_rIGHD3-2*02_IGHJ3*01_Len(294|3|12|1|48)_Del(0|2|2|0),93,93,1,,CAGGTCCAACTGCAGCAGCCTGGGGCTGAGCTTGTGGAGCCTGGGGCTTCAATGAAGATATCCTGCAAGGCTTCTGGCTACACCTTCACCAGCTACTGGACAACCTGGGTAAAGCAGAGGCCTGGACAAGACCTTGGGTGGATTGGAGATATTTATCCTGGTAGTGGTAGGACTCACTACAATGAGAAGTTCAAGAGCAAGGCCACACGGACTGTAGACACATCCTCCAGCATAGCCTACATGCAGCTCAGCAGCCGGACATCTGAGGACTCTGCGGTCTATTACTGTGCAAGTGGAAGCCTGAGCTGTACCTGGTTTGCTTACTGGGGCCAAGGGACTCTGGTCACTGTCTCTACAG,CAGGTCCAACTGCAGCAGCCTGGGGCTGAGCTTGTGAAGCCTGGGGCTTCAGTGAAGATGTCCTGCAAGGCTTCTGGCTACACCTTCACCAGCTACTGGATAACCTGGGTGAAGCAGAGGCCTGGACAAGGCCTTGAGTGGATTGGAGATATTTATCCTGGTAGTGGTAGTACTAACTACAATGAGAAGTTCAAGAGCAAGGCCACACTGACTGTAGACACATCCTCCAGCACAGCCTACATGCAGCTCAGCAGCCTGACATCTGAGGACTCTGCGGTCTATTACTGTGCAAGTGGTAGCCTGAGCTGTACCTGGTTTGCTTACTGGGGCCAAGGGACTCTGGTCACTGTCTCTGCAG,,,Y,,,CASGSLSCTWFAYW,IGHV1-55*01,rIGHD3-2*02,IGHJ3*01,,,,,,,286,327,14,293,2,14,1,48,12,0,1,0,1,1,0,2,0,55,48,7,,,
Seq094_Grp094_IGHV1-55*01_rIGHD3-2*02_IGHJ3*01_Len(294|3|12|1|48)_Del(0|2|2|0),94,94,1,,CAAGTCCTACTGCAGCAGCCTGAGGCTGAGCTTGTGGAGCCTGGGGCTTCAATGAAGATATCCTGCAAGGCTTCTGGCAACACCTTCACCAGCTACTGGACAACCTGGGTAAAGCAGAGGCCTGGACAAGAACTTGGGTGGATTGGAGATATTTACCCTGGTAGTGGTAGGACTCACTACAATGAGAAGTTCAAGAGCAAGGCCACACGGACTGTAGACACATCCTCCAGCATAGCCTACATGCAGCTCAGCAGCCGGACATCTGAGGACTCTGCGGTCTATTACTGTGCAAGTGGAAGCCTGAGCTGTACCTGGTTTGCTTACTGGGGCCAAGGGACTCTGGTCGCTGTCTCTACAG,CAGGTCCAACTGCAGCAGCCTGGGGCTGAGCTTGTGAAGCCTGGGGCTTCAGTGAAGATGTCCTGCAAGGCTTCTGGCTACACCTTCACCAGCTACTGGATAACCTGGGTGAAGCAGAGGCCTGGACAAGGCCTTGAGTGGATTGGAGATATTTATCCTGGTAGTGGTAGTACTAACTACAATGAGAAGTTCAAGAGCAAGGCCACACTGACTGTAGACACATCCTCCAGCACAGCCTACATGCAGCTCAGCAGCCTGACATCTGAGGACTCTGCGGTCTATTACTGTGCAAGTGGTAGCCTGAGCTGTACCTGGTTTGCTTACTGGGGCCAAGGGACTCTGGTCACTGTCTCTGCAG,,,Y,,,CASGSLSCTWFAYW,IGHV1-55*01,rIGHD3-2*02,IGHJ3*01,,,,,,,286,327,14,293,2,14,1,48,18,0,1,0,2,1,0,2,0,55,48,7,,,
Seq095_Grp095_IGHV1-55*01_rIGHD3-2*02_IGHJ3*01_Len(294|3|12|1|48)_Del(0|2|2|0),95,95,1,,CAGGTCCAACTGCAGCAGCCTGGGGCTGAGCTTGTGGAGACTGGGGCTTCAATGAAGATATCCTGCAAGGCTTCTGGCTACACCTTCACCAGCTACTGGACAACCTGGGTAAAGCAGAGGCCTGGACAAGACCTTGGGTGGATTGGAGATATTTATCCTGGTAGTGGTAGGACTCACTACAATGAGAAGTTCAAGAGAAAGGCCACACGCACTGTATACACATCCTCCAGCATAGCCTACATGCAGCTCAGCAGCCGGACATCTGAGGACTCTGCGGTCTATTACTGTGCAAGTGGAAGCCTGAGCTGTACCTGGTTTGCTTACTGGGGCCAAGGGACTCTGGTCACTGGCTCTACAG,CAGGTCCAACTGCAGCAGCCTGGGGCTGAGCTTGTGAAGCCTGGGGCTTCAGTGAAGATGTCCTGCAAGGCTTCTGGCTACACCTTCACCAGCTACTGGATAACCTGGGTGAAGCAGAGGCCTGGACAAGGCCTTGAGTGGATTGGAGATATTTATCCTGGTAGTGGTAGTACTAACTACAATGAGAAGTTCAAGAGCAAGGCCACACTGACTGTAGACACATCCTCCAGCACAGCCTACATGCAGCTCAGCAGCCTGACATCTGAGGACTCTGCGGTCTATTACTGTGCAAGTGGTAGCCTGAGCTGTACCTGGTTTGCTTACTGGGGCCAAGGGACTCTGGTCACTGTCTCTGCAG,,,Y,,,CASGSLSCTWFAYW,IGHV1-55*01,rIGHD3-2*02,IGHJ3*01,,,,,,,286,327,14,293,2,14,1,48,16,0,1,0,2,1,0,2,0,55,48,7,,,
Seq096_Grp096_IGHV1-55*01_rIGHD3-2*02_IGHJ3*01_Len(294|3|12|1|48)_Del(0|2|2|0),96,96,1,,CAGGTCCAACTGCAGCAGCCTGGGGCTGAGCTTATGGAGACTGGGGCTTCAATGAAAATATCCTGCAAGGCTTCTGGCTACACCTTCACCAGCTACTGGACAACCTGGCTAAAGCAGAGGCCTGGACAAGACCTTGGGTGGATTGGAGATATTTATCCTGGTAGTGGTAGGACTCACTACAATGAGAAGTTCAAGAGGAAGGCCACACGCACTGTATACACATCCTCCAGCATAGCCTACATGCAGCTCAGCAGCCGGACATCTGAGGACTCTGCGGTCTATTACTGTGCAAGTGGAAGTCTGGGCTGTACCTGGTTTGCTTACTGGGGCCAAGAGACTCTGGTCACTGGCTCTACAG,CAGGTCCAACTGCAGCAGCCTGGGGCTGAGCTTGTGAAGCCTGGGGCTTCAGTGAAGATGTCCTGCAAGGCTTCTGGCTACACCTTCACCAGCTACTGGATAACCTGGGTGAAGCAGAGGCCTGGACAAGGCCTTGAGTGGATTGGAGATATTTATCCTGGTAGTGGTAGTACTAACTACAATGAGAAGTTCAAGAGCAAGGCCACACTGACTGTAGACACATCCTCCAGCACAGCCTACATGCAGCTCAGCAGCCTGACATCTGAGGACTCTGCGGTCTATTACTGTGCAAGTGGAAGTCTGGGCTGTACCTGGTTTGCTTACTGGGGCCAAGGGACTCTGGTCACTGTCTCTGCAG,,,Y,,,CASGSLGCTWFAYW,IGHV1-55*01,IGHD3-3*01,IGHJ3*01,,,,,,,286,327,14,293,9,7,1,48,19,0,0,0,3,1,10,0,0,55,49,7,,,
Seq097_Grp097_IGHV1-55*01_rIGHD3-2*02_IGHJ3*01_Len(294|3|12|1|48)_Del(0|2|2|0),97,97,1,,CAGGTCCAACTACAGCAGCCTGGGGCTGAGCTTATGGAGACTGGGGCTTCAATGAAAATATCCTGCAAGGCTTCTGGCTACACCTTCACCAGCTGCTGGACAGCCTGGCTAAAGCAGAGGCCTGGACAAGACCTTGGGTGGATTGGAGATATTTATCCTGGTAGCGGTAGGACTCACTACATTGAGAAGTTCAAGAGGAAGGCCACACGCACTGTATACACATCCTCCAGCATAGCCTACATGCAGCTCAGCAGCCGGACATCTGAGGACTCTGCGGTTTATTACTGTGCAAGTGGAAGTCTGGGCTGTACCTGGTCTGCTTACTGGGGCCAAGAGACTCTGGTCACTGGCTCTACAG,CAGGTCCAACTGCAGCAGCCTGGGGCTGAGCTTGTGAAGCCTGGGGCTTCAGTGAAGATGTCCTGCAAGGCTTCTGGCTACACCTTCACCAGCTACTGGATAACCTGGGTGAAGCAGAGGCCTGGACAAGGCCTTGAGTGGATTGGAGATATTTATCCTGGTAGTGGTAGTACTAACTACAATGAGAAGTTCAAGAGCAAGGCCACACTGACTGTAGACACATCCTCCAGCACAGCCTACATGCAGCTCAGCAGCCTGACATCTGAGGACTCTGCGGTCTATTACTGTGCAAGTGGAAGTCTGGGCTGTACCTGGTTTGCTTACTGGGGCCAAGGGACTCTGGTCACTGTCTCTGCAG,,,Y,,,CASGSLGCTWSAYW,IGHV1-55*01,IGHD3-3*01,IGHJ3*01,,,,,,,286,327,14,293,9,7,1,48,25,0,0,0,4,1,10,0,0,55,49,7,,,
Seq098_Grp098_IGHV1-55*01_rIGHD3-2*02_IGHJ3*01_Len(294|3|12|1|48)_Del(0|2|2|0),98,98,1,,CAGGTCCAACTGCAGCAGCCTGGGGCTGAACTTGTGGAGCCTGGGGCTTCAGTGAAGATGTCCTGCAAGGCTTCTGGCTACACCTTCACTAGCTACTGGACAACCGGGGTGAAGCAGAGGCCTGGACAAGGCCTTAAGTGGATTGGAGATATTTATCCTGGTAGCGGTAGTACTCACTACAATGAGAAGTTCAAGAGCAAGGCCACACGGACTGTAGACACATCCTCCAGCACAGCCTACATGCAGCTCAGCAGCCGGACATCTGAGGACTCTGCGGTCTATTACTGTGTAAGTGGAAGCCTGAGCTGTACCTGGTTTGCTTACTGGGGCCAAGGGACTCTGGTCACTGTCTCTACAA,CAGGTCCAACTGCAGCAGCCTGGGGCTGAGCTTGTGAAGCCTGGGGCTTCAGTGAAGATGTCCTGCAAGGCTTCTGGCTACACCTTCACCAGCTACTGGATAACCTGGGTGAAGCAGAGGCCTGGACAAGGCCTTGAGTGGATTGGAGATATTTATCCTGGTAGTGGTAGTACTAACTACAATGAGAAGTTCAAGAGCAAGGCCACACTGACTGTAGACACATCCTCCAGCACAGCCTACATGCAGCTCAGCAGCCTGACATCTGAGGACTCTGCGGTCTATTACTGTGCAAGTGGTAGCCTGAGCTGTACCTGGTTTGCTTACTGGGGCCAAGGGACTCTGGTCACTGTCTCTGCAG,,,Y,,,CVSGSLSCTWFAYW,IGHV1-55*01,rIGHD3-2*02,IGHJ3*01,,,,,,,286,327,14,293,2,14,1,48,11,0,1,0,2,1,0,2,0,55,48,7,,,
Seq099_Grp099_IGHV1-55*01_rIGHD3-2*02_IGHJ3*01_Len(294|3|12|1|48)_Del(0|2|2|0),99,99,1,,CAGGTCCAACTGCAGCAGCCTGGGGCTGAACTTGTGGAGCCTCGAGCTTCAGTGAAGATGTCCTGCAAGGCTTCTGGCTACACCTTCACTAGCTACTGGACAACCGGGGTGAAGCAGAGGCCTGGACAAGGCCTTAAGTGGATTGGAGATATTTATCCTGGTAGCGGTAGTACTCACTACAATGAGAGGTTCAAGAGCAAGGCCACACGGACTGTAGACACATCCTCCGGCACAGCCTACATGCAGCTCAGCAGCCGGACATCTAAGGACTCTGCGGTCTATTACTGTGTAAGTGGAAGCCTGAGCTGTACCTGGTTTGCTTACTGGGGCCAAGGGACTCTGGTCATTGTCCCTACAA,CAGGTCCAACTGCAGCAGCCTGGGGCTGAGCTTGTGAAGCCTGGGGCTTCAGTGAAGATGTCCTGCAAGGCTTCTGGCTACACCTTCACCAGCTACTGGATAACCTGGGTGAAGCAGAGGCCTGGACAAGGCCTTGAGTGGATTGGAGATATTTATCCTGGTAGTGGTAGTACTAACTACAATGAGAAGTTCAAGAGCAAGGCCACACTGACTGTAGACACATCCTCCAGCACAGCCTACATGCAGCTCAGCAGCCTGACATCTGAGGACTCTGCGGTCTATTACTGTGCAAGTGGTAGCCTGAGCTGTACCTGGTTTGCTTACTGGGGCCAAGGGACTCTGGTCACTGTCTCTGCAG,,,Y,,,CVSGSLSCTWFAYW,IGHV1-55*01,rIGHD3-2*02,IGHJ3*01,,,,,,,286,327,14,293,2,14,1,48,16,0,1,0,4,1,0,2,0,55,48,7,,,
Seq100_Grp100_IGHV1-55*01_rIGHD3-2*02_IGHJ3*01_Len(294|3|12|1|48)_Del(0|2|2|0),100,100,1,,CAGGTCCAACTGCAGCAGCCTCGGGCAGAACTTGTGGAGCCTCGAGCTTCAGTGAAGATGTCCTGCAAGGCTTCTGGCTACACCTTCACTAGCTACTGGACAACCGGGGTGAAGCAGAGGCCTGGACTAGGCCTTAAGTGGATTGGAGATATTTATCCTGGTAGCGGTAGTACTCACTACAATGAGAGGTTCAAGAGCAAGGCCACACGGACTGTAGACACATCCCCCGGCACAGCCTACATGCAGCTCAGCAGCCGGACATCTAAGGACTCTGCGGTCTATTACTGTGTAAGTGGAAGCCTGAGCTGTACCTGGTTTGCTTACTGGGTCCAAGGGACTCTGGTCATTGTCCCTACAA,CAGGTCCAACTGCAGCAGCCTGGGGCTGAGCTTGTGAAGCCTGGGGCTTCAGTGAAGATGTCCTGCAAGGCTTCTGGCTACACCTTCACCAGCTACTGGATAACCTGGGTGAAGCAGAGGCCTGGACAAGGCCTTGAGTGGATTGGAGATATTTATCCTGGTAGTGGTAGTACTAACTACAATGAGAAGTTCAAGAGCAAGGCCACACTGACTGTAGACACATCCTCCAGCACAGCCTACATGCAGCTCAGCAGCCTGACATCTGAGGACTCTGCGGTCTATTACTGTGCAAGTGGTAGCCTGAGCTGTACCTGGTTTGCTTACTGGGGCCAAGGGACTCTGGTCACTGTCTCTGCAG,,,Y,,,CVSGSLSCTWFAYW,IGHV1-55*01,rIGHD3-2*02,IGHJ3*01,,,,,,,286,327,14,293,2,14,1,48,20,0,1,0,5,1,0,2,0,55,48,7,,,
Seq031_Grp031_IGHV1-52*01_rIGHD6-3*01_IGHJ2*01_Len(292|3|24|0|45)_Del(2|1|4|3),31,31,1,,CAGGTCCAACTGCAGCAGCCTGGGGCTGAGCTGGTGAGGCCTGGGTCTTCAGTGAAGCTGTCCTGCAAGGCTTCTGGCTACACCTTCACCAGCTACTGGATGCATTGGGTGAAGCAGAGGCCTATACAAGGCCTTGAATGGATTGGTAACATTGACCCTTCTGATAGTGAAACTCACTACAATCAAAAGTTCAAGGACAAGGCCACATTGACTGTAGACAAATCCTCCAGCACAGCCTACATGCAGCTCAGCAGCCTGACATCTGAGGACTCTGCGGTCTATTACTGTGCAAGGGGTTGTGGCACTGCAGAGGCTAGCTACTTTGACTACTGGGGCCAAGGCACCACTCTCACAGTCTCCTCAG,CAGGTCCAACTGCAGCAGCCTGGGGCTGAGCTGGTGAGGCCTGGGTCTTCAGTGAAGCTGTCCTGCAAGGCTTCTGGCTACACCTTCACCAGCTACTGGATGCATTGGGTGAAGCAGAGGCCTATACAAGGCCTTGAATGGATTGGTAACATTGACCCTTCTGATAGTGAAACTCACTACAATCAAAAGTTCAAGGACAAGGCCACATTGACTGTAGACAAATCCTCCAGCACAGCCTACATGCAGCTCAGCAGCCTGACATCTGAGGACTCTGCGGTCTATTACTGTGCAAGGGGTTGTGGCACTGCAGAGGCTAGCTACTTTGACTACTGGGGCCAAGGCACCACTCTCACAGTCTCCTCAG,,,Y,,,CARGCGTAEASYFDYW,IGHV1-52*01,rIGHD6-1*01|rIGHD6-1*02|rIGHD6-3*01|rIGHD6-4*01,IGHJ2*01,,,,,,,286,333,16,293,1,23,0,47,0,0,0,0,0,1,0,6,1,47,[68 70 76 78],4,,,
Seq032_Grp032_IGHV1-52*01_rIGHD6-3*01_IGHJ2*01_Len(292|3|24|0|45)_Del(2|1|4|3),32,32,1,,CAGGTCCAACTGCAGCAGCCTGGGGCTGAGCTGGTGAGGCCTGGGTCTTCAGCGAAGCTGTCCTGCAAGGCTTCTGGCTACACCTTCACCAGCTACTGGATGCATTGGGTGAAGCAGAGGTCTATACAAGGCCTTGAATGGATTGGTAACATTGACCCTTCTGATAGTGAAACTTACTACAATCAAAAGTTCAAGGCCAAGGCCACATTGACTGTAGACAAATCCTCCAGCACAGCCTACATGCAGCTCAGAAGCCTGACATCTGAGGACTCTGCGGTCTATTACTGCGCAAGGGGTTGTGGCACTGCAGAGGCTAGCTACTTTAACTACTGGGGCCAAGGCACCACTCTCACAGTCTCCTCAG,CAGGTCCAACTGCAGCAGCCTGGGGCTGAGCTGGTGAGGCCTGGGTCTTCAGTGAAGCTGTCCTGCAAGGCTTCTGGCTACACCTTCACCAGCTACTGGATGCATTGGGTGAAGCAGAGGCCTATACAAGGCCTTGAATGGATTGGTAACATTGACCCTTCTGATAGTGAAACTCACTACAATCAAAAGTTCAAGGACAAGGCCACATTGACTGTAGACAAATCCTCCAGCACAGCCTACATGCAGCTCAGCAGCCTGACATCTGAGGACTCTGCGGTCTATTACTGTGCAAGGGGTTGTGGCACTGCAGAGGCTAGCTACTTTGACTACTGGGGCCAAGGCACCACTCTCACAGTCTCCTCAG,,,Y,,,CARGCGTAEASYFNYW,IGHV1-52*01,rIGHD6-1*01|rIGHD6-1*02|rIGHD6-3*01|rIGHD6-4*01,IGHJ2*01,,,,,,,286,333,16,293,1,23,0,47,6,0,0,0,1,1,0,6,1,47,[68 70 76 78],4,,,
Seq033_Grp033_IGHV1-52*01_rIGHD6-3*01_IGHJ2*01_Len(292|3|24|0|45)_Del(2|1|4|3),33,33,1,,CAGGTCCAACTGCAGCAGCCTGGGGCTGAGCTGGTGAGGCCTGGGTCTTCAGCAAAGCTGTCCTGCAAGGCTTCTGGCTACACCTTCACCAGCTACTGGATGCATTGGGTGAAGCAGTGGTCTATACAAGGCCTTGAATGGATTGGTAACATTGACCCTTCTGATAGTGAAAGTTACTACAATCAAAAGTTCAAGGCCAAGGCCACATTGACTGTAGACAAATCCTGCAGCACAGCCTACATGCAGCTCAGAAGCCTGACATCTGAGGATACTGCGGTTTATTACTGCGCAAGGGGTTGTGGCACTGCAGAGGCTAGCTACTTTAACTACTGGGGCCAAGGCACCACTCTCACAGTCTCCTCAG,CAGGTCCAACTGCAGCAGCCTGGGGCTGAGCTGGTGAGGCCTGGGTCTTCAGTGAAGCTGTCCTGCAAGGCTTCTGGCTACACCTTCACCAGCTACTGGATGCATTGGGTGAAGCAGAGGCCTATACAAGGCCTTGAATGGATTGGTAACATTGACCCTTCTGATAGTGAAACTCACTACAATCAAAAGTTCAAGGACAAGGCCACATTGACTGTAGACAAATCCTCCAGCACAGCCTACATGCAGCTCAGCAGCCTGACATCTGAGGACTCTGCGGTCTATTACTGTGCAAGGGGTTGTGGCACTGCAGAGGCTAGCTACTTTGACTACTGGGGCCAAGGCACCACTCTCACAGTCTCCTCAG,,,Y,,,CARGCGTAEASYFNYW,IGHV1-52*01,rIGHD6-1*01|rIGHD6-1*02|rIGHD6-3*01|rIGHD6-4*01,IGHJ2*01,,,,,,,286,333,16,293,1,23,0,47,13,0,0,0,1,1,0,6,1,47,[68 70 76 78],4,,,
Seq034_Grp034_IGHV1-52*01_rIGHD6-3*01_IGHJ2*01_Len(292|3|24|0|45)_Del(2|1|4|3),34,34,1,,CAGGTCCAACTGCAGCAGCCTGGGGCTGCGCTGGTGAGGCCTGGGTCTTCAGCAAAGCTGTCCTGCAAGGCTTCTGGCTACACCTTCACCAGCTACTGGATGCATTGGGTGAAGCAATGGTCTATACAAGGTCCTGAATGGATTGGTAACATTGACCCTTCTGATAGTGAAAGTTACTACAATCAAAAGTTCAAGGCCAAGGCCACATTGACTGTAGACAAATCCTGCAGCACAGCCTACATGCAGCTCAGAAGCCTGACATCTGAGGATACTGCGGTTTATTACTGCGCAAGGGGTTGTGGCACTGCAGAGGCTAGCTACTTCAATTACTGGGGCAAAGGCACCACTCTCACAGTCTCCTCAG,CAGGTCCAACTGCAGCAGCCTGGGGCTGAGCTGGTGAGGCCTGGGTCTTCAGTGAAGCTGTCCTGCAAGGCTTCTGGCTACACCTTCACCAGCTACTGGATGCATTGGGTGAAGCAGAGGCCTATACAAGGCCTTGAATGGATTGGTAACATTGACCCTTCTGATAGTGAAACTCACTACAATCAAAAGTTCAAGGACAAGGCCACATTGACTGTAGACAAATCCTCCAGCACAGCCTACATGCAGCTCAGCAGCCTGACATCTGAGGACTCTGCGGTCTATTACTGTGCAAGGGGTTGTGGCACTGCAGAGGCTAGCTACTTTGACTACTGGGGCCAAGGCACCACTCTCACAGTCTCCTCAG,,,Y,,,CARGCGTAEASYFNYW,IGHV1-52*01,rIGHD6-1*01|rIGHD6-1*02|rIGHD6-3*01|rIGHD6-4*01,IGHJ2*01,,,,,,,286,333,16,293,1,23,0,47,17,0,0,0,4,1,0,6,1,47,[68 70 76 78],4,,,
Seq035_Grp035_IGHV1-52*01_rIGHD6-3*01_IGHJ2*01_Len(292|3|24|0|45)_Del(2|1|4|3),35,35,1,,CAGGTCCAACTGCAGCAGCCTGGGGCTGAGCTGGTGAGGCCTGGGTCTTCAGCGAAGCTGTCCTGCAAGGCTTCTGGCTACACCTTCATTAGCTACTGGATGCATTGGGTGAAGCAGAGGTCTATACAAGGCCTTGGATGGATTGGTAACATTGACCCTTCTGATAGTGAAACTTACTACAATCAAAAGTTCAAGGCCAAGGCCACATTGACTGTAGACAAATCCTCCAGCACAGCCTACATGCAGCTCAGAAGCCTGACATCTGAGGACTCTGCGGTCTATTACTGCGCAAGGGGTTGTGGCACTGCAGAGGCTAGCTACTTTAACTACTGGGGCCAAGGTATCGCTCACACAGTCTCCTCAG,CAGGTCCAACTGCAGCAGCCTGGGGCTGAGCTGGTGAGGCCTGGGTCTTCAGTGAAGCTGTCCTGCAAGGCTTCTGGCTACACCTTCACCAGCTACTGGATGCATTGGGTGAAGCAGAGGCCTATACAAGGCCTTGAATGGATTGGTAACATTGACCCTTCTGATAGTGAAACTCACTACAATCAAAAGTTCAAGGACAAGGCCACATTGACTGTAGACAAATCCTCCAGCACAGCCTACATGCAGCTCAGCAGCCTGACATCTGAGGACTCTGCGGTCTATTACTGTGCAAGGGGTTGTGGCACTGCAGAGGCTAGCTACTTTGACTACTGGGGCCAAGGCACCACTCTCACAGTCTCCTCAG,,,Y,,,CARGCGTAEASYFNYW,IGHV1-52*01,rIGHD6-1*01|rIGHD6-1*02|rIGHD6-3*01|rIGHD6-4*01,IGHJ2*01|IGHJ2*02,,,,,,,286,333,16,293,1,23,0,47,9,0,0,0,5,1,0,6,1,47,[68 70 76 78],[4 5],,,
Seq036_Grp036_IGHV1-52*01_rIGHD6-3*01_IGHJ2*01_Len(292|3|24|0|45)_Del(2|1|4|3),36,36,1,,CAGGTCCAACTGCAGCAGCCTGGGGCTGAGCTGGTGAGGCCTGGGTCTTCAGCGAAGCTGTCCTGCAAGGCTTCTGGCTACAGCTTCATTAGCTACTGGATGCATTGGGTGAAGCAGTGGTCTATCCAAGGCCTTGGATGGATTGGTAACATTGACCCTTCTGATAGTGAAACTTACTACAATCAGAAGTTCAAGGCCAAGGCCACATTGACTGTAGACAAATCCTCCAGCACAGCCTACATGCTGCTCAGAAGCCTGACATCTGAGGAGCCTGCGGTCTATTACTGCGCAAGGGGTTGTGGCACTGCAGAGGCTAGCTACTTTAACTACTGGGGCCAAGGTATCGCTCACACAGTCTCCTCAG,CAGGTCCAACTGCAGCAGCCTGGGGCTGAGCTGGTGAGGCCTGGGTCTTCAGTGAAGCTGTCCTGCAAGGCTTCTGGCTACACCTTCACCAGCTACTGGATGCATTGGGTGAAGCAGAGGCCTATACAAGGCCTTGAATGGATTGGTAACATTGACCCTTCTGATAGTGAAACTCACTACAATCAAAAGTTCAAGGACAAGGCCACATTGACTGTAGACAAATCCTCCAGCACAGCCTACATGCAGCTCAGCAGCCTGACATCTGAGGACTCTGCGGTCTATTACTGTGCAAGGGGTTGTGGCACTGCAGAGGCTAGCTACTTTGACTACTGGGGCCAAGGCACCACTCTCACAGTCTCCTCAG,,,Y,,,CARGCGTAEASYFNYW,IGHV1-52*01,rIGHD6-1*01|rIGHD6-1*02|rIGHD6-3*01|rIGHD6-4*01,IGHJ2*01|IGHJ2*02,,,,,,,286,333,16,293,1,23,0,47,16,0,0,0,5,1,0,6,1,47,[68 70 76 78],[4 5],,,
Seq037_Grp037_IGHV1-52*01_rIGHD6-3*01_IGHJ2*01_Len(292|3|24|0|45)_Del(2|1|4|3),37,37,1,,CAGGTCCAACTGCAGCAGCCTGGGGCTGAGCTGGTGAGGCCTGGGTCTTCGGCGAAGCTGCCCTGCAAGGCTTCTGGCTACAGCTTCATTAGCTACTGGATGCATTGGGTGGAGCAGTGGTATATCCAAGGCCTTGGATGGATTGGTAACATTGACCCTTCTCATAGTGAAACTTACCACAATCAGAAGTTCAAGGCCAAGGCCACATTGACTGTAGACAAATCCTCCAGCACAGCCTACGTGCTGCTCAGAAGCCTGACATCTGAGGAGCCTGCGGTCTATTACTGCGCAAGGGGTTGTGGCACTGCAGAGGCTAGCTACTTTAACTACTGGGGCCAAGGTATCGCTCACACAGTCTCCTCAG,CAGGTCCAACTGCAGCAGCCTGGGGCTGAGCTGGTGAGGCCTGGGTCTTCAGTGAAGCTGTCCTGCAAGGCTTCTGGCTACACCTTCACCAGCTACTGGATGCATTGGGTGAAGCAGAGGCCTATACAAGGCCTTGAATGGATTGGTAACATTGACCCTTCTGATAGTGAAACTCACTACAATCAAAAGTTCAAGGACAAGGCCACATTGACTGTAGACAAATCCTCCAGCACAGCCTACATGCAGCTCAGCAGCCTGACATCTGAGGACTCTGCGGTCTATTACTGTGCAAGGGGTTGTGGCACTGCAGAGGCTAGCTACTTTGACTACTGGGGCCAAGGCACCACTCTCACAGTCTCCTCAG,,,Y,,,CARGCGTAEASYFNYW,IGHV1-52*01,rIGHD6-1*01|rIGHD6-1*02|rIGHD6-3*01|rIGHD6-4*01,IGHJ2*01|IGHJ2*02,,,,,,,286,333,16,293,1,23,0,47,23,0,0,0,5,1,0,6,1,47,[68 70 76 78],[4 5],,,
Seq038_Grp038_IGHV1-52*01_rIGHD6-3*01_IGHJ2*01_Len(292|3|24|0|45)_Del(2|1|4|3),38,38,1,,CAGGTCCAACTGCAGCAGCCTGGCGCTGAGCTGGTGAGGCCTGGGACTTCAGCGAAGCTGTCCTGCAACGCTTCTGGCTACAGCTTCATTAGCTACTGGATGCATTGGGTGAAGCAGTGGTCTATCCAAGGCCTTGGATGGATTGGTAACATTGACCCTTCTGATAGTGAAACTTACTACAATCAGAAGTTCAAGGCCAAGGCCACATTGACTGTAGACAAATCCTCCAGAACAGCCTACATGCTGCTTAGAAGCCTGACATCTGAGGAGCCTGCGGTCTATTACTGCGCAAGGGATTGTGGCACTGCAGAGGCTAGCTACTTTAACTACTGGGGCCAAGGTATCGCTCACCCAGTCTCCTCAG,CAGGTCCAACTGCAGCAGCCTGGGGCTGAGCTGGTGAGGCCTGGGTCTTCAGTGAAGCTGTCCTGCAAGGCTTCTGGCTACACCTTCACCAGCTACTGGATGCATTGGGTGAAGCAGAGGCCTATACAAGGCCTTGAATGGATTGGTAACATTGACCCTTCTGATAGTGAAACTCACTACAATCAAAAGTTCAAGGACAAGGCCACATTGACTGTAGACAAATCCTCCAGCACAGCCTACATGCAGCTCAGCAGCCTGACATCTGAGGACTCTGCGGTCTATTACTGTGCAAGGGGTTGTGGCACTGCAGAGGCTAGCTACTTTGACTACTGGGGCCAAGGCACCACTCTCACAGTCTCCTCAG,,,Y,,,CARDCGTAEASYFNYW,IGHV1-52*01,rIGHD6-1*01|rIGHD6-1*02|rIGHD6-3*01|rIGHD6-4*01,IGHJ2*01|IGHJ2*02,,,,,,,286,333,16,293,1,23,0,47,21,0,1,0,6,1,0,6,1,47,[68 70 76 78],[4 5],,,
Seq039_Grp039_IGHV1-52*01_rIGHD6-3*01_IGHJ2*01_Len(292|3|24|0|45)_Del(2|1|4|3),39,39,1,,CAGGTCCAACTGCGGCAGCCTGGCGCTGAGCTGGTGAGGCCTGGGACTTCAGCGAAGCTGTCCTGCAACGCTTCTGGCTACAGCTTCATTAGCTACTGGATGCATTGGGTGAAGCAGTGGTCTATCCAAGGCCTTGGATGGATTGGTAACATTGACCCTTCTGATAGTGAAACTTACTACAATCAGAAGTTCAAGGCCAAGGCCACCTTGACTGTAGACAAACCCTCCAGAACAGCCTACATGCTGCTTAGAAGCCTGACATCTGAGGAGCCTGCGGTCTATTACTGCGCAAGGGATTGTGGCACTGCAGAGGCTAGCTACTTTAACCACTGGGGACAAGGTATCGCTAACCCAGTCTCCTTAG,CAGGTCCAACTGCAGCAGCCTGGGGCTGAGCTGGTGAGGCCTGGGTCTTCAGTGAAGCTGTCCTGCAAGGCTTCTGGCTACACCTTCACCAGCTACTGGATGCATTGGGTGAAGCAGAGGCCTATACAAGGCCTTGAATGGATTGGTAACATTGACCCTTCTGATAGTGAAACTCACTACAATCAAAAGTTCAAGGACAAGGCCACATTGACTGTAGACAAATCCTCCAGCACAGCCTACATGCAGCTCAGCAGCCTGACATCTGAGGACTCTGCGGTCTATTACTGTGCAAGGGGTTGTGGCACTGCAGAGGCTAGCTACTTTGACTACTGGGGCCAAGGCACCACTCTCACAGTCTCCTCAG,,,Y,,,CARDCGTAEASYFNHW,IGHV1-52*01,rIGHD6-1*01|rIGHD6-1*02|rIGHD6-3*01|rIGHD6-4*01,IGHJ2*01|IGHJ2*02,,,,,,,286,333,16,293,1,23,0,47,24,0,1,0,10,1,0,6,1,47,[68 70 76 78],[4 5],,,
Seq040_Grp040_IGHV1-52*01_rIGHD6-3*01_IGHJ2*01_Len(292|3|24|0|45)_Del(2|1|4|3),40,40,1,,CAGGTCCAACTGCGGCTGCCTGGCGCTGAGCTGGTGGGGCCTGGGACTTCAGCGAAGCTTTCCTGCAACGCTTCTGGCTACAGCTTCATTAGCTACTGGATGCATTGGGTGAAGCAGTGGTCTATCCAAGGCCTTGGATGGATTGGTAACATTGACCCTTCTGATAGTGAAACTTACTACAATCAGAAATTCAAGGCCAAGGCCACCTTGACTATAGACAAACCCTCCAGAACAGCCTACATGCTGCTTCGAAGCCTGACATCTGAGGAGTCTGCGGTCTATTACTGCGCAAGGGATTGTGGCACTGCAGAGGCTAGCTACTTTAACCACTGGGGACAAGGTATCGCTAACCCAGTCTCCTTAG,CAGGTCCAACTGCAGCAGCCTGGGGCTGAGCTGGTGAGGCCTGGGTCTTCAGTGAAGCTGTCCTGCAAGGCTTCTGGCTACACCTTCACCAGCTACTGGATGCATTGGGTGAAGCAGAGGCCTATACAAGGCCTTGAATGGATTGGTAACATTGACCCTTCTGATAGTGAAACTCACTACAATCAAAAGTTCAAGGACAAGGCCACATTGACTGTAGACAAATCCTCCAGCACAGCCTACATGCAGCTCAGCAGCCTGACATCTGAGGACTCTGCGGTCTATTACTGTGCAAGGGGTTGTGGCACTGCAGAGGCTAGCTACTTTGACTACTGGGGCCAAGGCACCACTCTCACAGTCTCCTCAG,,,Y,,,CARDCGTAEASYFNHW,IGHV1-52*01,rIGHD6-1*01|rIGHD6-1*02|rIGHD6-3*01|rIGHD6-4*01,IGHJ2*01|IGHJ2*02,,,,,,,286,333,16,293,1,23,0,47,29,0,1,0,10,1,0,6,1,47,[68 70 76 78],[4 5],,,
Seq011_Grp011_IGHV6-6*01_rIGHD2-8*01_IGHJ4*01_Len(300|3|14|7|49)_Del(0|3|0|5),11,11,1,,GAAGTGAAGCTTGAGGAGTCTGGAGGAGGCTTGGTGCAACCTGGAGGATCCATGAAACTCTCTTGTGCTGCCTCTGGATTCACTTTTAGTGACGCCTGGATGGACTGGGTCCGCCAGTCTCCAGAGAAGGGGCTTGAGTGGGTTGCTGAAATTAGAAACAAAGCTAATAATCATGCAACATACTATGCTGAGTCTGTGAAAGGGAGGTTCACCATCTCAAGAGATGATTCCAAAAGTAGTGTCTACCTGCAAATGAACAGCTTAAGAGCTGAAGACACTGGCATTTATTACTGTACCAGGGAAGTTACCATAGTAGAGGAGGGGTATGCTATGGACTACTGGGGTCAAGGAACCTCAGTCACCGTCTCCTCAG,GAAGTGAAGCTTGAGGAGTCTGGAGGAGGCTTGGTGCAACCTGGAGGATCCATGAAACTCTCTTGTGCTGCCTCTGGATTCACTTTTAGTGACGCCTGGATGGACTGGGTCCGCCAGTCTCCAGAGAAGGGGCTTGAGTGGGTTGCTGAAATTAGAAACAAAGCTAATAATCATGCAACATACTATGCTGAGTCTGTGAAAGGGAGGTTCACCATCTCAAGAGATGATTCCAAAAGTAGTGTCTACCTGCAAATGAACAGCTTAAGAGCTGAAGACACTGGCATTTATTACTGTACCAGGGTAGTTACCATAGTAGAGGAGGGGTATGCTATGGACTACTGGGGTCAAGGAACCTCAGTCACCGTCTCCTCAG,,,Y,,,CTREVTIVEEGYAMDYW,IGHV6-6*01,rIGHD2-1*01|rIGHD2-8*01,IGHJ4*01,,,,,,,292,342,17,300,0,17,7,49,0,0,1,0,0,0,0,0,5,352,[10 38],9,,,
Seq012_Grp012_IGHV6-6*01_rIGHD2-8*01_IGHJ4*01_Len(300|3|14|7|49)_Del(0|3|0|5),12,12,1,,GGAGTGAAGCTTGAGAAGTCTGGAGGAGGCTCGGTGCAACCTGGAGGATCCATGAAACTCTCTTGTGCTGCCTCTGGATTCACTTTTAGTGACGCCTGGATGGACTGGGTCCGCCAGTCTCCAGAGAAGGGGCTTGAGTGGGTTGCTGAAATCAGAAACAAAGCTAATAATCATGCAACATACTATGCTGAGTCTGTGAAAGGGAGGTTCACCATCTCAAGAGATGATTGCAAAAGTAGTGTCTACCTGCCAATGAACAGCTTAAGAGCTGAAGACACTGGCATTTATTACTGTACCAGGGAAGTTACCATAGTAGAGGAGGGGTATGCTATGGACTACTGGGGTCAAGGAACTTCAGTCACCGTCTCCTCAG,GAAGTGAAGCTTGAGGAGTCTGGAGGAGGCTTGGTGCAACCTGGAGGATCCATGAAACTCTCTTGTGCTGCCTCTGGATTCACTTTTAGTGACGCCTGGATGGACTGGGTCCGCCAGTCTCCAGAGAAGGGGCTTGAGTGGGTTGCTGAAATTAGAAACAAAGCTAATAATCATGCAACATACTATGCTGAGTCTGTGAAAGGGAGGTTCACCATCTCAAGAGATGATTCCAAAAGTAGTGTCTACCTGCAAATGAACAGCTTAAGAGCTGAAGACACTGGCATTTATTACTGTACCAGGGTAGTTACCATAGTAGAGGAGGGGTATGCTATGGACTACTGGGGTCAAGGAACCTCAGTCACCGTCTCCTCAG,,,Y,,,CTREVTIVEEGYAMDYW,IGHV6-6*01,rIGHD2-1*01|rIGHD2-8*01,IGHJ4*01,,,,,,,292,342,17,300,0,17,7,49,6,0,1,0,1,0,0,0,5,352,[10 38],9,,,
Seq013_Grp013_IGHV6-6*01_rIGHD2-8*01_IGHJ4*01_Len(300|3|14|7|49)_Del(0|3|0|5),13,13,1,,GGAGTGAAGCTTGAGAACTCTGGAGGAGGCTCGGTGCAACCTGGAGGATCCATGAAACTCTCTTGTGCTGCCTCTGGATTCATTTTTAGTGACGCCTGGATGGACTGGGTCCGCCAGTCTCCAGAGAAGGGGCTTGAGTGGGTTGCTGAAACCAGAAACAAAGCTAATAATCAAGCAACATACTATGCTGAGTCTGTGAAAGGGAGGTTCATCATCTCAAGAGATGATTGCAAAAGTAGTGTCTACCTGCCAATGAACAGCTTAAGAGCTGAAGACTCTGGCATTTATTACTGTACCAGGGAAGTTACCATAGTAGAGGAGGGGTATGCTATGGACTACTGGGGTCAAGCAACTTCAGTCACCGTCTCCTCAG,GAAGTGAAGCTTGAGGAGTCTGGAGGAGGCTTGGTGCAACCTGGAGGATCCATGAAACTCTCTTGTGCTGCCTCTGGATTCACTTTTAGTGACGCCTGGATGGACTGGGTCCGCCAGTCTCCAGAGAAGGGGCTTGAGTGGGTTGCTGAAATTAGAAACAAAGCTAATAATCATGCAACATACTATGCTGAGTCTGTGAAAGGGAGGTTCACCATCTCAAGAGATGATTCCAAAAGTAGTGTCTACCTGCAAATGAACAGCTTAAGAGCTGAAGACACTGGCATTTATTACTGTACCAGGGTAGTTACCATAGTAGAGGAGGGGTATGCTATGGACTACTGGGGTCAAGGAACCTCAGTCACCGTCTCCTCAG,,,Y,,,CTREVTIVEEGYAMDYW,IGHV6-6*01,rIGHD2-1*01|rIGHD2-8*01,IGHJ4*01,,,,,,,292,342,17,300,0,17,7,49,12,0,1,0,2,0,0,0,5,352,[10 38],9,,,
Seq014_Grp014_IGHV6-6*01_rIGHD2-8*01_IGHJ4*01_Len(300|3|14|7|49)_Del(0|3|0|5),14,14,1,,GGAGTGAAGCTTGAGAACTCTGGAGGAGGCTCGGTGCAACCTGGAGGATCCATGAAACTCTCTTGTGCCGCCTCTGGATTCATCTTTAGTGACGCCTGGATGGGCTGGGTCCGCCAGTCTCCAGAGAAGGGGCTTGAGTGGGTTGCTGAAACCAGAAACAAAGCTAATAATCAAACAACATACTATGCTGAGTCTGTAAAAGGGAGGTTCATCATCTCAAGAGATGATTGCAAAAGTAGTGTCTACCTGCCAATGAACAGCTTAAGAGCTGAAGACTCTGGCCTTTATTACTGTACCAGGGAAGTTACCATAGTAGAGGAGGGGTATGCTATGGACTACTGGGGTCAAGCAACTTCAGTCACCGTCTCCTCGG,GAAGTGAAGCTTGAGGAGTCTGGAGGAGGCTTGGTGCAACCTGGAGGATCCATGAAACTCTCTTGTGCTGCCTCTGGATTCACTTTTAGTGACGCCTGGATGGACTGGGTCCGCCAGTCTCCAGAGAAGGGGCTTGAGTGGGTTGCTGAAATTAGAAACAAAGCTAATAATCATGCAACATACTATGCTGAGTCTGTGAAAGGGAGGTTCACCATCTCAAGAGATGATTCCAAAAGTAGTGTCTACCTGCAAATGAACAGCTTAAGAGCTGAAGACACTGGCATTTATTACTGTACCAGGGTAGTTACCATAGTAGAGGAGGGGTATGCTATGGACTACTGGGGTCAAGGAACCTCAGTCACCGTCTCCTCAG,,,Y,,,CTREVTIVEEGYAMDYW,IGHV6-6*01,rIGHD2-1*01|rIGHD2-8*01,IGHJ4*01,,,,,,,292,342,17,300,0,17,7,49,18,0,1,0,3,0,0,0,5,352,[10 38],9,,,
Seq015_Grp015_IGHV6-6*01_rIGHD2-8*01_IGHJ4*01_Len(300|3|14|7|49)_Del(0|3|0|5),15,15,1,,GGAGTGAAGCTTGAGAACTCTGGAGGAGGCTCGGTGCAACCTGGAGGATCCATAAAACTCTCTTGTGCCGCCTCTGGATTCACCTTTAGTGACGCCTGGATGGGCTGGGTCCGCCAGTCTCCAGAGAAGGGGCTTGAGTGGGTTGCTGAAACCAGAAACAAAGCTAATAATCAAACAACATGCTATGCTGAGTCTGTAAAAGGGAGGTTCATCATCTCAAATGATGATTGCAAAAGTGGTGTCTACCTGCCAATGAACAGCTTAAGAGCTGAAGACTCTGGCCTTTATTATTGTACCAGGGAAGTTACCATAGTAGAGGAGGGGTATGCTATGGACTACTGGGGTCAAGCAACTTCAGTCACCGTCTCCTCGG,GAAGTGAAGCTTGAGGAGTCTGGAGGAGGCTTGGTGCAACCTGGAGGATCCATGAAACTCTCTTGTGCTGCCTCTGGATTCACTTTTAGTGACGCCTGGATGGACTGGGTCCGCCAGTCTCCAGAGAAGGGGCTTGAGTGGGTTGCTGAAATTAGAAACAAAGCTAATAATCATGCAACATACTATGCTGAGTCTGTGAAAGGGAGGTTCACCATCTCAAGAGATGATTCCAAAAGTAGTGTCTACCTGCAAATGAACAGCTTAAGAGCTGAAGACACTGGCATTTATTACTGTACCAGGGTAGTTACCATAGTAGAGGAGGGGTATGCTATGGACTACTGGGGTCAAGGAACCTCAGTCACCGTCTCCTCAG,,,Y,,,CTREVTIVEEGYAMDYW,IGHV6-6*01,rIGHD2-1*01|rIGHD2-8*01,IGHJ4*01,,,,,,,292,342,17,300,0,17,7,49,23,0,1,0,3,0,0,0,5,352,[10 38],9,,,
Seq016_Grp016_IGHV6-6*01_rIGHD2-8*01_IGHJ4*01_Len(300|3|14|7|49)_Del(0|3|0|5),16,16,1,,GGAGTGAAGCTTGAGAACTCTGGAGGAGGCTCGGTGCAACCTGGAGGATCCATAAAACTCTCTTGTGACACCTCTGGATTCACCTTTAGTGACGCCTGGATGGGCTGGGTCCGCCAGTCTCCAGAGAAGGGGCTTGAGTGGGTTGCTGAAACCAGAAACAAAGCTAATAATCAAACAACATGCTATGCTGAGTCGGTGAAAGGGAGGTTCATCATCTCAAATGATGATTGCAAAAGTGGTGTCTACCTGCCGATGAACAGCTTAAGAGCTGAAAACTCTGGCCTTTATTATTGTACCAGGGAAGTTACCATAGTAGAGGAGGGGTATGCTATGGACTACTGGGGTCGAGCAACTTCAGTCACCGTCTCCTCGG,GAAGTGAAGCTTGAGGAGTCTGGAGGAGGCTTGGTGCAACCTGGAGGATCCATGAAACTCTCTTGTGCTGCCTCTGGATTCACTTTTAGTGACGCCTGGATGGACTGGGTCCGCCAGTCTCCAGAGAAGGGGCTTGAGTGGGTTGCTGAAATTAGAAACAAAGCTAATAATCATGCAACATACTATGCTGAGTCTGTGAAAGGGAGGTTCACCATCTCAAGAGATGATTCCAAAAGTAGTGTCTACCTGCAAATGAACAGCTTAAGAGCTGAAGACACTGGCATTTATTACTGTACCAGGGTAGTTACCATAGTAGAGGAGGGGTATGCTATGGACTACTGGGGTCAAGGAACCTCAGTCACCGTCTCCTCAG,,,Y,,,CTREVTIVEEGYAMDYW,IGHV6-6*01,rIGHD2-1*01|rIGHD2-8*01,IGHJ4*01,,,,,,,292,342,17,300,0,17,7,49,27,0,1,0,4,0,0,0,5,352,[10 38],9,,,
Seq017_Grp017_IGHV6-6*01_rIGHD2-8*01_IGHJ4*01_Len(300|3|14|7|49)_Del(0|3|0|5),17,17,1,,AGAGTGAAGCTTGAGAACACTGGAGGAGGCTCGGTGCAACCCGGGGGATCCATAAAACTCTCTTGTGACACCTCTGGATTCACCTTTAGTGACACCTGGATGGGCTGGGTCCGCCAGTCTCCAGAGAAGGGGCTTGAGTGGGTTGCTGAAACCAGAAACAAAGCTAATAGTCAAACAACATGCTATGCTGAGTCGGTGAAAGGGAGGTTCATCATCTCAAATGATGATTGCAAAAGTGGTGTCTACCTGCCGATGAACAGCTTAAGAGCTGAAAACTCTGGCCTTTATTATTGTACCAGGGAAGTTACCATAGTAGAGGAGGGGTATGCTATGGACTACTGGGGTCGAGCGACTTCAGTCACCGTCTCCTCGG,GAAGTGAAGCTTGAGGAGTCTGGAGGAGGCTTGGTGCAACCTGGAGGATCCATGAAACTCTCTTGTGCTGCCTCTGGATTCACTTTTAGTGACGCCTGGATGGACTGGGTCCGCCAGTCTCCAGAGAAGGGGCTTGAGTGGGTTGCTGAAATTAGAAACAAAGCTAATAATCATGCAACATACTATGCTGAGTCTGTGAAAGGGAGGTTCACCATCTCAAGAGATGATTCCAAAAGTAGTGTCTACCTGCAAATGAACAGCTTAAGAGCTGAAGACACTGGCATTTATTACTGTACCAGGGTAGTTACCATAGTAGAGGAGGGGTATGCTATGGACTACTGGGGTCAAGGAACCTCAGTCACCGTCTCCTCAG,,,Y,,,CTREVTIVEEGYAMDYW,IGHV6-6*01,rIGHD2-1*01|rIGHD2-8*01,IGHJ4*01,,,,,,,292,342,17,300,0,17,7,49,33,0,1,0,5,0,0,0,5,352,[10 38],9,,,
Seq018_Grp018_IGHV6-6*01_rIGHD2-8*01_IGHJ4*01_Len(300|3|14|7|49)_Del(0|3|0|5),18,18,1,,GGAGTGAAGCTTGAGAACTCTGGAGGAGGCTCGGTGCAACCTGGAGGATCCATGAACCTCTCTTGTGCCGCCTCTGGATTCATCTTTAGTGACGCCTGGATGGGCTGGGTCCGCCAGTCTCCAGAGAAGGGGCTTGAGTGGGTTGCTGAAACCGGAAACAAAGCTAATAATCAAACAACATACTATGCTGAGTCTGTAAAAGGGAGGTTCATCATCTCAAGAGCTGATTGCAAAAGTAGTGTCTACGTGCCAATGAACAGCTTAAGAGCTGAAGACTCTGGCCTTTATTACTGTACCAGGGAAATTACCATAGTAGAGGCGGGGTATGCTATGGACAACTGGGGTCAAGCAACTTCAGTCACCGTCTCCTCGG,GAAGTGAAGCTTGAGGAGTCTGGAGGAGGCTTGGTGCAACCTGGAGGATCCATGAAACTCTCTTGTGCTGCCTCTGGATTCACTTTTAGTGACGCCTGGATGGACTGGGTCCGCCAGTCTCCAGAGAAGGGGCTTGAGTGGGTTGCTGAAATTAGAAACAAAGCTAATAATCATGCAACATACTATGCTGAGTCTGTGAAAGGGAGGTTCACCATCTCAAGAGATGATTCCAAAAGTAGTGTCTACCTGCAAATGAACAGCTTAAGAGCTGAAGACACTGGCATTTATTACTGTACCAGGGAAGTTACCATAGTAGAGGCGGGGTATGCTATGGACTACTGGGGTCAAGGAACCTCAGTCACCGTCTCCTCAG,,,Y,,,CTREITIVEAGYAMDNW,IGHV6-6*01,rIGHD2-1*01|rIGHD2-8*01,IGHJ4*01,,,,,,,292,342,17,300,2,15,7,49,22,0,1,0,4,0,2,0,5,352,[10 38],9,,,
Seq019_Grp019_IGHV6-6*01_rIGHD2-8*01_IGHJ4*01_Len(300|3|14|7|49)_Del(0|3|0|5),19,19,1,,GGAGTGAAGCTTGAGAACTCTGGAGAAGGCTCGGTGCTACCTGGAGGATCCATGAACCTCTCTTGTGCCGCCTCTGGATTCATCTTTAGTGACGCCTGGATGGGCTGGGTCCGCCAGTCTCCAGAGAAGGGGCTTGAGTGGGTTGCTGAAACCGGAAACAAAGCCAAAAATCAAACAACATACTATGCTAAGTCTGTAAAAGGGAGGTTCATCATCTCAAGAGCTGATTGCAAAAGTAGTATCTACGGGCCAATGAACAGCTTAAGAGCTGAAGACTCTGGCCTTTATTACTGTACCAGGGAAATTACCATAGTAGAGGCGGGGTATGCTATGGACAACTGGGGTCAAGCAACTTCAGTCACCGTCTCCTCGG,GAAGTGAAGCTTGAGGAGTCTGGAGGAGGCTTGGTGCAACCTGGAGGATCCATGAAACTCTCTTGTGCTGCCTCTGGATTCACTTTTAGTGACGCCTGGATGGACTGGGTCCGCCAGTCTCCAGAGAAGGGGCTTGAGTGGGTTGCTGAAATTAGAAACAAAGCTAATAATCATGCAACATACTATGCTGAGTCTGTGAAAGGGAGGTTCACCATCTCAAGAGATGATTCCAAAAGTAGTGTCTACCTGCAAATGAACAGCTTAAGAGCTGAAGACACTGGCATTTATTACTGTACCAGGGAAGTTACCATAGTAGAGGCGGGGTATGCTATGGACTACTGGGGTCAAGGAACCTCAGTCACCGTCTCCTCAG,,,Y,,,CTREITIVEAGYAMDNW,IGHV6-6*01,rIGHD2-1*01|rIGHD2-8*01,IGHJ4*01,,,,,,,292,342,17,300,2,15,7,49,29,0,1,0,4,0,2,0,5,352,[10 38],9,,,
Seq020_Grp020_IGHV6-6*01_rIGHD2-8*01_IGHJ4*01_Len(300|3|14|7|49)_Del(0|3|0|5),20,20,1,,GGAGTGAAGCTTGAGAACTCTGGAGAAGGCTCGGTGCTACCTGGAGGATCCATGAACCTCTCTTGTGCCGCCTCTGGATCCATCTTTAGTGACGCCTGGATGGGCTGGGTCCGCCAGTCTCCCGAGAGGGGGCTTGAGTGGGTTGCTGAAACCGGAAACAAAGCCAAAAATCAAACAACATACTATGCTAAGTCTGTAAAAGGGAGGTTCATCATCTCCAGAGCTGATTGCAAAAGTAGTAACTACGGGCCAATGAACAGCTTAAGAGCTGAAGACTCTGGCCTTTATTACTGTACCAGGGAAATTACCATAGTAGAGGCGGGGTATGCTATGGACTACTGGGGTCAAGCAACTTCAGTCACCGTCCCCTCGG,GAAGTGAAGCTTGAGGAGTCTGGAGGAGGCTTGGTGCAACCTGGAGGATCCATGAAACTCTCTTGTGCTGCCTCTGGATTCACTTTTAGTGACGCCTGGATGGACTGGGTCCGCCAGTCTCCAGAGAAGGGGCTTGAGTGGGTTGCTGAAATTAGAAACAAAGCTAATAATCATGCAACATACTATGCTGAGTCTGTGAAAGGGAGGTTCACCATCTCAAGAGATGATTCCAAAAGTAGTGTCTACCTGCAAATGAACAGCTTAAGAGCTGAAGACACTGGCATTTATTACTGTACCAGGGAAGTTACCATAGTAGAGGCGGGGTATGCTATGGACTACTGGGGTCAAGGAACCTCAGTCACCGTCTCCTCAG,,,Y,,,CTREITIVEAGYAMDYW,IGHV6-6*01,rIGHD2-1*01|rIGHD2-8*01,IGHJ4*01,,,,,,,292,342,17,300,2,15,7,49,34,0,1,0,4,0,2,0,5,352,[10 38],9,,,
Seq021_Grp021_IGHV12-3*01_IGHD2-5*01_IGHJ4*01_Len(300|5|14|3|45)_Del(0|1|2|9),21,21,1,,CAGATGCAGCTTCAGGAGTCAGGACCTGGCCTGGTGAAACCCTCACAGTCACTCTTCCTTACCTGCTCTATTACTGGTTTCCCCATCACCAGTGGTTACTACTGGATCTGGATCCGTCAGTCACCTGGGAAACCCCTAGAATGGATGGGGTACATCACTCATAGTGGGGAAACTTTCTACAACCCATCTCTCCAGAGCCCCATCTCCATTACTAGAGAAACGTCAAAGAACCAGTTCTTCCTCCAATTGAACTCTGTGACCACAGAGGACACAGCCATGTATTACTGTGCAGGAGACAGAGTGAGCTACTATAGTAACTTCCCTATGGACTACTGGGGTCAAGGAACCTCAGTCACCGTCTCCTCAG,CAGATGCAGCTTCAGGAGTCAGGACCTGGCCTGGTGAAACCCTCACAGTCACTCTTCCTTACCTGCTCTATTACTGGTTTCCCCATCACCAGTGGTTACTACTGGATCTGGATCCGTCAGTCACCTGGGAAACCCCTAGAATGGATGGGGTACATCACTCATAGTGGGGAAACTTTCTACAACCCATCTCTCCAGAGCCCCATCTCCATTACTAGAGAAACGTCAAAGAACCAGTTCTTCCTCCAATTGAACTCTGTGACCACAGAGGACACAGCCATGTATTACTGTGCAGGAGACAGAGTGAGCTACTATAGTTACTATGCTATGGACTACTGGGGTCAAGGAACCTCAGTCACCGTCTCCTCAG,,,Y,,,CAGDRVSYYSNFPMDYW,IGHV12-3*01,IGHD2-14*01|IGHD2-5*01|IGHD2-6*01,IGHJ4*01,,,,,,,286,336,17,300,5,9,0,53,0,0,0,0,4,0,1,7,1,124,[23 31 33],9,,,
Seq022_Grp022_IGHV12-3*01_IGHD2-5*01_IGHJ4*01_Len(300|5|14|3|45)_Del(0|1|2|9),22,22,1,,CAGATGCAGCTTCAGGAGTCAGGACCTGGCCTGGTGAAACCCTCACAGTCACTCTTCCTTACCTGCTCTATTACTGGTTTCCCCATCACCGATGGGTACTACTGGATCTGGATCCGTCAGTCACCTGGGAAAACCCTAGAATGGATGGGGTACATCACTCATAGTGGGGAAGCTTTCTACAACCCATCTCTCCAGAGCCCCAGCTCCATTACTAGAGAAACGTCAAAGAACCGGTTCTTCCTCCAATTGAACTCTGTGACCACAGAGGACACAGCCATGTATTACTGTGCAGGAGACAGAGTGAGCTACTATAGTAACTTCCCTATGGACTACTGGGGTCAAGGAACCTCAGTCACCGTCTCCTCAG,CAGATGCAGCTTCAGGAGTCAGGACCTGGCCTGGTGAAACCCTCACAGTCACTCTTCCTTACCTGCTCTATTACTGGTTTCCCCATCACCAGTGGTTACTACTGGATCTGGATCCGTCAGTCACCTGGGAAACCCCTAGAATGGATGGGGTACATCACTCATAGTGGGGAAACTTTCTACAACCCATCTCTCCAGAGCCCCATCTCCATTACTAGAGAAACGTCAAAGAACCAGTTCTTCCTCCAATTGAACTCTGTGACCACAGAGGACACAGCCATGTATTACTGTGCAGGAGACAGAGTGAGCTACTATAGTTACTATGCTATGGACTACTGGGGTCAAGGAACCTCAGTCACCGTCTCCTCAG,,,Y,,,CAGDRVSYYSNFPMDYW,IGHV12-3*01,IGHD2-14*01|IGHD2-5*01|IGHD2-6*01,IGHJ4*01,,,,,,,286,336,17,300,5,9,0,53,7,0,0,0,4,0,1,7,1,124,[23 31 33],9,,,
Seq023_Grp023_IGHV12-3*01_IGHD2-5*01_IGHJ4*01_Len(300|5|14|3|45)_Del(0|1|2|9),23,23,1,,CAGATGCAGCTTCAGGAGTCAAGACCTGGCCTGGTGAAACCCTCACAGTCACTCTTCCTTTGCTGCTCTATTACTGGTTTCCCCATCACCGATGGGTGCTACTGGATCTGGATCCGTCAGTCACCTGGGAAAACCCTAGAATGGATGGGGTACACCACTCATAGTGGGGAAGCTTTCTACAACCCATCTCTCCAGAGCCCCAGCTCCATTACTAGAGAAACGTCAAAGAACCGGTTCCTCCTCCAATTGAACTCTGTGACCACAGAGGACACAGCCATGTATTACTGTGCAGGAGACAGAGTGAGCTACTATAGTAACTTCTCTATGGACTACTGGGGTCAAGGAACCTCAGTCACCGTCTCCTCAG,CAGATGCAGCTTCAGGAGTCAGGACCTGGCCTGGTGAAACCCTCACAGTCACTCTTCCTTACCTGCTCTATTACTGGTTTCCCCATCACCAGTGGTTACTACTGGATCTGGATCCGTCAGTCACCTGGGAAACCCCTAGAATGGATGGGGTACATCACTCATAGTGGGGAAACTTTCTACAACCCATCTCTCCAGAGCCCCATCTCCATTACTAGAGAAACGTCAAAGAACCAGTTCTTCCTCCAATTGAACTCTGTGACCACAGAGGACACAGCCATGTATTACTGTGCAGGAGACAGAGTGAGTTACTATAGTTACTATGCTATGGACTACTGGGGTCAAGGAACCTCAGTCACCGTCTCCTCAG,,,Y,,,CAGDRVSYYSNFSMDYW,IGHV12-3*01,rIGHD2-5*01|rIGHD2-6*01,IGHJ4*01,,,,,,,286,336,17,300,3,11,0,53,13,0,1,0,4,0,2,4,1,124,[32 34],9,,,
Seq024_Grp024_IGHV12-3*01_IGHD2-5*01_IGHJ4*01_Len(300|5|14|3|45)_Del(0|1|2|9),24,24,1,,CAGATGCAGCTTCAGGAGTCCAGACCTGGCCTGGTGAAACCCTCACAGTCACTCTCCCTTTGCTGCTCTATTACTGGTTTCCCCATCACCGATGGGTGCTACTGGATCTGGATCCGTCAGTCACCTGGGAAAACCCTAGAATGGATGGGGTACACCACTCATAGTGGGGAGCCTTTCTACAACCCATCTCTCCAGAGCCACAGCTCCATTACTAGAGAAACGTCAAAGAACCGGTTCCTCCTCCAATTGAACTCTGTGACCACAGAGGACATAGCCATGTATTACTGTGCAGGAGACAGAGTGAGCTACTATAGTAACTTCTCTATGGACTACTGGGGTCAAGGAAACTCAGTCACCGTCTCCTCAG,CAGATGCAGCTTCAGGAGTCAGGACCTGGCCTGGTGAAACCCTCACAGTCACTCTTCCTTACCTGCTCTATTACTGGTTTCCCCATCACCAGTGGTTACTACTGGATCTGGATCCGTCAGTCACCTGGGAAACCCCTAGAATGGATGGGGTACATCACTCATAGTGGGGAAACTTTCTACAACCCATCTCTCCAGAGCCCCATCTCCATTACTAGAGAAACGTCAAAGAACCAGTTCTTCCTCCAATTGAACTCTGTGACCACAGAGGACACAGCCATGTATTACTGTGCAGGAGACAGAGTGAGTTACTATAGTTACTATGCTATGGACTACTGGGGTCAAGGAACCTCAGTCACCGTCTCCTCAG,,,Y,,,CAGDRVSYYSNFSMDYW,IGHV12-3*01,rIGHD2-5*01|rIGHD2-6*01,IGHJ4*01,,,,,,,286,336,17,300,3,11,0,53,18,0,1,0,5,0,2,4,1,124,[32 34],9,,,
Seq025_Grp025_IGHV12-3*01_IGHD2-5*01_IGHJ4*01_Len(300|5|14|3|45)_Del(0|1|2|9),25,25,1,,CAGATGCAGCTTCAGGAGTCCAGACCTGGCCTGGTGAAACCCTCACAGTCACTCTCCCTTTGCTGCTCTATTACTGGTTTCCCCATCACCGATGGGTGCTATTGGATCTGGATCCGTCAGTCACCTGGGAAAACCCTAGAATGGATGGGGTACACCACTCATAGTGGGGAGCCTTTCTACAACCCATCTCCCCAGAGCCACAGCTCCATTACTGGAGAAACGTCAAAGAACCGGTTCCTCCTCCAATTGAACTCTCTGACCACAGAGGACATAGCCATGTATTACTGTGCAAGAGACAGAGTGAGCTACTATAGTAACTTCTTTATGGACTACTGGGGTCAAGGAAACTCAGTCACCTTCTCCTCAG,CAGATGCAGCTTCAGGAGTCAGGACCTGGCCTGGTGAAACCCTCACAGTCACTCTTCCTTACCTGCTCTATTACTGGTTTCCCCATCACCAGTGGTTACTACTGGATCTGGATCCGTCAGTCACCTGGGAAACCCCTAGAATGGATGGGGTACATCACTCATAGTGGGGAAACTTTCTACAACCCATCTCTCCAGAGCCCCATCTCCATTACTAGAGAAACGTCAAAGAACCAGTTCTTCCTCCAATTGAACTCTGTGACCACAGAGGACACAGCCATGTATTACTGTGCAGGAGACAGAGTGAGTTACTATAGTTACTATGCTATGGACTACTGGGGTCAAGGAACCTCAGTCACCGTCTCCTCAG,,,Y,,,CARDRVSYYSNFFMDYW,IGHV12-3*01,rIGHD2-5*01|rIGHD2-6*01,IGHJ4*01,,,,,,,286,336,17,300,3,11,0,53,23,0,1,0,7,0,2,4,1,124,[32 34],9,,,
Seq026_Grp026_IGHV12-3*01_IGHD2-5*01_IGHJ4*01_Len(300|5|14|3|45)_Del(0|1|2|9),26,26,1,,CAGCTGCAGCTTCAGGAGTCCAGACCTGGCCTGGTGAAACCCTCACAGTCACTCTCCCTTTGCTGCTCTATTACTGGTTTCCCCATCACCGATGGGTGCTATTGGATCTGGATCCGTCAGTCACCTGGAAAAACCCTGGAATGGATGGGATACACCACTCAGAGTGGGGAGCCTTTCTACAACCCATCTCCCCAGAGCCACAGCTCCATTACTGGAGAAACGTCAAAGAACCGGTTCCTCCTCCAATTGAACTCTCTGACCACAGAGGACATAGCCATGTATTACTGTGCAAGAGACAGAGTGAGCTACCATAGTAACTTCTTTATGGACTACTGGGGTCAAGGAAACGCAGTCACCTTCTCCTCAG,CAGATGCAGCTTCAGGAGTCAGGACCTGGCCTGGTGAAACCCTCACAGTCACTCTTCCTTACCTGCTCTATTACTGGTTTCCCCATCACCAGTGGTTACTACTGGATCTGGATCCGTCAGTCACCTGGGAAACCCCTAGAATGGATGGGGTACATCACTCATAGTGGGGAAACTTTCTACAACCCATCTCTCCAGAGCCCCATCTCCATTACTAGAGAAACGTCAAAGAACCAGTTCTTCCTCCAATTGAACTCTGTGACCACAGAGGACACAGCCATGTATTACTGTGCAGGAGACAGAGTGAGTTACCATAGTTACTATGCTATGGACTACTGGGGTCAAGGAACCTCAGTCACCGTCTCCTCAG,,,Y,,,CARDRVSYHSNFFMDYW,IGHV12-3*01,rIGHD2-1*01|rIGHD2-10*01|rIGHD2-11*02|rIGHD2-8*01,IGHJ4*01,,,,,,,286,336,17,300,3,11,0,53,28,0,1,0,8,0,2,4,1,124,[10 12 18 38],9,,,
Seq027_Grp027_IGHV12-3*01_IGHD2-5*01_IGHJ4*01_Len(300|5|14|3|45)_Del(0|1|2|9),27,27,1,,CAGTTGCAGCTTCAGGAGTCCATACCTGGCCTGGTGAAACCCTCACAGTCACTCTCCCTTTGCTGCTCTATTACTGGTTTCCCCATCATCGATGGGTGCTATTGGATCTGGATCCGTCAGTCACCTGGAAAAACGCTGGAATGGATGGGATACACCACTCAGAATGGGGAGCCTTTCTACAACCCATCTACCCAGAGCCACAGCTCCATTACTGGAGAAACGTCAGAGAACCGGTTCCTCCTCCAATTGAACTCTCTGACCACAGAGGACATAGCCATGTATTACTGTGCAAGAGACAGAGTGAGCTACCATAGTAACTTCTTTATGGACTACTGGGGTCAAGGAAACGCAGTCACCTTCTCCTCAG,CAGATGCAGCTTCAGGAGTCAGGACCTGGCCTGGTGAAACCCTCACAGTCACTCTTCCTTACCTGCTCTATTACTGGTTTCCCCATCACCAGTGGTTACTACTGGATCTGGATCCGTCAGTCACCTGGGAAACCCCTAGAATGGATGGGGTACATCACTCATAGTGGGGAAACTTTCTACAACCCATCTCTCCAGAGCCCCATCTCCATTACTAGAGAAACGTCAAAGAACCAGTTCTTCCTCCAATTGAACTCTGTGACCACAGAGGACACAGCCATGTATTACTGTGCAGGAGACAGAGTGAGTTACCATAGTTACTATGCTATGGACTACTGGGGTCAAGGAACCTCAGTCACCGTCTCCTCAG,,,Y,,,CARDRVSYHSNFFMDYW,IGHV12-3*01,rIGHD2-1*01|rIGHD2-10*01|rIGHD2-11*02|rIGHD2-8*01,IGHJ4*01,,,,,,,286,336,17,300,3,11,0,53,34,0,1,0,8,0,2,4,1,124,[10 12 18 38],9,,,
Seq028_Grp028_IGHV12-3*01_IGHD2-5*01_IGHJ4*01_Len(300|5|14|3|45)_Del(0|1|2|9),28,28,1,,CAGATGCAGCTTCAGGAGTCAGGACCTGGCCTGGTGAAACCCTCACAGTCACTCTTCCTTACCTGCTCTATTACTGGTTTCCCCATCACCAGTGGTTACTACCGGATCTGGATCCGTCAGTCACCTGGGAAACCCCTAGAATGGATGGGGTACATCACTCATAGTGGGGAAACTTTCTACAACCTATCGCTCCAGAGCCCCATCTCCATTACTCGAGAAACGTCAAAGAACCAGTTCTTCCTCCAATTGAACTCTGTGACCACAGAGGACACAGCCATGTATTACTGTGCAGGAGACAGAGTGAGCTACTATAGTAACTTCCCTATGAACTACTGGGGTCAAGGAACCTCAGTCACCGCCTCCTCAT,CAGATGCAGCTTCAGGAGTCAGGACCTGGCCTGGTGAAACCCTCACAGTCACTCTTCCTTACCTGCTCTATTACTGGTTTCCCCATCACCAGTGGTTACTACTGGATCTGGATCCGTCAGTCACCTGGGAAACCCCTAGAATGGATGGGGTACATCACTCATAGTGGGGAAACTTTCTACAACCCATCTCTCCAGAGCCCCATCTCCATTACTAGAGAAACGTCAAAGAACCAGTTCTTCCTCCAATTGAACTCTGTGACCACAGAGGACACAGCCATGTATTACTGTGCAGGAGACAGAGTGAGCTACTATAGTTACTATGCTATGGACTACTGGGGTCAAGGAACCTCAGTCACCGTCTCCTCAG,,,Y,,,CAGDRVSYYSNFPMNYW,IGHV12-3*01,IGHD2-14*01|IGHD2-5*01|IGHD2-6*01,IGHJ4*01,,,,,,,286,336,17,300,5,9,0,53,4,0,0,0,7,0,1,7,1,124,[23 31 33],9,,,
Seq029_Grp029_IGHV12-3*01_IGHD2-5*01_IGHJ4*01_Len(300|5|14|3|45)_Del(0|1|2|9),29,29,1,,CAGATGCAGCTTCAGGAGTCAGGACCTGGCCTGGTGAAACCCTCACAGTCACTCTTCCTTACCTGCTCTATTACTGGTTTCCCCATCACCAGTGGTTACTACCGGATCTTGATCCGTCAGTCACCTGGGAAACCCCTAGAATGGATGGGGTGCATCACTCATAGTGGGGAAATTTTCTATAACCTCTCGCTCCAGAGCCCCATCTCCATTACTCGAGAAACGTCAAAGAACCAGTTCTTCCTCCAATTGAACTCTGTGACCACAGAGGACACAGCCATGTATTACTGTGCAGGAGACAGAGTGAGCTACTATAGTAACTTCCCTATGAACTACTGGGGTCAAGGAACCTCTGTCACCGCCCCCTCAT,CAGATGCAGCTTCAGGAGTCAGGACCTGGCCTGGTGAAACCCTCACAGTCACTCTTCCTTACCTGCTCTATTACTGGTTTCCCCATCACCAGTGGTTACTACTGGATCTGGATCCGTCAGTCACCTGGGAAACCCCTAGAATGGATGGGGTACATCACTCATAGTGGGGAAACTTTCTACAACCCATCTCTCCAGAGCCCCATCTCCATTACTAGAGAAACGTCAAAGAACCAGTTCTTCCTCCAATTGAACTCTGTGACCACAGAGGACACAGCCATGTATTACTGTGCAGGAGACAGAGTGAGCTACTATAGTTACTATGCTATGGACTACTGGGGTCAAGGAACCTCAGTCACCGTCTCCTCAG,,,Y,,,CAGDRVSYYSNFPMNYW,IGHV12-3*01,IGHD2-14*01|IGHD2-5*01|IGHD2-6*01,IGHJ4*01,,,,,,,286,336,17,300,5,9,0,53,9,0,0,0,9,0,1,7,1,124,[23 31 33],9,,,
Seq030_Grp030_IGHV12-3*01_IGHD2-5*01_IGHJ4*01_Len(300|5|14|3|45)_Del(0|1|2|9),30,30,1,,CAGATGAAGCTCCAGGAGTCAGGACCTGGCCTGGTGAAACCCTCACAGTCACTCTTCCTTACCTGCTCTATTACTGGTTTCCCCATCACCAGTGGTTACTACCGGATCTTGATCCATCAGTCACCTGGGAAACCCCTAGAATGGATGGGGTGCATCACTCATAGTGGGGAAATTTTCTATGACCTCTCGCTCCAGAGCCCCATCTCCATTACTCGAGAAACGTCAAAGAACCAGTTCTTCCTCCAATTGAACTCTGTGGCCACAGAGGACACAGCCATGTATTACTGTGCAGGAGACAGAGTGAGCTACTATGGTAACTTCCCTATGAACTACTGGGGGCAAGGAACCTCTGTCACCGCCCCCTCAT,CAGATGCAGCTTCAGGAGTCAGGACCTGGCCTGGTGAAACCCTCACAGTCACTCTTCCTTACCTGCTCTATTACTGGTTTCCCCATCACCAGTGGTTACTACTGGATCTGGATCCGTCAGTCACCTGGGAAACCCCTAGAATGGATGGGGTACATCACTCATAGTGGGGAAACTTTCTACAACCCATCTCTCCAGAGCCCCATCTCCATTACTAGAGAAACGTCAAAGAACCAGTTCTTCCTCCAATTGAACTCTGTGACCACAGAGGACACAGCCATGTATTACTGTGCAGGAGACAGAGTGAGCTACTATGGTTACTATGCTATGGACTACTGGGGTCAAGGAACCTCAGTCACCGTCTCCTCAG,,,Y,,,CAGDRVSYYGNFPMNYW,IGHV12-3*01,IGHD2-1*01|IGHD2-10*01|IGHD2-11*02|IGHD2-13*01|IGHD2-2*01|IGHD2-7*01|IGHD2-8*01|IGHD2-9*01,IGHJ4*01,,,,,,,286,336,17,300,5,9,0,53,14,0,0,0,10,0,1,7,1,124,[9 11 17 21 25 35 37 39],9,,,
Seq051_Grp051_IGHV7-4*04_IGHD2-3*01_IGHJ3*01_Len(306|13|4|4|46)_Del(0|4|9|2),51,51,1,,GAGGTGAAGCTGGTGGAATCTGGAGGAGGCTTGGTACAGCCTGGGGGTTCTCTGAGACTCTCCTGTGCAGCTTCTGGATTCACCTTTACTGATTACTACATGAGCTGGGTCCGCCAGCCTCCAGGGAAGGCACCTGAGTGGTTGGCTTTGATTAGAAACAAAGCTAATGGTTACACAACAGAGTATACTGCATCTGTTAAGGGTCGGTTCACCATCTCCAGAGATAATTCCCAAAACATCCTCTATCTTCAAATGAACACCCTGAGGGCTGAGGACAGTGCCACTTATTACTGTGTAAAAGCTGTAAGGGGGAAGGGGGTGATTCCCTGGTTTGCTTACTGGGGCCAAGGGACTCTGGTCACTGTCTCTGCAG,GAGGTGAAGCTGGTGGAATCTGGAGGAGGCTTGGTACAGCCTGGGGGTTCTCTGAGACTCTCCTGTGCAGCTTCTGGATTCACCTTTACTGATTACTACATGAGCTGGGTCCGCCAGCCTCCAGGGAAGGCACCTGAGTGGTTGGCTTTGATTAGAAACAAAGCTAATGGTTACACAACAGAGTATACTGCATCTGTTAAGGGTCGGTTCACCATCTCCAGAGATAATTCCCAAAACATCCTCTATCTTCAAATGAACACCCTGAGGGCTGAGGACAGTGCCACTTATTACTGTGTAAAAGCTGTAAGGGGGAAGGGGGTGATTCCCTGGTTTGCTTACTGGGGCCAAGGGACTCTGGTCACTGTCTCTGCAG,,,Y,,,CVKAVRGKGVIPWFAYW,IGHV7-4*04,IGHD4-1*02,IGHJ3*01,,,,,,,292,342,17,306,3,4,12,48,0,0,0,0,0,0,5,1,0,370,53,7,,,
Seq052_Grp052_IGHV7-4*04_IGHD2-3*01_IGHJ3*01_Len(306|13|4|4|46)_Del(0|4|9|2),52,52,1,,GAGGTGAAGCTGGTGGAATCTGGAGGAGGCTTGGTACAGCCTGGGGGTTCTCTGAGACTCTCCTGTGCAGCTTCTGGATCCACCTTTACTGATTACTACATGAGCTGGGTCCGCCTGCCTCCAGGAAAGGCACCTGAGTGGTTGGCTGTGATTAGAAACAAAGCTAATGGTTACACAACCGAGTATACTGCATCTGTTAAGGGTCGGTTCAACATCTCCAGAGATAATTCCCAAAACATCCTCTATCTTCAAATGAACACCCTGAGGGCTGAGGACAGTGCCACTTATTACTGTGTAAAAGCCGTAAGGGGGAAGGGGGTGATTCCCTGGTTTGCTTACTGGGGCCAAGGGACTCTGGTCACTGTCTCTGCAG,GAGGTGAAGCTGGTGGAATCTGGAGGAGGCTTGGTACAGCCTGGGGGTTCTCTGAGACTCTCCTGTGCAGCTTCTGGATTCACCTTTACTGATTACTACATGAGCTGGGTCCGCCAGCCTCCAGGGAAGGCACCTGAGTGGTTGGCTTTGATTAGAAACAAAGCTAATGGTTACACAACAGAGTATACTGCATCTGTTAAGGGTCGGTTCACCATCTCCAGAGATAATTCCCAAAACATCCTCTATCTTCAAATGAACACCCTGAGGGCTGAGGACAGTGCCACTTATTACTGTGTAAAAGCTGTAAGGGGGAAGGGGGTGATTCCCTGGTTTGCTTACTGGGGCCAAGGGACTCTGGTCACTGTCTCTGCAG,,,Y,,,CVKAVRGKGVIPWFAYW,IGHV7-4*04,IGHD4-1*02,IGHJ3*01,,,,,,,292,342,17,306,3,4,12,48,7,0,0,0,0,0,5,1,0,370,53,7,,,
Seq053_Grp053_IGHV7-4*04_IGHD2-3*01_IGHJ3*01_Len(306|13|4|4|46)_Del(0|4|9|2),53,53,1,,GAGGTGAAGCTGGTGGAATCTGGAGGAGGCTTGGTACAGCCTGGGGGTTCTCGAAGGCTCTCCTGTGCAGCTTCTGGATCCACCTTTACTGATTACTACATGAGCTGGGTCCGCCTGCCTCCAGGAAAGGCACCTGAGTGGTTGGCTGGGATTAGAAACAAAGCTAATGGTTACACAACCGAGTATACTGCATCTGTTAAGGGTCGGTTCAACATCTCCAGAGATAATTCCCAAAACATCCTCTATCTTCAAATGAACACCCTGAGTGCTGAGGACAGTGCCACTTATTACTGTGTAAACGCCGTTAGGGGGAAGGGGGTGATTCCCTGGTTTGCTTACTGGGGCCAAGGGACTCTGGTCACTGTCTCTGCAG,GAGGTGAAGCTGGTGGAATCTGGAGGAGGCTTGGTACAGCCTGGGGGTTCTCTGAGACTCTCCTGTGCAGCTTCTGGATTCACCTTTACTGATTACTACATGAGCTGGGTCCGCCAGCCTCCAGGGAAGGCACCTGAGTGGTTGGCTTTGATTAGAAACAAAGCTAATGGTTACACAACAGAGTATACTGCATCTGTTAAGGGTCGGTTCACCATCTCCAGAGATAATTCCCAAAACATCCTCTATCTTCAAATGAACACCCTGAGGGCTGAGGACAGTGCCACTTATTACTGTGTAAAAGCTGTTAGGGGGAAGGGGGTGATTCCCTGGTTTGCTTACTGGGGCCAAGGGACTCTGGTCACTGTCTCTGCAG,,,Y,,,CVNAVRGKGVIPWFAYW,IGHV7-4*04,IGHD3-3*01,IGHJ3*01,,,,,,,292,342,17,305,0,5,15,48,13,0,0,0,0,1,8,4,0,370,49,7,,,
Seq054_Grp054_IGHV7-4*04_IGHD2-3*01_IGHJ3*01_Len(306|13|4|4|46)_Del(0|4|9|2),54,54,1,,GAGGTGAAGCTGGTGGAACCTGGAGGAGGCTTGGTACAGCCTGGGGGTTCTCGAAGGCTCTCCTGTGTAGCTTCTAGATCCACCTTTACTGATTACTACATGAGCTGGGTCCGTCTGCCTCCAGGAAAGGCACCTGAGTGGTTGGCTGGGATTAGAAACAGAGCTAATGGTTACACAACCGAGTATACTGCATCTGTTAAGGGTCGGTTCAACATCTCCAGAGATAATTCCCAAAACATCCTCTATCCTCACATGAACACCCTGAGTGCTGAGGACAGTGCCACTTATTACTGTGTAAACGCCGTTAGGGGGAAGGGGGTGATTCCCTGGTTTGCTTACTGGGGCCAAGGGACTCTGGTCACTGTCTCTGCAG,GAGGTGAAGCTGGTGGAATCTGGAGGAGGCTTGGTACAGCCTGGGGGTTCTCTGAGACTCTCCTGTGCAGCTTCTGGATTCACCTTTACTGATTACTACATGAGCTGGGTCCGCCAGCCTCCAGGGAAGGCACCTGAGTGGTTGGCTTTGATTAGAAACAAAGCTAATGGTTACACAACAGAGTATACTGCATCTGTTAAGGGTCGGTTCACCATCTCCAGAGATAATTCCCAAAACATCCTCTATCTTCAAATGAACACCCTGAGGGCTGAGGACAGTGCCACTTATTACTGTGTAAAAGCTGTTAGGGGGAAGGGGGTGATTCCCTGGTTTGCTTACTGGGGCCAAGGGACTCTGGTCACTGTCTCTGCAG,,,Y,,,CVNAVRGKGVIPWFAYW,IGHV7-4*04,IGHD3-3*01,IGHJ3*01,,,,,,,292,342,17,305,0,5,15,48,20,0,0,0,0,1,8,4,0,370,49,7,,,
Seq055_Grp055_IGHV7-4*04_IGHD2-3*01_IGHJ3*01_Len(306|13|4|4|46)_Del(0|4|9|2),55,55,1,,GAGGTGAAGCTGGTGGAAACTGGAGGAGGCTTGGTACAGCCTGGGGGTTCACGAAGGCTCTCCTGTGCAGCTACTGGATCCACCTTTACTGATTACTACATGAGCTGGGTCCACCTGCCTCCAGGAAAGGCACCTGAGTGGTTGGCTGGGATTAGAAACAAAGCTAATGGTTACACAACCGAGTATACTGCATCTGTTAAGGGTCGGTTCAACATCTCCAGCGATAATTCCCAAAACATCCTCTATCTTCAAACGAACACCCTGAGTGCTGAGGACAGTGCCACTTATTACTGTGTATACGCCGTTAGGGGGAAGGGGGTGATTCCCTGGTTTGCTTACTGGGGCCAAGGGACTCTGGTCACTGTCTCTGCAG,GAGGTGAAGCTGGTGGAATCTGGAGGAGGCTTGGTACAGCCTGGGGGTTCTCTGAGACTCTCCTGTGCAGCTTCTGGATTCACCTTTACTGATTACTACATGAGCTGGGTCCGCCAGCCTCCAGGGAAGGCACCTGAGTGGTTGGCTTTGATTAGAAACAAAGCTAATGGTTACACAACAGAGTATACTGCATCTGTTAAGGGTCGGTTCACCATCTCCAGAGATAATTCCCAAAACATCCTCTATCTTCAAATGAACACCCTGAGGGCTGAGGACAGTGCCACTTATTACTGTGTAAAAGCTGTTAGGGGGAAGGGGGTGATTCCCTGGTTTGCTTACTGGGGCCAAGGGACTCTGGTCACTGTCTCTGCAG,,,Y,,,CVYAVRGKGVIPWFAYW,IGHV7-4*04,IGHD3-3*01,IGHJ3*01,,,,,,,292,342,17,305,0,5,15,48,20,0,0,0,0,1,8,4,0,370,49,7,,,
Seq056_Grp056_IGHV7-4*04_IGHD2-3*01_IGHJ3*01_Len(306|13|4|4|46)_Del(0|4|9|2),56,56,1,,GAGGTGAAGCTGGTGGAAACTGGAGGAGGCTTGGTACAGCCTAGGGGTTCACGAAGGCTCTCCTGTGAAGCTACTGGATCCACCTTTACTGATTACTACATGAGCTCGGTCCATCTGCCTCCAGGAAAGGCACCTGAGTGGGTGGCTGGGATTAGAAACAAAGCTAATGGTTACACAACCGAGTATACTGCATCTGTTAAGGGTCGGTTCAACATCTCCAGCGATAATTCCCAAAACATCCTCTATCTTCAAACGAACACCCTGAATGCTGAGGACAGTGCCGCTTATTACTGTGTATACGCCGTTAGGGGGAAGGGGGTGATTCCCTGGTTTGCTTACTGGGGCCAAGGGACTCTGGTCACTGTCTCTGCAG,GAGGTGAAGCTGGTGGAATCTGGAGGAGGCTTGGTACAGCCTGGGGGTTCTCTGAGACTCTCCTGTGCAGCTTCTGGATTCACCTTTACTGATTACTACATGAGCTGGGTCCGCCAGCCTCCAGGGAAGGCACCTGAGTGGTTGGCTTTGATTAGAAACAAAGCTAATGGTTACACAACAGAGTATACTGCATCTGTTAAGGGTCGGTTCACCATCTCCAGAGATAATTCCCAAAACATCCTCTATCTTCAAATGAACACCCTGAGGGCTGAGGACAGTGCCACTTATTACTGTGTAAAAGCTGTTATGGTGAAGGGGGTGATTCCCTGGTTTGCTTACTGGGGCCAAGGGACTCTGGTCACTGTCTCTGCAG,,,Y,,,CVYAVRGKGVIPWFAYW,IGHV7-4*04,IGHD2-13*01,IGHJ3*01,,,,,,,292,342,17,305,0,8,12,48,27,0,2,0,0,1,5,4,0,370,21,7,,,
Seq057_Grp057_IGHV7-4*04_IGHD2-3*01_IGHJ3*01_Len(306|13|4|4|46)_Del(0|4|9|2),57,57,1,,GAGGTGAAGCTGGTGGAAACTGGAGGTGGGTTGGTACAGCCTAGGGGTTCACGATGGCTCTCCTGTGAAGCTACTGGATCCACCTTTACTGATTACTACATGAGCTCGGTCCATCTGCCTCCAGGAAAGGCACCTGAGTGGGTGGCTGGGATTGGAAACAAAGCTAATGGTTACACAACCGAGTATACTGCATCTGTTAAGGGTCGGTTCAACATCTCCAGCGATAATTCCCAAAACATCCTCTATCCTCAAACGAACACCCTGAATGCTGAGGACAGTGCCGCTTATTACTGTGTATACGCCGTTAGGGGTAAGGGGCTGATTCCCTGGTTTGCTTACTGGGGCCAAGGGACTCTGGTCACTGTCTCTGCAG,GAGGTGAAGCTGGTGGAATCTGGAGGAGGCTTGGTACAGCCTGGGGGTTCTCTGAGACTCTCCTGTGCAGCTTCTGGATTCACCTTTACTGATTACTACATGAGCTGGGTCCGCCAGCCTCCAGGGAAGGCACCTGAGTGGTTGGCTTTGATTAGAAACAAAGCTAATGGTTACACAACAGAGTATACTGCATCTGTTAAGGGTCGGTTCACCATCTCCAGAGATAATTCCCAAAACATCCTCTATCTTCAAATGAACACCCTGAGGGCTGAGGACAGTGCCACTTATTACTGTGTAAAAGCTGTTATGGTTACGGGGCTGATTCCCTGGTTTGCTTACTGGGGCCAAGGGACTCTGGTCACTGTCTCTGCAG,,,Y,,,CVYAVRGKGLIPWFAYW,IGHV7-4*04,IGHD2-2*01|IGHD2-7*01|IGHD2-9*01,IGHJ3*01,,,,,,,292,342,17,305,0,10,10,48,32,0,3,0,0,1,5,2,0,370,[25 35 39],7,,,
Seq058_Grp058_IGHV7-4*04_IGHD2-3*01_IGHJ3*01_Len(306|13|4|4|46)_Del(0|4|9|2),58,58,1,,GAGGTGAAGCTGGTGGAAACTGGAGGAGGCTTGGTACAGCCTATGGGTTCACGAAGGCTCTCCTGTGCAGCTACTGGATCCACCTTTACTGATTACTACATGAGCTCGGTCCATCTGTCTCCAGGAAAGGCACCTGAGTGGGTGGCTGGGATTAGAAACAAAGCTAATGGTTACACAACCGAGTATACTGCATCTGTTAAGGCTCGGTTCAACTTCTCCAGCGATAATTCCCAAAACATTCTCTATCTTCAAACGAACACCCTGAATGCTGAGGACAGTGCCGCTTATTACTGTGTATACGCCGTTAGGGGGAAGGGGGTGATTCCCTGGTTTGCTTACTGGGGCCAAGGGACTCTGGTCGCTGTCTCTGCAG,GAGGTGAAGCTGGTGGAATCTGGAGGAGGCTTGGTACAGCCTGGGGGTTCTCTGAGACTCTCCTGTGCAGCTTCTGGATTCACCTTTACTGATTACTACATGAGCTGGGTCCGCCAGCCTCCAGGGAAGGCACCTGAGTGGTTGGCTTTGATTAGAAACAAAGCTAATGGTTACACAACAGAGTATACTGCATCTGTTAAGGGTCGGTTCACCATCTCCAGAGATAATTCCCAAAACATCCTCTATCTTCAAATGAACACCCTGAGGGCTGAGGACAGTGCCACTTATTACTGTGTAAAAGCTGTTATGGTGAAGGGGGTGATTCCCTGGTTTGCTTACTGGGGCCAAGGGACTCTGGTCACTGTCTCTGCAG,,,Y,,,CVYAVRGKGVIPWFAYW,IGHV7-4*04,IGHD2-13*01,IGHJ3*01,,,,,,,292,342,17,305,0,8,12,48,31,0,2,0,1,1,5,4,0,370,21,7,,,
Seq059_Grp059_IGHV7-4*04_IGHD2-3*01_IGHJ3*01_Len(306|13|4|4|46)_Del(0|4|9|2),59,59,1,,GAGGTGAAGCTGGTGGAAACTGGAGGAGGCTTGGTACAGCCTATGGGTTCACGAAGGCTCTCCTGTGCAGCTACTGGATCCACCTTTATTGATTACTACATGAGCTCGGTCCATCTGTCTCCAGGAAAGGCACCTGAGTGGGTGGCTGGGATTAGAAACAAAGATAATGGTTACACAACCGAGTATACTGCGTCTGTTAAGGCTCGGTTCAATTTCTCCAGCGATAATTCCCAAGACATTCTCTATCTTCAAACGAACACCCTGAATGCTGAGGACAGTGCCGCTTATTACTGTGTATACGCCGTTCGGGGAAAGGGGGTGATTCCCTGGTTTGCTTACTGGGGCCAAGGGACTCTGGTCGCTGTCTCTGCAG,GAGGTGAAGCTGGTGGAATCTGGAGGAGGCTTGGTACAGCCTGGGGGTTCTCTGAGACTCTCCTGTGCAGCTTCTGGATTCACCTTTACTGATTACTACATGAGCTGGGTCCGCCAGCCTCCAGGGAAGGCACCTGAGTGGTTGGCTTTGATTAGAAACAAAGCTAATGGTTACACAACAGAGTATACTGCATCTGTTAAGGGTCGGTTCACCATCTCCAGAGATAATTCCCAAAACATCCTCTATCTTCAAATGAACACCCTGAGGGCTGAGGACAGTGCCACTTATTACTGTGTAAAAGCTGTTCGGGGACAGGGGGTGATTCCCTGGTTTGCTTACTGGGGCCAAGGGACTCTGGTCACTGTCTCTGCAG,,,Y,,,CVYAVRGKGVIPWFAYW,IGHV7-4*04,IGHD3-3*01,IGHJ3*01,,,,,,,292,342,17,305,3,7,10,48,36,0,1,0,1,1,0,10,0,370,49,7,,,
Seq060_Grp060_IGHV7-4*04_IGHD2-3*01_IGHJ3*01_Len(306|13|4|4|46)_Del(0|4|9|2),60,60,1,,GAGGTGAAGCTGGTGGAAACTGGAGGGAGCTTGGTACAGCCTATGGGTTCACGAAGGCTCTCCTGTGCAGCTACTGGATCCACCTTTATTGATTACTACATGAGCTCGGTCCATCTGTCTCCAGGAAAGGCACCTGAGTGGGTGGCCGGGATTAGAAACAAAGATAGTGGTTACACAACCGAGTATATTGCGTCTGTTAAGGCTCGGTTCAATTTCTCCAGCGATAATTCCCAAGACATTCTCTATCTTCAAACGAACACACTGAATGCTGAGGACAGTGCCGCTTATTACTGTGTATACGCCGTTCGGGGAAAGGGGGTGATTCCCCGGTTTGCTTACTGGGGCCAAGGGACTCTGGTCGCTGTCTCTGCAG,GAGGTGAAGCTGGTGGAATCTGGAGGAGGCTTGGTACAGCCTGGGGGTTCTCTGAGACTCTCCTGTGCAGCTTCTGGATTCACCTTTACTGATTACTACATGAGCTGGGTCCGCCAGCCTCCAGGGAAGGCACCTGAGTGGTTGGCTTTGATTAGAAACAAAGCTAATGGTTACACAACAGAGTATACTGCATCTGTTAAGGGTCGGTTCACCATCTCCAGAGATAATTCCCAAAACATCCTCTATCTTCAAATGAACACCCTGAGGGCTGAGGACAGTGCCACTTATTACTGTGTAAAAGCTGTTCGGGGACAGGGGGTGATTCCCTGGTTTGCTTACTGGGGCCAAGGGACTCTGGTCACTGTCTCTGCAG,,,Y,,,CVYAVRGKGVIPRFAYW,IGHV7-4*04,IGHD3-3*01,IGHJ3*01,,,,,,,292,342,17,305,3,7,10,48,42,0,1,0,2,1,0,10,0,370,49,7,,,
Seq001_Grp001_IGHV7-1*03_IGHD6-2*01_IGHJ2*01_Len(305|13|28|5|46)_Del(1|0|1|2),1,1,1,,GAGGTGAAGCTGGTGGAATCTGGAGGAGGCTTGGTACAGTCTGGGCGTTCTCTGAGACTCTCCTGTGCAACTTCTGGGTTCACCTTCAGTGATTTCTACATGGAGTGGGTCCGCCAAGCTCCAGGGAAGGGACTGGAGTGGATTGCTGCAAGTAGAAACAAAGCTAATGATTATACAACAGAGTACAGTGCATCTGTGAAGGGTCGGTTCATCGTCTCCAGAGACACTTCCCAAAGCATCCTCTACCTTCAGATGAATGCCCTGAGAGCTGAGGACACTGCCATTTATTACTGTGCAAGAGATGCGGCGGGGCGGGGAAGGCAGCTAGTCTCTGCAGTGCCACAACTCTCCTACTTTGACTACTGGGGCCAAGGCACCACTCTCACAGTCTCCTCAG,GAGGTGAAGCTGGTGGAATCTGGAGGAGGCTTGGTACAGTCTGGGCGTTCTCTGAGACTCTCCTGTGCAACTTCTGGGTTCACCTTCAGTGATTTCTACATGGAGTGGGTCCGCCAAGCTCCAGGGAAGGGACTGGAGTGGATTGCTGCAAGTAGAAACAAAGCTAATGATTATACAACAGAGTACAGTGCATCTGTGAAGGGTCGGTTCATCGTCTCCAGAGACACTTCCCAAAGCATCCTCTACCTTCAGATGAATGCCCTGAGAGCTGAGGACACTGCCATTTATTACTGTGCAAGAGATGCGGCGGGGCGGGGAAGGCAGCTAGTCTCTGCAGTGCCACAACTCTCCTACTTTGACTACTGGGGCCAAGGCACCACTCTCACAGTCTCCTCAG,,,Y,,,CARDAAGRGRQLVSAVPQLSYFDYW,IGHV7-1*03,IGHD6-2*01,IGHJ2*01,,,,,,,292,366,25,305,13,28,4,47,0,0,0,0,0,1,0,1,1,361,71,4,,,
Seq002_Grp002_IGHV7-1*03_IGHD6-2*01_IGHJ2*01_Len(305|13|28|5|46)_Del(1|0|1|2),2,2,1,,GAGGTGAAGCTGGTGGTATCTGGAGAAGGCTTGGTACAGTCTGGGCGTTCTCTGAGACTCTCCTCTGCAACTTCTGGATTCACCTTCAGTGATTTCTACATGGAGTGGGTCCGCCAAGCTCCAGGGACGGGACTGGAGTGGATTGCTGCAAGTAGAAACAAAGCTAATGATTATACAACAGAGTACAGTGCATCTGTGAAGGGTCGGTTCATCATCTCCAGAGACACTTCCCAAAGCATCCTCTACCTTCAGATGAATGCCCTGGGAGCTGAGGACACTGCCATTTATTACTGTGCAAGAGATGCGGCGGGGCGGGGAAGGCAGCTAGTCTCTGCAGTGCCACAACTTTCCTACTTTGACTACTGGGGCCAAGGCACCACTCTCACAGTCTCCTCAG,GAGGTGAAGCTGGTGGAATCTGGAGGAGGCTTGGTACAGTCTGGGCGTTCTCTGAGACTCTCCTGTGCAACTTCTGGGTTCACCTTCAGTGATTTCTACATGGAGTGGGTCCGCCAAGCTCCAGGGAAGGGACTGGAGTGGATTGCTGCAAGTAGAAACAAAGCTAATGATTATACAACAGAGTACAGTGCATCTGTGAAGGGTCGGTTCATCGTCTCCAGAGACACTTCCCAAAGCATCCTCTACCTTCAGATGAATGCCCTGAGAGCTGAGGACACTGCCATTTATTACTGTGCAAGAGATGCGGCGGGGCGGGGAAGGCAGCTAGTCTCTGCAGTGCCACAACTTTCCTACTTTGACTACTGGGGCCAAGGCACCACTCTCACAGTCTCCTCAG,,,Y,,,CARDAAGRGRQLVSAVPQLSYFDYW,IGHV7-1*03,IGHD6-2*01,IGHJ2*01,,,,,,,292,366,25,305,13,28,4,47,7,0,0,0,0,1,0,1,1,361,71,4,,,
Seq003_Grp003_IGHV7-1*03_IGHD6-2*01_IGHJ2*01_Len(305|13|28|5|46)_Del(1|0|1|2),3,3,1,,GAGGTGAAGCTGGTGGTGTCTGGAGAAGGCTTGGTACAATCTGGGCGTTCTCTGAGACTCTCCTCTGCAACTTCTGGATTCACCTTCAGTGATTTCTACATGGAGTGTGTCCGCCAAGCCCCAGGGACGGGACTGGAGTGGATTGCTGCAAGTAGAAACAAAGCCAATGATTATACAACAGAGTACAGTGCATCTGTGAGGGGTCGGTTCATCATCTCCAGAGACACTTCCCAAAGCATCCTCTACCTTCAGATGAATGCCCTGGGAGCTGAGGACACTGCCATTTATTACTGTGCAAGAGATGCGGCGGGGCGGGGAAGGCAGCGAGTCTCTGCAGTGCCACAATTTTCCTACTTTGACTACTGGGGCCAAGGCACCACTCTCACAGTCTCCTCAG,GAGGTGAAGCTGGTGGAATCTGGAGGAGGCTTGGTACAGTCTGGGCGTTCTCTGAGACTCTCCTGTGCAACTTCTGGGTTCACCTTCAGTGATTTCTACATGGAGTGGGTCCGCCAAGCTCCAGGGAAGGGACTGGAGTGGATTGCTGCAAGTAGAAACAAAGCTAATGATTATACAACAGAGTACAGTGCATCTGTGAAGGGTCGGTTCATCGTCTCCAGAGACACTTCCCAAAGCATCCTCTACCTTCAGATGAATGCCCTGAGAGCTGAGGACACTGCCATTTATTACTGTGCAAGAGATGCGGCGGGGCGGGGAAGGCAGCTAGTCTCTGCAGTGCCACAATTTTCCTACTTTGACTACTGGGGCCAAGGCACCACTCTCACAGTCTCCTCAG,,,Y,,,CARDAAGRGRQRVSAVPQFSYFDYW,IGHV7-1*03,IGHD6-2*02,IGHJ2*01,,,,,,,292,366,25,305,13,27,5,47,13,0,1,0,0,1,0,0,1,361,73,4,,,
Seq004_Grp004_IGHV7-1*03_IGHD6-2*01_IGHJ2*01_Len(305|13|28|5|46)_Del(1|0|1|2),4,4,1,,GAGGTGAAGCTGGTGGTGACTGGAGAAGGCTTGGTACAATCTGGGCGTTCTCTGAGACGCTCCTCTGCAGCTTCTGGATTCACCTTCAGTGATTTCTACATGGAATGTGTCCGCCAAGCCCCAGGGACGGGACTGGAGTGGATTGCTGCAAGTAGAAACAAAGCCAATGATTATACAACAGAGTACAGTGCATCTGTGAGGGGTCGGTTCATCATCTCCAGAGACACTTCCCTAAGCATCCTCTACCTTCAGATGAATGCCCTGGGAGCTGAGGACACTGCCATTTATTACTGTGCAAGAGATGCGGCGGGGCGGGGAAGGCAGCGAGTCTCTGCAGTGCCACAATTTTCCTACGTTGACTACTGGGGCCAATGCACCACTCTCATAGTCTCCTCAG,GAGGTGAAGCTGGTGGAATCTGGAGGAGGCTTGGTACAGTCTGGGCGTTCTCTGAGACTCTCCTGTGCAACTTCTGGGTTCACCTTCAGTGATTTCTACATGGAGTGGGTCCGCCAAGCTCCAGGGAAGGGACTGGAGTGGATTGCTGCAAGTAGAAACAAAGCTAATGATTATACAACAGAGTACAGTGCATCTGTGAAGGGTCGGTTCATCGTCTCCAGAGACACTTCCCAAAGCATCCTCTACCTTCAGATGAATGCCCTGAGAGCTGAGGACACTGCCATTTATTACTGTGCAAGAGATGCGGCGGGGCGGGGAAGGCAGCTAGTCTCTGCAGTGCCACAATTTTCCTACTTTGACTACTGGGGCCAAGGCACCACTCTCACAGTCTCCTCAG,,,Y,,,CARDAAGRGRQRVSAVPQFSYVDYW,IGHV7-1*03,IGHD6-2*02,IGHJ2*01,,,,,,,292,366,25,305,13,27,5,47,18,0,1,0,3,1,0,0,1,361,73,4,,,
Seq005_Grp005_IGHV7-1*03_IGHD6-2*01_IGHJ2*01_Len(305|13|28|5|46)_Del(1|0|1|2),5,5,1,,GAGATGAAGCTGGTGGAATCTGGAGGAGGCTTGGTACAGTCTGGGCGTTCTCTGAGACTCTCCTGTGCAACTTCTGGGTTCACCTTCAGTGATTTCTACATGGAGTGGGTCCGCCAAGCTCCAGGGAAGGGACTGGAGTGGATTGCTGCAAGTAGAAACAAAGCTAATGATTATACAACAGAGTACAGTGCATTCGTGAAGGGTCGGTTCATCGTCTCCAGAGACACTTCCCAAAGGCTCCTCTATCTTCAGATGGATGCCCTGAGAGCTGAGGACACTGCCATTTATTACTGTGCAAGAGATGCGACGGGGCGGGGAAGGCAGCTAGTCTCTGCAGTGCCACAACTCTCCTACTTTGACTACTGGGGCCAAGGCACCACTCTCACAGTCTCCTCAG,GAGGTGAAGCTGGTGGAATCTGGAGGAGGCTTGGTACAGTCTGGGCGTTCTCTGAGACTCTCCTGTGCAACTTCTGGGTTCACCTTCAGTGATTTCTACATGGAGTGGGTCCGCCAAGCTCCAGGGAAGGGACTGGAGTGGATTGCTGCAAGTAGAAACAAAGCTAATGATTATACAACAGAGTACAGTGCATCTGTGAAGGGTCGGTTCATCGTCTCCAGAGACACTTCCCAAAGCATCCTCTACCTTCAGATGAATGCCCTGAGAGCTGAGGACACTGCCATTTATTACTGTGCAAGAGATGCGACGGGGCGGGGAAGGCAGCTAGTCTCTGCAGTGCCACAACTCTCCTACTTTGACTACTGGGGCCAAGGCACCACTCTCACAGTCTCCTCAG,,,Y,,,CARDATGRGRQLVSAVPQLSYFDYW,IGHV7-1*03,IGHD6-2*01,IGHJ2*01,,,,,,,292,366,25,305,13,28,4,47,7,0,0,0,0,1,0,1,1,361,71,4,,,
Seq006_Grp006_IGHV7-1*03_IGHD6-2*01_IGHJ2*01_Len(305|13|28|5|46)_Del(1|0|1|2),6,6,1,,GAGATGAAGCTGGTGGAATCTGGAGGAGGCTTGGTACAGTCTGGGCGTTCTCTGAGACTCTCCTGTGCAACTTCTGGGTTGACCTCCAGTGATTTCTACATGGAGTGGGTCCGCCAAGCTCCAGGGAGGGGACTGGACTGGATTGCTGCAAGTAGACACAAAGTTAATGATTATACAACAGAGTACAGTGCATTCGTGAAGGGTCGGTTCATCGTCTCCAGAGACACTTCCCAAAGGCTCCTCTATCTTCAGATGGATGCCCTGAGAGCTGAGGACACTGCCATTTATTACTGTGCAAGAGATGCGACGGGGCGGGGAAGGCAGCTAGTCTCTGCAGTGCCACAACTCTCCTACTTTAACTACTGGGGCCAAGGCACCACTCTCACAGTCTCTTCAG,GAGGTGAAGCTGGTGGAATCTGGAGGAGGCTTGGTACAGTCTGGGCGTTCTCTGAGACTCTCCTGTGCAACTTCTGGGTTCACCTTCAGTGATTTCTACATGGAGTGGGTCCGCCAAGCTCCAGGGAAGGGACTGGAGTGGATTGCTGCAAGTAGAAACAAAGCTAATGATTATACAACAGAGTACAGTGCATCTGTGAAGGGTCGGTTCATCGTCTCCAGAGACACTTCCCAAAGCATCCTCTACCTTCAGATGAATGCCCTGAGAGCTGAGGACACTGCCATTTATTACTGTGCAAGAGATGCGACGGGGCGGGGAAGGCAGCTAGTCTCTGCAGTGCCACAACTCTCCTACTTTGACTACTGGGGCCAAGGCACCACTCTCACAGTCTCCTCAG,,,Y,,,CARDATGRGRQLVSAVPQLSYFNYW,IGHV7-1*03,IGHD6-2*01,IGHJ2*01,,,,,,,292,366,25,305,13,28,4,47,13,0,0,0,2,1,0,1,1,361,71,4,,,
Seq007_Grp007_IGHV7-1*03_IGHD6-2*01_IGHJ2*01_Len(305|13|28|5|46)_Del(1|0|1|2),7,7,1,,GAGATGAAGCTGGTGGAATCTGGAGGAGGCTTGGTACAGTCTGGGCGTTCTCTGAGACTCTCCTGTGCAACTTCCGGGTTGACCTCCAGTGATTTCTACATGGAGTGGGTCCGCCAAGCTCCAGGGGGGGGACTTGACTGGATTGCTGCAAGTAGACACAAAGTTAATGATTATACAACAGAGTACACTGCATTTGTGAAGGGTCGGTTCATCGTCTCCAGAGACACTTCCCAAAGGCTCCTCTATCTTAAGATGGATGCCCTGAGAGCTGAGGACACTGCCATTTATTACTGTGCAAGAGATGCGACGGAGCGGGGAAGGCAGCTAGTCTCTGCAGTGCCACAACTCTCCTACTTTAACAACTGGGGCCAAGGCACCACTCTCACAGTCTCTTCAG,GAGGTGAAGCTGGTGGAATCTGGAGGAGGCTTGGTACAGTCTGGGCGTTCTCTGAGACTCTCCTGTGCAACTTCTGGGTTCACCTTCAGTGATTTCTACATGGAGTGGGTCCGCCAAGCTCCAGGGAAGGGACTGGAGTGGATTGCTGCAAGTAGAAACAAAGCTAATGATTATACAACAGAGTACAGTGCATCTGTGAAGGGTCGGTTCATCGTCTCCAGAGACACTTCCCAAAGCATCCTCTACCTTCAGATGAATGCCCTGAGAGCTGAGGACACTGCCATTTATTACTGTGCAAGAGATGCGACGGAGCGGGGAAGGCAGCTAGTCTCTGCAGTGCCACAACTCTCCTACTTTGACTACTGGGGCCAAGGCACCACTCTCACAGTCTCCTCAG,,,Y,,,CARDATERGRQLVSAVPQLSYFNNW,IGHV7-1*03,IGHD6-2*01,IGHJ2*01,,,,,,,292,366,25,305,13,28,4,47,17,0,0,0,3,1,0,1,1,361,71,4,,,
Seq008_Grp008_IGHV7-1*03_IGHD6-2*01_IGHJ2*01_Len(305|13|28|5|46)_Del(1|0|1|2),8,8,1,,GAGGTGAAGCTGGTGGAATCTGGAGGAGGCTTGGTACAGTCTGGGAGTTCTCTGAGACTCTCCTGTGCAACTTCTGGGTTCACCTTCAGTGATTTTTACATGGAGTGGGTCCGCCAAGCTCCCGGGAAGGGACTGGAGTGGATTGCTGCAAGTAGAAACAAAGCTAATGATTATACAACAGAGTACAGTGCATCTGTGGAGGATCGGTTCTTCGTCTCCAGAGACACTTCCCAAAGCATCCTCTACCTTCAGATGAATGCCCTGAGAGCTGGGGACACTGCCATTTATTACTGTGCAGGAGATGCGGCGGGGCGGGGAAGGCAGCTAGTCTCTGCAGTGCCACAACTCTCCTACTTTGACTACTGGGGCCAAGGCACCACTCTCACAGTCTCCTCAG,GAGGTGAAGCTGGTGGAATCTGGAGGAGGCTTGGTACAGTCTGGGCGTTCTCTGAGACTCTCCTGTGCAACTTCTGGGTTCACCTTCAGTGATTTCTACATGGAGTGGGTCCGCCAAGCTCCAGGGAAGGGACTGGAGTGGATTGCTGCAAGTAGAAACAAAGCTAATGATTATACAACAGAGTACAGTGCATCTGTGAAGGGTCGGTTCATCGTCTCCAGAGACACTTCCCAAAGCATCCTCTACCTTCAGATGAATGCCCTGAGAGCTGAGGACACTGCCATTTATTACTGTGCAAGAGATGCGGCGGGGCGGGGAAGGCAGCTAGTCTCTGCAGTGCCACAACTCTCCTACTTTGACTACTGGGGCCAAGGCACCACTCTCACAGTCTCCTCAG,,,Y,,,CAGDAAGRGRQLVSAVPQLSYFDYW,IGHV7-1*03,IGHD6-2*01,IGHJ2*01,,,,,,,292,366,25,305,13,28,4,47,8,0,0,0,0,1,0,1,1,361,71,4,,,
Seq009_Grp009_IGHV7-1*03_IGHD6-2*01_IGHJ2*01_Len(305|13|28|5|46)_Del(1|0|1|2),9,9,1,,GAGGTGAAGCTGTTGGAATCTGGAGGAGGCTTGGTACAGTCTGGGAGTTCTCTGAGACTCTCCTGTGCAACTTCTGGGTTCACCTCCAGTGATTTTTACATGGAGTGGGTCCGCCAAACACCCGGGAAGGGAGTGGAGTGGATTGCTGCAAGTAGAAACAAAGCTAATGATTATACAACGGAGTACAGTGCATCTGTGAAGGATCGGTTCTTCGTCTCCAGAGACACTTCCCAAAGCATCCTCTACCTTCAGATGAATGCCCTGAGAGCTGGGGACACTGCCATTTATTACTGTGCAGGAGATGCGGCGGGGCGGGGAAGGCAGCTAGTCTCTGCAGTGCCACAACTCTCCTACTTTAACTACTGGGGCCAAGGCACCACTCTCACAGTCTCCTCAG,GAGGTGAAGCTGGTGGAATCTGGAGGAGGCTTGGTACAGTCTGGGCGTTCTCTGAGACTCTCCTGTGCAACTTCTGGGTTCACCTTCAGTGATTTCTACATGGAGTGGGTCCGCCAAGCTCCAGGGAAGGGACTGGAGTGGATTGCTGCAAGTAGAAACAAAGCTAATGATTATACAACAGAGTACAGTGCATCTGTGAAGGGTCGGTTCATCGTCTCCAGAGACACTTCCCAAAGCATCCTCTACCTTCAGATGAATGCCCTGAGAGCTGAGGACACTGCCATTTATTACTGTGCAAGAGATGCGGCGGGGCGGGGAAGGCAGCTAGTCTCTGCAGTGCCACAACTCTCCTACTTTGACTACTGGGGCCAAGGCACCACTCTCACAGTCTCCTCAG,,,Y,,,CAGDAAGRGRQLVSAVPQLSYFNYW,IGHV7-1*03,IGHD6-2*01,IGHJ2*01,,,,,,,292,366,25,305,13,28,4,47,13,0,0,0,1,1,0,1,1,361,71,4,,,
Seq010_Grp010_IGHV7-1*03_IGHD6-2*01_IGHJ2*01_Len(305|13|28|5|46)_Del(1|0|1|2),10,10,1,,GAGGTGAAGCTGTTGGAATCTGGAGGAGGCTTGGTACAGTCTGGGAATTCTCTGAGACTCTCCTGGGCAACTTCTGGGTTCACCTCCAGTGATTTTTACATGGAGTGGGTCCGCCAAACACCCGGGAAGGGAGTGGAGTGGATTGCTGCAAGTAGAAACAAAGCTAATGATTATACAACGGAGTACAGTGCATCCGTGAAGGATCGGTTCTTCGTCTCCAGAGACACTTCCCAAAGCACACTCTACCTTCAGATGAATGCCCTGAGAGCTGGGGACACTGCCATTTATTACTGTGCAGGAGATGCGGCGGGGCGGGCAAGGCAGCTAGTCTCTGCAGTGCCACAACTCTCCTGCTTTAACTACTGGGGCAAAGGCACCACTCTCACAGTCTCCTCAG,GAGGTGAAGCTGGTGGAATCTGGAGGAGGCTTGGTACAGTCTGGGCGTTCTCTGAGACTCTCCTGTGCAACTTCTGGGTTCACCTTCAGTGATTTCTACATGGAGTGGGTCCGCCAAGCTCCAGGGAAGGGACTGGAGTGGATTGCTGCAAGTAGAAACAAAGCTAATGATTATACAACAGAGTACAGTGCATCTGTGAAGGGTCGGTTCATCGTCTCCAGAGACACTTCCCAAAGCATCCTCTACCTTCAGATGAATGCCCTGAGAGCTGAGGACACTGCCATTTATTACTGTGCAAGAGATGCGGCGGGGCGGGCAAGGCAGCTAGTCTCTGCAGTGCCACAACTCTCCTACTTTGACTACTGGGGCCAAGGCACCACTCTCACAGTCTCCTCAG,,,Y,,,CAGDAAGRARQLVSAVPQLSCFNYW,IGHV7-1*03,IGHD6-2*01,IGHJ2*01,,,,,,,292,366,25,305,13,28,4,47,18,0,0,0,3,1,0,1,1,361,71,4,,,
