Seq,GeneName,Function,Strain,EntryNum,GapInfo,CDR1start,CDR1end,CDR2start,CDR2end,AnchorDist
GATATTGAACTCATCCAGTCTGGTCCAGTGGTTATAGAACCAGGAGTGTCTTTCAGCATCTCCTGCAAATTCTCTGGGTTTTCTATATCTTCTTATTGTCTTGGATGGATACGACAAGCTGAAGGGAAAGCTTTGGAGCATGTTGGTGTTACATGCAGTAGTAGTACTTACACTGTAGACTCACTAAAGAGCAAGATCACTTCTAGATATGACAGTTCCAGCAGTACAGTGTTTCTACAAGGGAACAACTTCCAGACTGAAGACACAGCTGTGTATTATTGTGCTAGG,IGHV10S1*01,(F),All,1,18#-6#9#-3#60#-12#72#-12#30#-3#99,70,93,145,162,15
AGCATTAGTTTGACCTCCTCCCCTGCTCAACTCAAACCCCCTGGAGAGTCAGTGAAACTATCTTGCCAAGTCTCTGGCTATGCCCTGACAAGCCAAGGTACAGGTTGGATACGACAGCAGCCAGGGAAAACACTGGAGTGGATTGGGATCATCTGGAGTGGTGGATCAATTGAATCTGGAGCCTCTTTTAAGAGGAGATTCACCATCTCCAGAGACAGTAGTAATGTACTGTACTTAGACATCACCAGTCTGCAGGCTGAGGACACAGCTGTGTATTATTGTGCTCGG,IGHV11S1*01,(F),All,2,18#-6#9#-3#60#-12#75#-9#30#-3#24#-3#72,70,93,145,165,15
GGTCTTGAGCTCACCCAACCAAGCTCATTGGATGTAAAGCCTGGAGAGTCTTTGAGCATCACCTGTAAGGTCTCTGGTTATTCTCTGACTGATAGCAGCAACGTCCATGGAATAGGCTGGATCCGTCAGCCTGTAGGAAAAGCACTTGAATGGATTTGGACCATCTATTATGATGGAAGCTCATACTCTCAAAGTTCCCTAAAAGACAGGTTCAGTGTCACAAGAGACACTTCCAGCAACACAGTGTTTTTAAAAGGACAGAATCTGCAGACTGAAGACACAGCTGTGTATTATTGTGCTCGG,IGHV12S1*01,(F),All,3,18#-6#9#-3#147#-9#30#-3#99,70,105,157,177,15
GATATCACATTAACCCAACCTGGTTCTATGGTTGTAAGTCCAGGAGAGTCTGTCACCATCCCCTGTAAGGTTGCTGGTTATTCTGTTGCTAGCACTTGCACCAACTGGATTCGCCATTCTGAAGGAAAAGCTATGGAGTGGATTGGATACCTGTGTAGTAGTAGTAGCAGTGGCACAACAGACTCATTAAAGAGCAAAATCAGCTTCACTGTTGACTCCTCCAGCAGCACAGTGTTTCTACAAGGGAAGAATTTCCAGACTGAAGACACAGCTGTGTATTACTGTGCTCGC,IGHV13S1*01,(F),All,4,18#-6#9#-3#60#-12#75#-9#30#-3#99,70,93,145,165,15
GGTCAGACACTGACGGAGTCTGAATCAGTGGTTAAAAAGCCTGGAGAATCCCACAAACTGACCTGTACATATTCTGGGTTTGGTGGCAACAATTGGAATGCTTGGATCAGACAGGCTCCTGGGAAAGGACTGGAGTGGGTTTCAGCTATTACCAGCAGTGATGGTGGCAGCACTTACTACTCCCAGTCTGTTCAGGGTCAGTTCACCATCTCCAGAGACAACAGCAAGCAGCAGGTGTATCTCCAGATGAACAGCTTGAAGACTGAAGACTCTGCTGTTTATTATTGTGCCAGAGA,IGHV1S1*01,F,All,5,18#-6#9#-3#60#-15#75#-3#33#-3#101,70,90,142,168,17
AGTCAGATGCTGACTGAATCTGAATCAGTGGTTAAAACGTTTGAAGAATCCCACAAACTGACTTGCACATATTCTGGGTTTGGTGGCAACTATTGGAATGCTTGGATCAGGCAGGCTCCAGGGAAAGGGCTAGAATGGGTTGCAACAATTAGTGATTCAAGCAGTTATATCTACTACTCCCAGTCTATTCAGGGTCGGTTCACCATCTCCAGAGACAACAGCAAGCAGCAGGTGTATGTCCAGATGAACAGCCTGAAGACTGAAGACTCTGCTGTTTATTATTGTGCCAGAGA,IGHV1S2*01,F,All,6,18#-6#9#-3#60#-15#72#-6#33#-3#101,70,90,142,165,17
AGTCAAACACTGACTGAGTCTGGACCAGTGGTTAAAAAGCCTTTAGAAGCCCACAAACTGACCTGTACAGCCTCTAATTTAGACATAAATGGCTATTGGATTGCATGGATCAAACAGGCTCCTGGTAAAGGACTAGAATTTGTGGCAGCGCATTATGACATTAGAAATATTGTCTACTCTCAGTCTGTTCAGGGTCGGTTCACCATCTCCAGAGACAACAGCATGAAGCAGGTGTATCTCCAGATGAACAGCCTGAAGACTGAAGACTCTGCTGTGTATTATTGTGCCAGA,IGHV1S3*01,(F),All,7,18#-6#9#-3#60#-12#75#-9#30#-3#99,70,93,145,165,15
GGTCAGACACTAACTGAGTCTGGACCAGTTGTAAAAATAACTGGAGAACCACACAAAGTGACCTGTACAGCTTCTGGCTTCACATTCAGTAACTACTGGATGGCTTGGATCAGACAGGCTCCTGGGAAAGGACTTGAATGGATTGCTCATTATAAATATGATAGTGCTGAAATCTACTACTCCCAGTCAGTCCAGGGTCGGTTCACCATCTCCAGAGACAACAGCAAGCAGCAGGTGTATCTCCAGATGAACAGCCTGAAGACTGAAGACTCTGCTGTTTATTATTGTGCCAGA,IGHV1S4*01,(F),All,8,18#-6#9#-3#60#-12#75#-6#33#-3#99,70,93,145,168,15
AGTCAGACATTGACCGAGTCTGGACCAGTAGTTAAAAATCCTGGGGAACCACACAAACTGACCTGTACTTATGATGGAATGTCAAACAATAATGCTGATATTAGCTGGATAAGACAGGCTCCTGGTAAAGGGCTGGAGTGGGTTTGTCATATTTCTGCACCAAGTGGAGCTGACAAATACTACTCCAAGTCAGTCCAAGGTCGGTTCACCATCTCCAGAGACAACAGCAAGCAGCAGGTGTATCTCCAGATGAATAACCTGAAGACTGAAGACTCTGCTGTGTATTATTGTGCCGGA,IGHV1S5*01,(F),All,9,18#-6#9#-3#60#-12#78#-3#33#-3#99,70,93,145,171,15
CCAGTTGTAAAAATAACTGGAGAACCACACAAAGTGACCTGTACAGCTTCTGGCTTCACATTCAGTAACTACTGGATGGCTTGGATCAGACAGGCTCCTGGGAAAGGACTTGAATGGATTGCCATTATAAAATATGATAGTGCTGAAATCTACTACTCCCAATCAGTCCAGGGTCGGTTCACCATCTCCAGAGACAACAGCAAGCAGCAGGTGTATCTCCAGATGAACAGCCTGAAGACTGAAGACTCTGCTGTTTATTATTGTGCCAGA,IGHV1S6*01,(F),All,10,-30#3#-3#60#-12#75#-6#33#-3#99,46,69,121,144,15
GGTCAGACACTAACTGAGTCTGGACCAGTTGTAAAAATAACTGGAGAACCACACAAAGTGACCTGTACAGCTTCTGGCTTCACATTCAGTAACTACTGGATGGCTTGGATCAGACAGGCTCCTGGGAAAGGACTTGAATGGATTGCCATTATAAAATATGATAGTGCTGAAATGTACTACTCCCAGTCAGTCCAGGGTCGGTTCACCATCTCCAGAGACAACAGCAAGCAGAAGGTGTATCTCCAGATGAACAGCCTGAAGACTGAAGACTCTGCTGTTTATTATTGTGCCGGC,IGHV1S7*01,(F),All,11,18#-6#9#-3#60#-12#75#-6#33#-3#99,70,93,145,168,15
GGTCAGAGTCTGGAGTCCATTCCCTCCAATTCAGTCATGAAAAAGCCTGGAGAAACTCTCAGTCTCTCCTGTAAGGGATCTGGGTATACCTTTAGTAGCTACAACACACATTGGATTAGACAACCTGCTGGGAAAGCATTGGAATGGATGGGTTATTCTGGATTAGGCCTAGGCTACCATGCTAAAAGCTTTGCAGGACGTATGGAAACGACTAAAGATAATTCCAACAGCATGATGACTCTGAAGCTGTCTGGTCTGAGAGCAGAGGACTCTGCTGTGTATTACTGTGCACGA,IGHV2S1*01,(F),All,12,33#-3#60#-12#72#-12#30#-3#99,76,99,151,168,15
GGTCAGAGTCTGGAGTCCATTCCCTCTAGTCCAGTCCAGAAAAATCCCGGAGAAACTCTCAGTCTGTCCTGTAAGATATCTGGATATACCGTTTCCAGCCACCACACACACTGGATACGACAGCCAGCAGGAAAATCTCTGGAGTGGATGGGTTTTTCTGGATTAGGCCTAGGTTACCATGCTAAAAAGTTTGAAGGACGTATGGAAACCACTAAAGATACTAGTAACAGCATGTTGACTTTGATGCTGTCTGGTCTGAGAACAGAGGACTCTGCTGTGTATTACTGTGCAAGAGA,IGHV2S2*01,F,All,13,33#-3#60#-12#72#-12#30#-3#101,76,99,151,168,17
GGTCAGAGTCTGGAGTCCATTCCCTCTAGTCCAGTCCAGAAAAATCCCGGAGAAACTCTCAGTCTGTCCTGTAAGATATCTGGATTCACCTTTGACAGCCACAACACACACTGGATACGACAGCCAGCAGGAAAATCCCTGGAGTGGTTGGGTTTTTCTGGATTAGGCCTAGGTTACCATGCTAAAAGGTTTGAAGGACGTATGGAAACCACTAAAGATACTAGTAACAGCATGTTGACTTTGATGCTGTCTGGTCTGAGAACAGAGGACTCTGCTGTGTATTACTGTGCAAGA,IGHV2S2*02,(F),All,14,33#-3#60#-12#72#-12#30#-3#99,76,99,151,168,15
ATTCCCTCCAGTCCAGTCCTGAAAAAGCCTGGAGAAACTCTCAGTCTGTCCTGTAAGATATCTGGATACACTGTTGACAGCCACAGCACACACTGGATACGACAACCAGCAGGAAAATCTCTGGAGTGGATGGGTTATTCTGGATTAGGCCTAGGTTACCATGCTAAAACTTTTGAAGGACGTATGGAAACCACTAAAGATAACTCCAACAGCATGTTGACTCTGAAGCTGTCTGGTCTGAGAGCAGAGGACTCTGCAGCGTATTACTGTGCAAGA,IGHV2S3*01,(F),All,15,-18#15#-3#60#-12#72#-12#30#-3#99,58,81,133,150,15
CAGACTGAGCTCACACAGCCAGGCTTTTTGACCCTGCAGCCTGGACAGCCTCTGACCCTCTCCTGTAAGGTCTCTGGGTATTCTTTAACCAGTACCAGCTACTGTACAGGTTGGGTACGACAGCCTGCAGGAAAAGCACTGGAGTGGGTTGGAAACATGTGTGGCAGTGGTAACATATACATCAGTGATAAGCTGAAAAACAAATTCAGTATGTCCAGAGACACTTCCAGCAGCACAGTGACTTTAACAGGACAGAGTCTGCAGACTGAAGACACAGCTGTATATTATTGTGCTCGA,IGHV3S1*01,(F),All,16,18#-6#9#-3#63#-6#78#-9#30#-3#99,70,99,151,171,15
CAGACTGAGCTCACACAGCCAGGCTCTTTGACCCTGCAGCCTGGACAGCCTCTGACCCTCTCCTGTAAGGTCTCTGGGTATTCTTTAACCAGTACCAGCTACTGTACAGGTTGGGTACGACAGCCTGCAGGAAAAGCACTGGAGTGGGTTGGATACATGTGTGGCAGTGGTAACATATACTACAGTGATAAGCTGAAAAACAAATTCAGTATCTCCAGAGACACTTCCAGCACCACAGTGACTTTAACAGGACAGAGTCTGCAGACTGAAGACACAGTTGTGTATTATTGTGCTCGA,IGHV3S2*01,(F),All,17,18#-6#9#-3#63#-6#78#-9#30#-3#99,70,99,151,171,15
CAGACTGAGCTCACACAGCCAGGCTCTTTGACCCTGCAGCCTGGACAGCCTCTGACCCTCTCCTGTAAGGTCTCTGGGTATTCTTTAACCAGTACCAGCTACTGTACAGGTTGGGTACGACAGCCTGCAGGAAAAGCACTGGAGTGGGTTGGATACATGTGTGGCAGTGGTAACATATACTACAGTGATAAGCTGAAAAACAAATTCAGTATCTCCAGAGACACTTCCAGCAGCACAGTGACTTTAACAGGACAGAGTCTGCAGACTGAAGACACAGCTGTGTATTATTGTGCTCGA,IGHV3S3*01,(F),All,18,18#-6#9#-3#63#-6#78#-9#30#-3#99,70,99,151,171,15
CAGACTGAGCTCACACAGCCAGGCTTTTTGACCCTGCAGCCTGGACAGCCTCTGACCCTCTCCTGTAAGGTCTCTGGGTATTCTTTAACCAGTACCAGCTACTGTACAGGTTGGGTACGACAGCCTGCAGGAAAAGCACTGGACTGGGTTGGAAACATGTGTGGCAGTGGTAACATATACTACAGTGATAATCTGAAAAACAAATTCAGTATCTCCAGAGACACTTCCAGCAGCACAGTGACTTTAACAGGACAGAGTCTGCAGACTGAAGACACAGCTGTATATTATTGTGCTCGA,IGHV3S4*01,(F),All,19,18#-6#9#-3#63#-6#78#-9#30#-3#99,70,99,151,171,15
GATGAGATGGATCAGTCTCCTTCTCAGGTGAAAAGACCTGGAGACAAGTTTAAATTGTCATGTAAAATCTCTGGGTTTGATATGACAAACTATTACATGCACTGGATAAGACAGAAACCAGGCAAAGCTCTGGAGTGGATTGGGGTTATTAACTCTGGTTCAACAGATGCTCCAGTCTACTCAGACTCCCTGAAAGGCCAGTTCACCCTGACCGAGGACGTCTCTACAAGCACACAGTTCTTAGAGGCCAAGAGTCTGAGTTCAGAGGACTCTGCTGTTTATTATTGTGCTCGC,IGHV4S1*01,(F),All,20,-3#15#-6#9#-3#60#-12#78#-3#33#-3#99,67,90,142,168,15
GGTCAGACACTGACTGAGTCTGGACCAGTAGTTAAAAAGCCTGGAGAATCCCACAAACTGACCTGTACAGCCTCTGGCTTCACATTCAGTAGCTATAGGATGGGTTGGATCAGACAGGCTCCTGGGAAAGGACTGGAGTGGATTGCTTATATTAGCACACAGAGTAATCCAATCTCTTATTCCCAGTCAGACCAGGGTAGATTCACTATCTCCAGAGATGACTCCAGCAGTAAGCTGTACCTACAGATGAACAGTCTGAGGATGGAGAACACAGCAGTGTATTACTGTGCTAGA,IGHV5S1*01,(F),All,21,18#-6#9#-3#60#-12#75#-6#33#-3#99,70,93,145,168,15
CAGGGTCAGACATTGACTGAGTCTGGACCAGTAATTAAAACGCCTGGAGAATCCCACACACTGATCTGTACAGGTTCTGGGTTCACGTTCAAGAACTATTGGATGAGTTGGATAAGACAGGCTCCTGGGAAAGAACTGGAATGGATTGGTTATATACATGGTACTACTACTTACTACTCCCAGTCAATGCAGGGTAGATTCACCCTCTCCAGAGATGACTCCAGCAGTAAGCTGTACCTACAGATGAACAGCCTGAAGAGTGAGGACACAGCAGTGTATTACTGTGCCCGGTACA,IGHV5S10*01,F,All,22,18#-6#72#-12#72#-12#30#-3#103,73,96,148,165,19
GGTCAGACACTGACTGAGTCTGGACCAGGGATTAAAACGCCTGGAGAATCCAACACACTGAGTTGTACCACCTCTGGGTTCACATTCAGTAGCTACCATATGGCTTGGATGAAACAGGCTCCTGGGAAAGGACTTGAGTTTGTTGCCTTTATACACACTGGTGGATCGAGTCCATTCTATTCTCAGTCAATACAGGGTAGATTCACCATCTCCAGAGATGACTCCAGCAGTAAGCTGTACCTACAGATGAACAGTCTGAAGAGTGAGGACACAGCATTGTATTACTGTGCCCGG,IGHV5S2*01,(F),All,23,18#-6#9#-3#60#-12#75#-6#33#-3#99,70,93,145,168,15
GGTCAGACACTGACTGAGTCTGGACCAGTGGTTAAAAAGCCTGGTGAATCACACAAACTGACCTGTACAGCCTCTGGGTTCACATTCAGTAGCTATGCGATGAACTGGGTCAGACAGGCTCCTGGGAAAGGATTAGAGTGGATTGCTTATATCAGCACAGCTAGTACACCCATATATTACTCCCAGTCAGTCCAGGGTAGATTCACCATCTCTAGAGATGACTCCAGCAGTAAGCTGTACCTACAGATGAACAGTCTGAAGAGTGAAGACACAGCGGTGTATTACTGTGCCCGG,IGHV5S3*01,(F),All,24,18#-6#9#-3#60#-12#75#-6#33#-3#99,70,93,145,168,15
GGTCAGACATTGACTGAGTCTGGACCAGTGGTTAAAAATCCTGGAGAATCACACAAACTGACCTGTACAGGCTCTGGGTTCACATTCAGTAGCTATGGGATGAACTGGATCAGACAGGCTCCTGGGAAAGGATTGGAGTGGATTGCCTATAGTTATAGTACTACTACATATTACTCCCAGTCATTTCAGGGTAGATTCACCATCTCCAGAGATGACTCCAGCAGTAAGCTATACCTACAGATGAACAGTCTGAGGAGTGAGGACACAGCAGTGTATTACTGTGCTAGA,IGHV5S4*01,(F),All,25,18#-6#9#-3#60#-12#72#-12#30#-3#99,70,93,145,162,15
GGTCAGACACTGACTGAGTCTGGACCAGGGATTAAAACGCCTGGAGAATCCAACACACTGAGTTGTACCACCTCTGGGTTCACATTCAGTAGTTACCATATGGCTTGGATGAAACAGGCTCCTGGGAAAGGACTTGAGTTTGTTGCCTTTATACACACTGGTGGATCGAGTCCATCTATTCTCAGTCGAATACAGGGTAGATTCACCATCTCCAGAGATGACTCCAGCAGTAAGCTGTACCTACAGATGAACAGTCTGAAGAGTGAGGACACAGCATTGTATTACTGTGCCCGG,IGHV5S5*01,(F),All,26,18#-6#9#-3#60#-12#75#-6#33#-3#99,70,93,145,168,15
GGTCAGACACTGACTGAGTCTGGACCAGGGATTAAAACGCCTGGAGAATCCAACACACTGAGTTGTACCACCTCTGGGTTCACATTCAGTAGCTACCACATGGCTTGGATGAAACAGGCTCCTGGGAAAGGACTTGAGTTTGTTGCCTTTATACACACTGGTGGATCGAGTCCATTCTATTCTCAGTCAATACAGGGTAGATTGACCATCTCCAGAGATGACTCCAGCAGTAAGCTGTACCTACAGATGAACAGTCTGAAGAGTGAGGACACAGCACTGTATTACTGTGCCCGG,IGHV5S6*01,(F),All,27,18#-6#9#-3#60#-12#75#-6#33#-3#99,70,93,145,168,15
GGTCAGACACTGACTGAGTCTGGACCAGGGGTTAAAACGCCTGGAGAATCCAACACACTGAGTTGTACCACCTCTGGGTTCACATTCAGTAGCTACCACATGGCTTGGATGAAACAGGCTCCTGGGAAAGGACTTGAGTTTGTTGCCTTTATACACACTGGTGGATCGAGTCCATTCTATTCTCAGTCAATACAGGGTAGATTCACCATCTCCAGAGATGACTCCAGCAGTAAGCTGTACCTACAGATGAACAGTCTGAAGAGTGAGGACACAGCATTGTATTACTGTGCCCGG,IGHV5S7*01,(F),All,28,18#-6#9#-3#60#-12#75#-6#33#-3#99,70,93,145,168,15
GGTCAGACACTGACTGAGTCTGGACCAGGGATTAAAACGCCTGGAGAATCCAACACACTGAGTTGTACCACCTCTGGGTTCACATTCAGTAGCTACCATATGGCTTGGATGAAACAGGCTCCTGGGAAAGGACTTGAGTTTCTTGCCCTTTATACACACTGGTGGATCGAGTCCATTCTATCTCAGTCAATACAGGGTAGATTCACCATCTCCAGAGATGACTCCAGCAGTAAGCTGTACCTACAGATGAACAGTCTGAAGAGTGAGGACACAGCATTGTATTACTGTGCCCGG,IGHV5S8*01,(F),All,29,18#-6#9#-3#60#-12#75#-6#33#-3#99,70,93,145,168,15
GGTCAGACACTGACTGAGTCTGGACCAGGGATTAAAACGCCTGGAGAATCCAACACACTGAGTTGTACCACCTCTGGGTTCACATTCAGTAGCTACCATATGGCTTGGATGAAACAGGCTCCTGGGAAAGGACTTGAGTTTGTTGCCTTTATACACACTGGTGGATCGAGTCCATCTATCTCAGTCAATCAGGGTAGATTCACCATCTCCAGAGATGACTCCAGCAGTAAGCTGTACCTACAGATGAACAGTCTGAAGAGTGAGGACACAGCATTGTATTACTGTGCACAC,IGHV5S9*01,(F),All,30,18#-6#9#-3#60#-12#75#-9#30#-3#99,70,93,145,165,15
TGTGAAGAACTCACTCAGCCAGCCTCTATGACTGTCCAGTCAGGTCAACCACTGACCATCTCTTGTAAGGTTTCATATTCTGTAGGTAGCTATTACACAGCTTGGATCCGGCAGCCTGCAGGGAAAACACTGGAGTGGATTGGAATGAAATATACTGGAGGAACGCACCACAAAGACTCCCTGAAAAATAAGTTCAGCCTCACAGTAGACTCCTCCAGCAATACTGTGACTTTAACAGGACAGAGTCTGCAGACTGAGGACACAGCTGTGTATTATTGTGCTCGCCTC,IGHV6S1*01,F,All,31,18#-6#9#-3#60#-15#69#-12#30#-3#102,70,90,142,159,18
TATGAACTCTCCCAGCCAGCATCTATGACTGTCCTGCCAGGTCAACCACTGACCATCTCCTGTAAGGTCTCATATTCAGTTACTAACGCTTGGACAGCTTGGATCCGAAAGCCTGCAGGGAAAACACTGGAGTGGATTGGAAATGTATATTCTGGAGTCACACAATACAAGGATTCGCTGAAGAACAAGTTCAGCCTCTCAGTAGACTCTAGCAGTAATACTGTGTTTTTAAAAGGGCAGAACCTTCAGACTGAAGGCTCAACTGTGTATTATTGTGCCCTA,IGHV6S2*01,(F),All,32,-3#15#-6#9#-3#60#-15#69#-12#30#-3#99,67,87,139,156,15
GAAGAACTCACTCAGCCAGCCTCTATGACTGTCCAGTCAGGTCAACCACTGACCATCTCTTGTAAGGTTTCATATTCTGTAGGTACGTATTACACAGCTTGGATCCGGCAGCCTGCACCCAAAACACTGGAGTGGATTGGAATGAAATATACTGGAGGAACGCACCACAAAGACTCCCTGAAAAATAAGTTCAGCCTCACAGTAGACTCCTCCAGCAATACTGTGACTTTAACAGGACAGAGTCTGCAGACTGAGGACACAGCTGTGTATTATTGTGCTCGC,IGHV6S3*01,(F),All,33,-3#15#-6#9#-3#60#-15#69#-12#30#-3#99,67,87,139,156,15
TATGAACTCACTCAGCCAGCCTCTTTGACTGTCCAGCCAGGTCAACCACTGACCATCTCCTGTAAGGTCTCATATTCAGTTAGTAGCTACTACACGGCTTGGATTCGACAGCCTGCAGGGAAAACACTGGAGTGGATTGGATATATTAGTAGTGGTGGAGGCACAGCTTATAAAGATTCACTGAAAAACAAGTTCAGCATCACCAGAGACACGTCCAGCAACACATTGTTTTTAAAAGGACAGAGTCTGCAGACTGAAGACACAGCTGTGTATTATTGTGCTCGC,IGHV6S4*01,(F),All,34,-3#15#-6#9#-3#60#-15#72#-9#30#-3#99,67,87,139,159,15
GAAGAACTCACTCAGCCAGCCTCTATGGCTGTCCAGCCAGGTCAACCACTGACCATCTCCTGTAAGGTCTCATATTCTGTTGCTAGCTATTGGACAGCTTGGATCCGACAACCTGCAGGGAAAGGACTGGAGTGGATTGGGCAAATATATACTGGAAACACAATCTACAAGGATTCACTGAAAAACAAGTTCAGCCTCACTTTAGACTCCACTAACAAGATAGTGACTTTAACAGGACAGAACCTGCAGACTGAAGACACAGCTGTGTATTATTGTGCCCGA,IGHV6S5*01,(F),All,35,-3#15#-6#9#-3#60#-15#69#-12#30#-3#99,67,87,139,156,15
CCAGCCTCTATGACTGTCCAGCCAGGTCAACCACTGACCATGTCCTGTAAGGTCTCATATTCTGTTGCTAGCTATTGGACAGCTTGGATCCGACAACCTGCAGGGAAAGGACTGGAGTGGATTGGGCAAATATATACTGGAAACACAATCTACAAGGATTCACTGAAAAACAAGTTCAGCCTCACTTTAGACTCCTCTAACAAGATAGTGACTTTAACAGGACAGAACCTGCAGACTGAAAACACAGCTGTGTATTATTGTGCCCGA,IGHV6S6*01,(F),All,36,-24#9#-3#60#-15#69#-12#30#-3#99,52,72,124,141,15
GAAGAACTCACTCAGCCAGCCTCTATGACTGTCCAGTCAGGTCAACCACTGACCATCTCTTGTAAGGTTTCATATTCTGTAGGTAGCTATTACACAGCTTGGATCCGGCAGCCTGCACCCAAAACACTGGAGTGGATTGGAATGAAATATACTGGAGGAACGCACCACAAAGACTCCCTGAAAAATAAGTTCAGCCTCACAGTAGACTCCTCCAGCAATACTGTGACTTTAACAGGAACGAGTCTGCAGACTGAGGACACAGCTGTGTATTATTGTGCTCGC,IGHV6S7*01,(F),All,37,-3#15#-6#9#-3#60#-15#69#-12#30#-3#99,67,87,139,156,15
GAAGAACTCACTCAGCCAGCCTCTATGACTGTCCAGCCAGGTCAACCACTGACCATATCCTGTAAGGTCTCATATCCTGTTACTAGTTATTGGACAGCTTGGATCCGACAACCTGCAGGGAAAGGACTGGAGTGGATTGGGCAGATATATACTGGAAACACAATCTACAAGGATTCACTGAAAAACAAGTTCAGCCTCACTTTAGACTCCTCTAACAAGATAGTGACTTTAACAGGACAGAACCTGCAGACTGAAGACACAGCTGTGTATTATTGTGCCCGA,IGHV6S8*01,(F),All,38,-3#15#-6#9#-3#60#-15#69#-12#30#-3#99,67,87,139,156,15
GAAGAACTCACTCAGCCAGCCTCTATGACTGTCCAGTCAGGTCAACCACTGACCATCTCTTGTAAGGTTTCATATTCTGTAGGTAGCTATTACACAGCTTGGATCCGGCAGCCTGCAGGGAAAACACTGGAGTGGATTGGAATGAAATATACTGGAGGAACGCACCACAAAGACTCCCTGAAAAATAAGTTCAGCCTCACAGTAGACTCCTCCAGCAATACTGTGACTTTAACACCACAGAGTCTGCAGACTGAGGACACAGCTGTTTATTATTGTGCTCGC,IGHV6S9*01,(F),All,39,-3#15#-6#9#-3#60#-15#69#-12#30#-3#99,67,87,139,156,15
GGTCTTGAACTCAGCCAGCCAAATGTAATGGTTGTAAAGCCTGGAGAGTCTCTGAGCATCACCTGTAAGGTCTCTGGGTATTCTGTTAGTGATAGCAGCATAAGCTTTGCCACAGGTTGGGTTCGAAAGCCTGCAGGGAAAGCAATGGAGTGGATTTCCCATATATGGGATAATGGAGACATATACAAAAATGATGCATTGAAAAACAAGTTCAGCATTTCAACACATGCCTCCAGCAACTCTGTGTCTTTACAAGGGAAGAGCCTGCAACCTGAAGACACAGCTGTGTATTACTGTGCTCGG,IGHV7S1*01,(F),All,40,18#-6#9#-3#147#-9#30#-3#99,70,105,157,177,15
CAGGTCGTACTCACACAGGCTGAACAGTCAGTCCAGGGGACCCCTGCAGGATCCCTCAAACTCACATGTGCCTGTAGTGGATTCACTCTAAGCAGCAGTTACATGCACTGGATCCGCCAGGCACCTGGAAAAGGACTTGAATGGATAATTTACTATTACTCTGATAGTAACAAGAGCAATGCCCCTGTAGTACAGGGTAGATTCACAGCGTTGAAGGACAGCACTAATTTCTATCTGCACATGAACCTGTTGAAGCCAGAGGACTCCGCAGAGTATTACTGTGCTAGA,IGHV8S1*01,(F),All,41,18#-6#72#-12#75#-9#30#-3#24#-6#69,73,96,148,168,15
CAGATCGTCCTCACACAGGCTGAGTCAGTCCAGGGGACTCCTGCAGGATCCCTCAAACTCACATGTGCCTGTAGTGGATTCACTCTAAGCAGCATAATTATATTTTGGATCCGCCAGGCACCTGGAAAAGGACTTGAATGGATCATTTACTATTATTCTGACAGTGACAAAAGCAATGCCCCTGTAGTACAGGGTCGATTCACTGCATCAAAGGACAGCAGTCCTTTCTATCTCCACATGAGCCAGTTGAAGCCAGAGGACTCTGCAGTGTATTACTGTGCTAGG,IGHV8S10*01,(F),All,42,18#-6#9#-3#60#-12#75#-9#30#-3#24#-6#69,70,93,145,165,15
CAGGTCGTACTCACACAGGCTGAACAGTCAGTCCAGGGGACCCCTGCAGGATCCCTCAAACTCACATGTGCCTGTAGTGGATTCACTCTAAGCAGTAGTTACATGCACTGGATCCGCCAGGCACCTGGAAAAGGACTTGAATGGATCATTTACTATTACTCTGATAGTAACAAGAGCAATGCCCCTGTAGTACAGGGTCGATTCACTGGATCAAAGGACAGCAGTAATTTCTATCTCCACATGAGCCAGTTGAAGCCAGAGGACTCTGCAGTGTATTACTGTGCTAGA,IGHV8S11*01,(F),All,43,18#-6#72#-12#75#-9#30#-3#24#-6#69,73,96,148,168,15
CAGATTGTACTCACACAGGCTAGTCAGCCAGGGACTCCTGCAGGATCCCTCAAACTCACATGTGCCTGTAGTGGATTCACTCTAAGCAGGGGTAATATGTTTTGGATCCGCCAGGCACCTGGAAAAGGACTTGAATGGATCATTTACTATTATTCTGACAGTGACAAGAGCAATGCCCCTGTAGTACAGGGTCGATTCACTGGATCAAAGGACAGCAGTAATTTCTATCTCCACATGAGCCAGTTGAAGCCAGAGGACTCTGCAGTGTATTACTGTGCTAGA,IGHV8S2*01,(F),All,44,18#-6#9#-6#57#-12#75#-9#30#-3#24#-6#69,67,90,142,162,15
CAGATTGTACTCACACAGGCTGAGTCAGTCCAGGGGACTCCTGCAGGATCCCTCAAACTCACATGTGCCTGTAGTGGATTCACTCTAAGCAGCACTAATATGTTTTGGATCCGCCAGGCACCTGGAAAAGGACTTGAATGGATCATTTACTATTATTCTGACAGTGACAAGAGCAATGCCCCTGTAGTACAGGGTCGATTCACTGCATCAAAGGACAGCAGTAATTTCTATCTCCACATGAGCCAGTTGAAGCCAGAGGACTCTGCAGAGTATTACTGTGCTTAT,IGHV8S3*01,(F),All,45,18#-6#9#-3#60#-12#75#-9#30#-3#24#-6#69,70,93,145,165,15
CAGGTCGTACTCACACAGACTGAACAGTCAGTCCAGGGGACTCCTGCAGGATCCCTCAAACTCACATGTGCCTGTAGTGGATTCACTCTAAGCAGCACTAATATGCACTGGATCCGCCAAGCACCTGGAAAAGGACTTGAATGGATCATTTACTATTATTCTGACAGTGACAAGAGCAATGCCCCTGTAGTACAGGGTCGATTCACTGCATCAAAGGACAGCAGAAATTTCTATCTCCACATGAGCCAGTTGAAGCCAGAGGACTCTGCAGTGTATTACTGTGCTAGA,IGHV8S4*01,(F),All,46,18#-6#72#-12#75#-9#30#-3#24#-6#69,73,96,148,168,15
TCCCTCAAACTCACGTGTGCCTGTAGTGGATTCACTCTAAGCAGCACTAATATGCACTGGATCCGCCAAGCACCTGGAAAAGGACTTGAATGGATCATTTACTATTATTCTGACAGTGACAAGAGCAATGCCCAGGTAGTACAGGGCCGATTCACTGCATCAAAGGACAGCAGTAATTTATATCTGCACATGAGCCAGTTGAAGCCAGAGGACTCTGCAGTGTATTACTGTGCTAGA,IGHV8S5*01,(F),All,47,-57#39#-12#75#-9#30#-3#24#-6#69,22,45,97,117,15
CAGGTCGTACTCACACAGGCTGAACAGTCAGTCCAGGGGACCCCTGCAGGATCCCTCAAACTCACATGTGCCTGTAGTGGATTCACTCTAAGCAGTAGTTACATGCACTGGATCCGCCAGGCACCTGGAAAAGGACTTGAATGGATCATTTACTATTACTCTGATAGTAACAAGAGCAATGCCCCTGTAGTACAGGGTCGATTCACTGAATCAAAGGACAGCAGTAATTTCTATCTCCACATGAGCCAGTTGAAGCCAGAGGACTCTGCAGTGTATTACTGTGCTAGA,IGHV8S6*01,(F),All,48,18#-6#72#-12#75#-9#30#-3#24#-6#69,73,96,148,168,15
CAGGTCGTACTCACACAGGCCGAACAGTCGGTCCAGGGGACACCTGGGGGATCCCTCAAACTCACATGTGCCTGTAGTGGAATCACTCTCAGCAGCTCTTATATGCACTGGATTCGCCAAGCACCTGGAAAAGGACTTGAATGGATAATTTACTATTATTCTGACAGTTACAAGAGCAATGCCCAGGTAGTACAGGGTCGATTCACTGCATCGAAGGACAGCACTAATTTCTATCTGCACATGAGCCAGTTGAAGTCAGAGGACTCTGCAATGTATTACTGTGCTAGAGACT,IGHV8S7*01,F,All,49,18#-6#72#-12#75#-9#30#-3#24#-6#73,73,96,148,168,19
CAGGTCGTACTCACACAGGCTGAACAGTCGGTCCAGGGGACACCTGGGGGATCCCTCAAACTCACATGTGCCTGTAGTGGAATCACTCTCAGCAGCTCTTATATGCACTGGATTCGCCAAGCACCTGGAAAAGGACTTGAATGGATAATTTACTATTATTCTGACAGTTACAAGAGCAATGCCCAGGTAGTACAGGGTCGATTCACTGCATCGAAGGACAGCACTAATTTCTATCTGCACATGAGCCAGTTGAAGTCAGAGGACTCTGCAATGTATTACTGTGCTAAA,IGHV8S7*02,(F),All,50,18#-6#72#-12#75#-9#30#-3#24#-6#69,73,96,148,168,15
CAGGTCGTACTCACACAGGCTGAACAGTCAGTCCAGGGGACCCCTGCAGGATCCCTCAAACTCACATGTGCCTGTAGTGGATTCACTCTAAGCAGCAGTTACATGCACTGGATCCGGGAGGCACCTGGGAAAGGACTTGAATGGATAATTTACTATTACTCTGATAGTAACAAGAGCAATGCCCCTGTAGTACAGGGTAGATTCACAGAGTTGAAGGACAGCACTAATTTCTATCTGCACATGAACCTGTTGAAGCCAGAGGACTCGGCAGTGTATTACTGTGCTAGA,IGHV8S8*01,(F),All,51,18#-6#72#-12#75#-9#30#-3#24#-6#69,73,96,148,168,15
CAGGTCGTACTCACACAGGCTGAACAGTCAGTCCAGGGGACCCCTGCAGGATCCCTCAAACTCACATGTGCCTGTAGTGGATTCACTCTAAGCAGCAGTTACATGCACTGGATCCGCCAAGCACCTGGAAAAGGACTTGAATGGATAATTTACTATTACTCTGATAGTAACAAGAGCAATGCCCCTGTAGTACAGGGTAGATTCACAGCGTTGAAGGACAGCACTAATTTCTATCTGCACATGAACCTGTTGAAGCCAGAGGACTCGGCAGTGTATTACTGTGCTAGA,IGHV8S9*01,(F),All,52,18#-6#72#-12#75#-9#30#-3#24#-6#69,73,96,148,168,15
GGACAGTCACTCACCTCCTCTGAGTCAGTGGTGAAGAAACCTGGAGAGTCAGTAACACTGTCATGTACTGTGTATGGTTTCTCCATGGGTAGCTACTACATGCACTGGATCCGTCAGAAACCAGGGAAAGGTCTAGAGTGGATTGGACGGATTGACACTGGCACTGGCACTGTATTTGCTCAGTCCCTCCAGGGCCAGTTCACCATCACCAAAGACAACTCCAAAAACCAGTTGTATTTAGAGGTGAAAAGCCTGAAGACTGAAGACTCTGCTGTTTATTATTGTGCCAGG,IGHV9S1*01,(F),All,53,18#-6#9#-3#60#-12#75#-9#30#-3#99,70,93,145,165,15
GGACAGTCACTCACCTCCTCTGAGTCAGTGGTGAAGAGCCCTGGAGAGTCAGTAACACTGTCATGTACTGTGTCTGGTTTCTCCATGGATAGCTACTACATGCACTGGATCCGTCAGAAACCAGGGAAAGGTCTAGAGTGGATTGGCCTTATTGACACTGGCACTGGCACTGTATTTGCTCAGTCCCGCCAGGGCCAGTTCACCATCACCAAAGACAACTCCAAAAACCAGTTGTACTTAGAGGTGAAAAGCCTGAAGACTGAAGACTCTGCTGTTTATTATTGTGCAAGA,IGHV9S2*01,(F),All,54,18#-6#9#-3#60#-12#75#-9#30#-3#99,70,93,145,165,15
GGGCAGTCACTCACCTCCTCTGAGCCAGTAGTGAAGAGACCTAGTGAGTCAGTAACACTGTCCTGTACTGTGTCTGGATTCTCCATGGGTAGCTACTGGATGCAATGGATCCGTCAGAAACCAGGGAAAGGATTGGAGTGGATTGGATTCATTGACACTGGAACCACTGCTTATTATGCCCAGTCTCTCCAGGGCCAGTTCACCATCACCAAAGACACCTCCAAAAACCAGCTGTACTTAGAGATGAAAAGTCTGAGGACTGAAGACTCTGCTGTTTATTATTGTGCCAGA,IGHV9S3*01,(F),All,55,18#-6#9#-3#60#-12#75#-9#30#-3#99,70,93,145,165,15
GGGCAGTCACTCACCTCCTCTGAGCCAGTCGTGAAGAGACCTAGTGAGTCAGTAACACTGTCCTGTACTGTGTCTGGATTCTCCATGGGTAGTTGCTGGATGCAATGGATCCGTCAGAAACCAGGGAAAGGATTGGAGTGGATTGGATTCATTGACACTGGAACCACTGCTTATTATGCCCAGTCTCTCCAGGGCCAGTTCACCATCACCAAAGACACCTCCAAAAACCAGCTGTACTTAGAGATGAAAAGTCTGAAGACTGAAGACTCTGCTGTTTATTATTGTGCCAGA,IGHV9S4*01,(F),All,56,18#-6#9#-3#60#-12#75#-9#30#-3#99,70,93,145,165,15
GGGCAGTCACTCACCTCCTCTGAAGCCGTCGTGAAGAGACCTAGTGAGTCAGTAACACTGTCCTGTACTGTGTCTGGATTCTCCATGGGTAGCTACTGGATGCAATGGATCCGTCAGAAACCAGGGAAAGGATTGGAGTGGATTGGATTCATTGACACTGGAACCACTGCTTATTATGCCCAGTCTCTCCAGGGCCAGTTCACCATCACCAAAGACACCTCCAAAAACCAGCTGTACTTAGAGATGAAAAGTCTGAAGACTGAAGACTCTGCTGTTTATTATTGTGCCAGA,IGHV9S5*01,(F),All,57,18#-6#9#-3#60#-12#75#-9#30#-3#99,70,93,145,165,15
GGGCAGTCACTCACCTCCTCTGAGCCAGTAGTGAAGAGACCTAGTGAGTCAGTAACACTGTCCTGTTCTGTGTCTGGATTCTCCATGGGTAGCTACTGGATGCAATGGATCCGTCAGAAACCAGGGAAAGGATTGGAGTGGATTGGATTCATTGACACTGGAACCACTGCTTATTATGCCCAGTCTCTCCAGGGCCAGTTCACCACCACCAAAGACACCTCCAAAAACCAGGTGTACCTCCAGATGAACAGCCTGAAGACTGAAGACTCTGCTGTTTATTATTGTGCCAGG,IGHV9S6*01,(F),All,58,18#-6#9#-3#60#-12#75#-9#30#-3#99,70,93,145,165,15
ACTATACAGTTACAGTTTGGGCTTCTTATTTGAGAGC,IGHD1*01,F,All,1,,0,0,0,0,0
GCTCTCAAATAAGAAGCCCAAACTGTAACTGTATAGT,rIGHD1*01,F,All,2,,0,0,0,0,0
ACTATATGGGGGC,IGHD2*01,F,All,3,,0,0,0,0,0
GCCCCCATATAGT,rIGHD2*01,F,All,4,,0,0,0,0,0
ATATGGGGTGGGGTG,IGHD3*01,F,All,5,,0,0,0,0,0
CACCCCACCCCATAT,rIGHD3*01,F,All,6,,0,0,0,0,0
ATAACAACGGGGG,IGHD4*01,F,All,7,,0,0,0,0,0
CCCCCGTTGTTAT,rIGHD4*01,F,All,8,,0,0,0,0,0
CCATATAGCGGGGT,IGHD5*01,F,All,9,,0,0,0,0,0
ACCCCGCTATATGG,rIGHD5*01,F,All,10,,0,0,0,0,0
TATGGGAGTGGC,IGHD6*01,F,All,11,,0,0,0,0,0
GCCACTCCCATA,rIGHD6*01,F,All,12,,0,0,0,0,0
CAGAATAACGGC,IGHD7*01,F,All,13,,0,0,0,0,0
GCCGTTATTCTG,rIGHD7*01,F,All,14,,0,0,0,0,0
TACACTGGGAGC,IGHD8*01,F,All,15,,0,0,0,0,0
GCTCCCAGTGTA,rIGHD8*01,F,All,16,,0,0,0,0,0
TATGGGGGCAGC,IGHD9*01,F,All,17,,0,0,0,0,0
GCTGCCCCCATA,rIGHD9*01,F,All,18,,0,0,0,0,0
ATGCTTTTGACTACTGGGGTAAAGGGACACAAGTCACCGTCTCAGCAG,IGHJ1*01,F,All,1,,0,0,0,0,15
TATGGATACTTTGACTATTGGGGGAAAGGAACATTGATCACAGTATCATCAG,IGHJ2*01,F,All,2,,0,0,0,0,19
ATTACTATTTCGACTACTGGGGGAAAGGGACCCAAGTCACGATAACTTCTG,IGHJ3*01,F,All,3,,0,0,0,0,18
ACAACTACTTTGACTACTGGGGGAAAGGGACCATGGTGACCGTGTCCACAG,IGHJ4*01,F,All,4,,0,0,0,0,18
ACAATGCTTTTGACTACTGGGGGAAAGGCACAATGGTTACCGTTTCATCAG,IGHJ5*01,F,All,5,,0,0,0,0,18
ACTACCGTTTTGACTACTGGGGGAAAGGGACAATGGTTACTGTTTCATCAG,IGHJ6*01,F,All,6,,0,0,0,0,18
CTACGCTGCTTTTGACTCCTGGGGTCAGGGTACAATAGTAACCGTTTCAG,IGHJ7*01,F,All,7,,0,0,0,0,20
