GroupNum,UniqueSequences,TemplateCount,H-CDR3_AminoAcid,H-V_GeneName,H-D_GeneName,H-J_GeneName,TreeImageName
1,10,300,ARPLLDYFDY,IGHV1-76*01,rIGHD1-3*01,IGHJ2*01,Tree.Grp1.png
2,10,300,ASRRCYYAMDY,IGHV1-31*01,rIGHD3-2*01|rIGHD3-2*02,IGHJ4*01,Tree.Grp2.png
3,10,300,VREGERIVVDY,IGHV10-3*02,rIGHD2-2*01|rIGHD2-4*01|rIGHD2-7*01|rIGHD2-9*01|rIGHD2-9*02,IGHJ2*01,Tree.Grp3.png
4,10,300,ARGSLSCTWFAY,IGHV1-55*01,rIGHD3-2*02,IGHJ3*01,Tree.Grp4.png
5,10,300,ARYGGSSGDFDY,IGHV7-3*01,IGHD1-1*02,IGHJ2*01,Tree.Grp5.png
6,10,300,ARGCGTAEASYFDY,IGHV1-52*01,rIGHD6-1*01|rIGHD6-3*01,IGHJ2*01,Tree.Grp6.png
7,10,300,AGDRVSYYSNFPMDY,IGHV12-3*01,IGHD2-12*01,IGHJ4*01,Tree.Grp7.png
8,10,300,TREVTIVEEGYAMDY,IGHV6-6*01,rIGHD2-1*01|rIGHD2-8*01,IGHJ4*01,Tree.Grp8.png
9,2,90,VKAVRGKGVIPWFAY,IGHV7-4*04,rIGHD1-2*01,IGHJ3*01,Tree.Grp9.png
10,8,210,VNAVRGKGVIPWFAY,IGHV7-4*04,IGHD2-3*01,IGHJ3*01,Tree.Grp10.png
11,10,300,ARDAAGRGRQLVSAVPQLSYFDY,IGHV7-1*03,IGHD6-2*01,IGHJ2*01,Tree.Grp11.png
