GroupNum,UniqueSequences,TemplateCount,H-CDR3_AminoAcid,H-V_GeneName,L-CDR3_AminoAcid,L-V_GeneName,L-J_GeneName,TreeImageName
1,1,1,ARNVGRY,IGHV2-6*02,QQYWSTPPG,IGKV13-85*01,IGKJ2*02,Tree.Grp1.png
2,5,5,ARNVVRY,IGHV2-6*02,QQYWSTPPG,IGKV13-85*01,IGKJ2*02,Tree.Grp2.png
3,3,3,ARDVVRF,IGHV2-6*02,QQYWSTPPG,IGKV13-85*01,IGKJ2*02,Tree.Grp3.png
4,2,2,ASFYFDV,IGHV1-63*01,QQGSMLPPVT,IGKV10-96*02,IGKJ4*01,Tree.Grp4.png
5,1,1,ASFYFDV,IGHV1-63*02,QQGSTLPPVT,IGKV10-96*02,IGKJ4*01,Tree.Grp5.png
6,2,2,ASFYFDV,IGHV1-63*02,QQGSTLPPVT,IGKV10-96*02,IGKJ4*01,Tree.Grp6.png
7,1,1,ASFYFDV,IGHV1-63*02,QQGSTLPPVT,IGKV10-96*02,IGKJ4*01,Tree.Grp7.png
8,1,1,ASFYFDV,IGHV1-63*02,QQGSTLPPVT,IGKV10-96*02,IGKJ4*01,Tree.Grp8.png
9,1,1,ASLYFNV,IGHV1-63*02,QQGSTLPPVT,IGKV10-96*02,IGKJ4*01,Tree.Grp9.png
10,1,1,ASFYFDV,IGHV1-63*02,QQGSTLPPVT,IGKV10-96*02,IGKJ4*02,Tree.Grp10.png
11,6,6,VRSAPWYFDV,IGHV10S4*01,LQFYEFPPT,IGKV14-130*01,IGKJ1*02,Tree.Grp11.png
12,1,1,VRSAPSYFDV,IGHV10S4*01,LQFYEFPPT,IGKV14-130*01,IGKJ1*02,Tree.Grp12.png
13,1,1,VRSAPWCFDV,IGHV10S4*01,LQFYEFPPT,IGKV14-130*01,IGKJ1*02,Tree.Grp13.png
14,1,1,ARSVPWYFDV,IGHV10S4*01,LQFYEFPPT,IGKV14-130*01,IGKJ1*02,Tree.Grp14.png
15,3,3,VKAVTTYFDY,IGHV7-4*04,ALWYSTHWFI,IGLV2*02,IGLJ3*01,Tree.Grp15.png
16,4,4,VKAVTTYFDY,IGHV7-4*04,ALWYSTHWFI,IGLV2*02,IGLJ3*01,Tree.Grp16.png
17,2,2,VRAVTTYFDY,IGHV7-4*04,ALWYSTHWFI,IGLV2*02,IGLJ3*01,Tree.Grp17.png
18,2,2,ARYLPPSFDY,IGHV1-20*02,TLWSSNHFEFV,IGLV2*01,IGLJ3*01,Tree.Grp18.png
19,1,1,ARYLPPPFDY,IGHV1-20*02,ALWYSNHFEFI,IGLV2*01,IGLJ3*01,Tree.Grp19.png
20,3,3,ARYLPHPFDY,IGHV1-20*02,ALWYSNHFELV,IGLV2*01,IGLJ3*01,Tree.Grp20.png
21,2,2,ARYLPTPFDY,IGHV1-20*02,ALWYSNHFEFV,IGLV2*01,IGLJ3*01,Tree.Grp21.png
22,1,1,ARYLPHPFHY,IGHV1-20*02,ALWYSNHFELV,IGLV2*01,IGLJ3*01,Tree.Grp22.png
23,1,1,ARGGGQYFDY,IGHV1-69*01,ALWYSAHFISSNGLLY,IGLV2*02,IGLJ4*01|IGLJ5*01,Tree.Grp23.png
24,1,1,ARGGGQYFDY,IGHV1-69*01,ALWYSAHFISSNGLLY,IGLV2*02,IGLJ4*01|IGLJ5*01,Tree.Grp24.png
25,1,1,ARGWGQYFDY,IGHV1-69*01,ALWYSAHFMSSNDLLY,IGLV2*02,IGLJ4*01|IGLJ5*01,Tree.Grp25.png
26,1,1,AFSRSNEGYFDV,IGHV1-61*01,GQGYSYLLYT,IGKV6-29*01,IGKJ2*03,Tree.Grp26.png
27,2,2,AFSRSKEGYFDV,IGHV1-61*01,GQGYSYLLYT,IGKV6-29*01,IGKJ2*03,Tree.Grp27.png
28,2,2,AFSRCKEGYFGV,IGHV1-61*01,GQGYSYLPYT,IGKV6-29*01,IGKJ2*03,Tree.Grp28.png
29,2,2,AFSRIKEGYFDV,IGHV1-61*01,GQASSYLLYM,IGKV6-29*01,IGKJ2*03,Tree.Grp29.png
30,1,1,AFSRCKEGYLGV,IGHV1-61*01,GQGYSYLPYT,IGKV6-29*01,IGKJ2*03,Tree.Grp30.png
31,1,1,AFSRCKEGYLGV,IGHV1-61*01,GQGYCYLPYT,IGKV6-29*01,IGKJ2*03,Tree.Grp31.png
32,2,2,ARGYYTYEYFDY,IGHV5-6*01|IGHV5-6-1*01,QQLYSTPPAT,IGKV6-25*01,IGKJ1*02,Tree.Grp32.png
33,1,1,ARSYYSYEYFDY,IGHV5-6-1*01,QQHYSTPPAS,IGKV6-25*01,IGKJ1*02,Tree.Grp33.png
34,1,1,ARSYYSYEYFDY,IGHV5-6-1*01,QQHYSTPPAT,IGKV6-25*01,IGKJ1*02,Tree.Grp34.png
35,1,1,ARSYYSYECFDY,IGHV5-6-1*01,QQHYSTPPTT,IGKV6-25*01,IGKJ1*02,Tree.Grp35.png
36,1,1,ARSYYSYECFDY,IGHV5-6-1*01,QQHHSTPPTR,IGKV6-25*01,IGKJ1*02,Tree.Grp36.png
37,2,2,ARGYYTYEYFDY,IGHV5-6-1*01,QQLYSTPPAT,IGKV6-25*01,IGKJ1*02,Tree.Grp37.png
38,1,1,ARSYYSYEYFDY,IGHV5-6-1*01,QQHYSTPPAT,IGKV6-25*01,IGKJ1*02,Tree.Grp38.png
39,1,1,ARIPRGYYAMDY,IGHV1-72*04,QNGHSFPPGELT,IGKV5-39*01,IGKJ5*01,Tree.Grp39.png
40,1,1,ARIPKGYFAMDY,IGHV1-72*04,QYGHSFPPGELT,IGKV5-39*01,IGKJ5*01,Tree.Grp40.png
41,1,1,ARIPGGYFAMDY,IGHV1-72*04,QYGHSFPPGELA,IGKV5-39*01,IGKJ5*01,Tree.Grp41.png
42,2,2,ARIPRGYYTMDY,IGHV1-72*04,QNGHSFPPGELT,IGKV5-39*01,IGKJ5*01,Tree.Grp42.png
43,2,2,ARVPRGYYTVDY,IGHV1-72*04,QNGHSFPTGELT,IGKV5-39*01,IGKJ5*01,Tree.Grp43.png
44,2,2,ARTAKGYFAMDY,IGHV1-72*04,QYGHSFPPGELT,IGKV5-39*01,IGKJ5*01,Tree.Grp44.png
45,2,2,AKPSLCSATTSPPYFDY,IGHV2-6-6*01,LQRNAYPPT,IGKV9-123*01,IGKJ2*01,Tree.Grp45.png
46,3,3,AKPRLCSATTSPPYFDY,IGHV2-6-6*01,LQRNAYPPT,IGKV9-123*01,IGKJ2*01,Tree.Grp46.png
47,1,1,AKPRLCSARTSPPYFDY,IGHV2-6-6*01,LQRNAYPPT,IGKV9-123*01,IGKJ2*01,Tree.Grp47.png
48,2,2,AKPSLCSATTSPPYFDY,IGHV2-6-6*01,LQRNAYPPT,IGKV9-123*01,IGKJ2*01,Tree.Grp48.png
49,1,1,AKPRLYTATTFPSYFDY,IGHV2-6-6*01,LQRNAYPPT,IGKV9-123*01,IGKJ2*01,Tree.Grp49.png
